Caller Type,Caller Type Words,Caller Tag,Caller Tag Words,Caller Method,Caller Method Words,Caller Super Types,Calling Super Types Words,Called  Type,Called Type Words,Called  Tagged Type,Called Tagged Type Words,Called Method,Called Method Words
simulation.Main,main,Main,main,main,main,none,none,coupledsims.TwoCoupledHalloweenSimulations,coupled:halloween:simulations,coupledsims.TwoCoupledHalloweenSimulations,coupled:halloween:simulations,main,main
broadcast.CoupledServerSimulation,coupled:server:simulation,@@DistributedTags.SERVER_REMOTE_OBJECT+@DistributedTags.RMI+@DistributedTags.GIPC+@DistributedTags.SERVER_REMOTE_OBJECT+@DistributedTags.RMI+@DistributedTags.GIPC,distributed:tags:server:remote:object:distributed:tags:rmi:distributed:tags:distributed:tags:server:remote:object:distributed:tags:rmi:distributed:tags,trace,trace,AnAbstractSimulationParametersBean:@@DistributedTags.SERVER_REMOTE_INTERFACE+@DistributedTags.RMI+@DistributedTags.SERVER_REMOTE_INTERFACE+@DistributedTags.RMI:Remote:@@DistributedTags.SERVER_REMOTE_INTERFACE+@DistributedTags.GIPC+@DistributedTags.SERVER_REMOTE_INTERFACE+@DistributedTags.GIPC:SimulationParametersListener,an:abstract:simulation:parameters:bean:distributed:tags:server:remote:interface:distributed:tags:rmi:distributed:tags:server:remote:interface:distributed:tags:rmi:remote:distributed:tags:server:remote:interface:distributed:tags:distributed:tags:server:remote:interface:distributed:tags:simulation:parameters:listener,broadcast.CoupledServerSimulation,coupled:server:simulation,@@DistributedTags.SERVER_REMOTE_OBJECT+@DistributedTags.RMI+@DistributedTags.GIPC+@DistributedTags.SERVER_REMOTE_OBJECT+@DistributedTags.RMI+@DistributedTags.GIPC,distributed:tags:server:remote:object:distributed:tags:rmi:distributed:tags:distributed:tags:server:remote:object:distributed:tags:rmi:distributed:tags,trace,trace
broadcast.CoupledServerSimulation,coupled:server:simulation,@@DistributedTags.SERVER_REMOTE_OBJECT+@DistributedTags.RMI+@DistributedTags.GIPC+@DistributedTags.SERVER_REMOTE_OBJECT+@DistributedTags.RMI+@DistributedTags.GIPC,distributed:tags:server:remote:object:distributed:tags:rmi:distributed:tags:distributed:tags:server:remote:object:distributed:tags:rmi:distributed:tags,trace,trace,AnAbstractSimulationParametersBean:@@DistributedTags.SERVER_REMOTE_INTERFACE+@DistributedTags.RMI+@DistributedTags.SERVER_REMOTE_INTERFACE+@DistributedTags.RMI:Remote:@@DistributedTags.SERVER_REMOTE_INTERFACE+@DistributedTags.GIPC+@DistributedTags.SERVER_REMOTE_INTERFACE+@DistributedTags.GIPC:SimulationParametersListener,an:abstract:simulation:parameters:bean:distributed:tags:server:remote:interface:distributed:tags:rmi:distributed:tags:server:remote:interface:distributed:tags:rmi:remote:distributed:tags:server:remote:interface:distributed:tags:distributed:tags:server:remote:interface:distributed:tags:simulation:parameters:listener,util.trace.Tracer,tracer,util.trace.Tracer,tracer,showInfo,show:info
broadcast.CoupledServerSimulation,coupled:server:simulation,@@DistributedTags.SERVER_REMOTE_OBJECT+@DistributedTags.RMI+@DistributedTags.GIPC+@DistributedTags.SERVER_REMOTE_OBJECT+@DistributedTags.RMI+@DistributedTags.GIPC,distributed:tags:server:remote:object:distributed:tags:rmi:distributed:tags:distributed:tags:server:remote:object:distributed:tags:rmi:distributed:tags,trace,trace,AnAbstractSimulationParametersBean:@@DistributedTags.SERVER_REMOTE_INTERFACE+@DistributedTags.RMI+@DistributedTags.SERVER_REMOTE_INTERFACE+@DistributedTags.RMI:Remote:@@DistributedTags.SERVER_REMOTE_INTERFACE+@DistributedTags.GIPC+@DistributedTags.SERVER_REMOTE_INTERFACE+@DistributedTags.GIPC:SimulationParametersListener,an:abstract:simulation:parameters:bean:distributed:tags:server:remote:interface:distributed:tags:rmi:distributed:tags:server:remote:interface:distributed:tags:rmi:remote:distributed:tags:server:remote:interface:distributed:tags:distributed:tags:server:remote:interface:distributed:tags:simulation:parameters:listener,assignments.util.inputParameters.AnAbstractSimulationParametersBean,an:abstract:simulation:parameters:bean,assignments.util.inputParameters.AnAbstractSimulationParametersBean,an:abstract:simulation:parameters:bean,isTrace,is:trace
broadcast.CoupledServerSimulation,coupled:server:simulation,@@DistributedTags.SERVER_REMOTE_OBJECT+@DistributedTags.RMI+@DistributedTags.GIPC+@DistributedTags.SERVER_REMOTE_OBJECT+@DistributedTags.RMI+@DistributedTags.GIPC,distributed:tags:server:remote:object:distributed:tags:rmi:distributed:tags:distributed:tags:server:remote:object:distributed:tags:rmi:distributed:tags,setTracing,set:tracing,AnAbstractSimulationParametersBean:@@DistributedTags.SERVER_REMOTE_INTERFACE+@DistributedTags.RMI+@DistributedTags.SERVER_REMOTE_INTERFACE+@DistributedTags.RMI:Remote:@@DistributedTags.SERVER_REMOTE_INTERFACE+@DistributedTags.GIPC+@DistributedTags.SERVER_REMOTE_INTERFACE+@DistributedTags.GIPC:SimulationParametersListener,an:abstract:simulation:parameters:bean:distributed:tags:server:remote:interface:distributed:tags:rmi:distributed:tags:server:remote:interface:distributed:tags:rmi:remote:distributed:tags:server:remote:interface:distributed:tags:distributed:tags:server:remote:interface:distributed:tags:simulation:parameters:listener,util.trace.factories.FactoryTraceUtility,factory:trace:utility,util.trace.factories.FactoryTraceUtility,factory:trace:utility,setTracing,set:tracing
broadcast.CoupledServerSimulation,coupled:server:simulation,@@DistributedTags.SERVER_REMOTE_OBJECT+@DistributedTags.RMI+@DistributedTags.GIPC+@DistributedTags.SERVER_REMOTE_OBJECT+@DistributedTags.RMI+@DistributedTags.GIPC,distributed:tags:server:remote:object:distributed:tags:rmi:distributed:tags:distributed:tags:server:remote:object:distributed:tags:rmi:distributed:tags,setTracing,set:tracing,AnAbstractSimulationParametersBean:@@DistributedTags.SERVER_REMOTE_INTERFACE+@DistributedTags.RMI+@DistributedTags.SERVER_REMOTE_INTERFACE+@DistributedTags.RMI:Remote:@@DistributedTags.SERVER_REMOTE_INTERFACE+@DistributedTags.GIPC+@DistributedTags.SERVER_REMOTE_INTERFACE+@DistributedTags.GIPC:SimulationParametersListener,an:abstract:simulation:parameters:bean:distributed:tags:server:remote:interface:distributed:tags:rmi:distributed:tags:server:remote:interface:distributed:tags:rmi:remote:distributed:tags:server:remote:interface:distributed:tags:distributed:tags:server:remote:interface:distributed:tags:simulation:parameters:listener,util.trace.bean.BeanTraceUtility,bean:trace:utility,util.trace.bean.BeanTraceUtility,bean:trace:utility,setTracing,set:tracing
broadcast.CoupledServerSimulation,coupled:server:simulation,@@DistributedTags.SERVER_REMOTE_OBJECT+@DistributedTags.RMI+@DistributedTags.GIPC+@DistributedTags.SERVER_REMOTE_OBJECT+@DistributedTags.RMI+@DistributedTags.GIPC,distributed:tags:server:remote:object:distributed:tags:rmi:distributed:tags:distributed:tags:server:remote:object:distributed:tags:rmi:distributed:tags,setTracing,set:tracing,AnAbstractSimulationParametersBean:@@DistributedTags.SERVER_REMOTE_INTERFACE+@DistributedTags.RMI+@DistributedTags.SERVER_REMOTE_INTERFACE+@DistributedTags.RMI:Remote:@@DistributedTags.SERVER_REMOTE_INTERFACE+@DistributedTags.GIPC+@DistributedTags.SERVER_REMOTE_INTERFACE+@DistributedTags.GIPC:SimulationParametersListener,an:abstract:simulation:parameters:bean:distributed:tags:server:remote:interface:distributed:tags:rmi:distributed:tags:server:remote:interface:distributed:tags:rmi:remote:distributed:tags:server:remote:interface:distributed:tags:distributed:tags:server:remote:interface:distributed:tags:simulation:parameters:listener,util.trace.port.rpc.rmi.RMITraceUtility,rmi:trace:utility,util.trace.port.rpc.rmi.RMITraceUtility,rmi:trace:utility,setTracing,set:tracing
broadcast.CoupledServerSimulation,coupled:server:simulation,@@DistributedTags.SERVER_REMOTE_OBJECT+@DistributedTags.RMI+@DistributedTags.GIPC+@DistributedTags.SERVER_REMOTE_OBJECT+@DistributedTags.RMI+@DistributedTags.GIPC,distributed:tags:server:remote:object:distributed:tags:rmi:distributed:tags:distributed:tags:server:remote:object:distributed:tags:rmi:distributed:tags,setTracing,set:tracing,AnAbstractSimulationParametersBean:@@DistributedTags.SERVER_REMOTE_INTERFACE+@DistributedTags.RMI+@DistributedTags.SERVER_REMOTE_INTERFACE+@DistributedTags.RMI:Remote:@@DistributedTags.SERVER_REMOTE_INTERFACE+@DistributedTags.GIPC+@DistributedTags.SERVER_REMOTE_INTERFACE+@DistributedTags.GIPC:SimulationParametersListener,an:abstract:simulation:parameters:bean:distributed:tags:server:remote:interface:distributed:tags:rmi:distributed:tags:server:remote:interface:distributed:tags:rmi:remote:distributed:tags:server:remote:interface:distributed:tags:distributed:tags:server:remote:interface:distributed:tags:simulation:parameters:listener,util.trace.port.consensus.ConsensusTraceUtility,consensus:trace:utility,util.trace.port.consensus.ConsensusTraceUtility,consensus:trace:utility,setTracing,set:tracing
broadcast.CoupledServerSimulation,coupled:server:simulation,@@DistributedTags.SERVER_REMOTE_OBJECT+@DistributedTags.RMI+@DistributedTags.GIPC+@DistributedTags.SERVER_REMOTE_OBJECT+@DistributedTags.RMI+@DistributedTags.GIPC,distributed:tags:server:remote:object:distributed:tags:rmi:distributed:tags:distributed:tags:server:remote:object:distributed:tags:rmi:distributed:tags,setTracing,set:tracing,AnAbstractSimulationParametersBean:@@DistributedTags.SERVER_REMOTE_INTERFACE+@DistributedTags.RMI+@DistributedTags.SERVER_REMOTE_INTERFACE+@DistributedTags.RMI:Remote:@@DistributedTags.SERVER_REMOTE_INTERFACE+@DistributedTags.GIPC+@DistributedTags.SERVER_REMOTE_INTERFACE+@DistributedTags.GIPC:SimulationParametersListener,an:abstract:simulation:parameters:bean:distributed:tags:server:remote:interface:distributed:tags:rmi:distributed:tags:server:remote:interface:distributed:tags:rmi:remote:distributed:tags:server:remote:interface:distributed:tags:distributed:tags:server:remote:interface:distributed:tags:simulation:parameters:listener,util.trace.misc.ThreadDelayed,thread:delayed,util.trace.misc.ThreadDelayed,thread:delayed,enablePrint,enable:print
broadcast.CoupledServerSimulation,coupled:server:simulation,@@DistributedTags.SERVER_REMOTE_OBJECT+@DistributedTags.RMI+@DistributedTags.GIPC+@DistributedTags.SERVER_REMOTE_OBJECT+@DistributedTags.RMI+@DistributedTags.GIPC,distributed:tags:server:remote:object:distributed:tags:rmi:distributed:tags:distributed:tags:server:remote:object:distributed:tags:rmi:distributed:tags,setTracing,set:tracing,AnAbstractSimulationParametersBean:@@DistributedTags.SERVER_REMOTE_INTERFACE+@DistributedTags.RMI+@DistributedTags.SERVER_REMOTE_INTERFACE+@DistributedTags.RMI:Remote:@@DistributedTags.SERVER_REMOTE_INTERFACE+@DistributedTags.GIPC+@DistributedTags.SERVER_REMOTE_INTERFACE+@DistributedTags.GIPC:SimulationParametersListener,an:abstract:simulation:parameters:bean:distributed:tags:server:remote:interface:distributed:tags:rmi:distributed:tags:server:remote:interface:distributed:tags:rmi:remote:distributed:tags:server:remote:interface:distributed:tags:distributed:tags:server:remote:interface:distributed:tags:simulation:parameters:listener,util.trace.port.rpc.gipc.GIPCRPCTraceUtility,trace:utility,util.trace.port.rpc.gipc.GIPCRPCTraceUtility,trace:utility,setTracing,set:tracing
broadcast.CoupledServerSimulation,coupled:server:simulation,@@DistributedTags.SERVER_REMOTE_OBJECT+@DistributedTags.RMI+@DistributedTags.GIPC+@DistributedTags.SERVER_REMOTE_OBJECT+@DistributedTags.RMI+@DistributedTags.GIPC,distributed:tags:server:remote:object:distributed:tags:rmi:distributed:tags:distributed:tags:server:remote:object:distributed:tags:rmi:distributed:tags,setTracing,set:tracing,AnAbstractSimulationParametersBean:@@DistributedTags.SERVER_REMOTE_INTERFACE+@DistributedTags.RMI+@DistributedTags.SERVER_REMOTE_INTERFACE+@DistributedTags.RMI:Remote:@@DistributedTags.SERVER_REMOTE_INTERFACE+@DistributedTags.GIPC+@DistributedTags.SERVER_REMOTE_INTERFACE+@DistributedTags.GIPC:SimulationParametersListener,an:abstract:simulation:parameters:bean:distributed:tags:server:remote:interface:distributed:tags:rmi:distributed:tags:server:remote:interface:distributed:tags:rmi:remote:distributed:tags:server:remote:interface:distributed:tags:distributed:tags:server:remote:interface:distributed:tags:simulation:parameters:listener,util.trace.port.nio.NIOTraceUtility,nio:trace:utility,util.trace.port.nio.NIOTraceUtility,nio:trace:utility,setTracing,set:tracing
broadcast.CoupledServerSimulation,coupled:server:simulation,@@DistributedTags.SERVER_REMOTE_OBJECT+@DistributedTags.RMI+@DistributedTags.GIPC+@DistributedTags.SERVER_REMOTE_OBJECT+@DistributedTags.RMI+@DistributedTags.GIPC,distributed:tags:server:remote:object:distributed:tags:rmi:distributed:tags:distributed:tags:server:remote:object:distributed:tags:rmi:distributed:tags,setTracing,set:tracing,AnAbstractSimulationParametersBean:@@DistributedTags.SERVER_REMOTE_INTERFACE+@DistributedTags.RMI+@DistributedTags.SERVER_REMOTE_INTERFACE+@DistributedTags.RMI:Remote:@@DistributedTags.SERVER_REMOTE_INTERFACE+@DistributedTags.GIPC+@DistributedTags.SERVER_REMOTE_INTERFACE+@DistributedTags.GIPC:SimulationParametersListener,an:abstract:simulation:parameters:bean:distributed:tags:server:remote:interface:distributed:tags:rmi:distributed:tags:server:remote:interface:distributed:tags:rmi:remote:distributed:tags:server:remote:interface:distributed:tags:distributed:tags:server:remote:interface:distributed:tags:simulation:parameters:listener,util.trace.port.PortTraceUtility,port:trace:utility,util.trace.port.PortTraceUtility,port:trace:utility,setTracing,set:tracing
broadcast.CoupledServerSimulation,coupled:server:simulation,@@DistributedTags.SERVER_REMOTE_OBJECT+@DistributedTags.RMI+@DistributedTags.GIPC+@DistributedTags.SERVER_REMOTE_OBJECT+@DistributedTags.RMI+@DistributedTags.GIPC,distributed:tags:server:remote:object:distributed:tags:rmi:distributed:tags:distributed:tags:server:remote:object:distributed:tags:rmi:distributed:tags,setTracing,set:tracing,AnAbstractSimulationParametersBean:@@DistributedTags.SERVER_REMOTE_INTERFACE+@DistributedTags.RMI+@DistributedTags.SERVER_REMOTE_INTERFACE+@DistributedTags.RMI:Remote:@@DistributedTags.SERVER_REMOTE_INTERFACE+@DistributedTags.GIPC+@DistributedTags.SERVER_REMOTE_INTERFACE+@DistributedTags.GIPC:SimulationParametersListener,an:abstract:simulation:parameters:bean:distributed:tags:server:remote:interface:distributed:tags:rmi:distributed:tags:server:remote:interface:distributed:tags:rmi:remote:distributed:tags:server:remote:interface:distributed:tags:distributed:tags:server:remote:interface:distributed:tags:simulation:parameters:listener,System,system,java.lang.System,system,setProperty,set:property
broadcast.CoupledServerSimulation,coupled:server:simulation,@@DistributedTags.SERVER_REMOTE_OBJECT+@DistributedTags.RMI+@DistributedTags.GIPC+@DistributedTags.SERVER_REMOTE_OBJECT+@DistributedTags.RMI+@DistributedTags.GIPC,distributed:tags:server:remote:object:distributed:tags:rmi:distributed:tags:distributed:tags:server:remote:object:distributed:tags:rmi:distributed:tags,setTracing,set:tracing,AnAbstractSimulationParametersBean:@@DistributedTags.SERVER_REMOTE_INTERFACE+@DistributedTags.RMI+@DistributedTags.SERVER_REMOTE_INTERFACE+@DistributedTags.RMI:Remote:@@DistributedTags.SERVER_REMOTE_INTERFACE+@DistributedTags.GIPC+@DistributedTags.SERVER_REMOTE_INTERFACE+@DistributedTags.GIPC:SimulationParametersListener,an:abstract:simulation:parameters:bean:distributed:tags:server:remote:interface:distributed:tags:rmi:distributed:tags:server:remote:interface:distributed:tags:rmi:remote:distributed:tags:server:remote:interface:distributed:tags:distributed:tags:server:remote:interface:distributed:tags:simulation:parameters:listener,System,system,java.lang.System,system,setProperty,set:property
broadcast.CoupledServerSimulation,coupled:server:simulation,@@DistributedTags.SERVER_REMOTE_OBJECT+@DistributedTags.RMI+@DistributedTags.GIPC+@DistributedTags.SERVER_REMOTE_OBJECT+@DistributedTags.RMI+@DistributedTags.GIPC,distributed:tags:server:remote:object:distributed:tags:rmi:distributed:tags:distributed:tags:server:remote:object:distributed:tags:rmi:distributed:tags,setTracing,set:tracing,AnAbstractSimulationParametersBean:@@DistributedTags.SERVER_REMOTE_INTERFACE+@DistributedTags.RMI+@DistributedTags.SERVER_REMOTE_INTERFACE+@DistributedTags.RMI:Remote:@@DistributedTags.SERVER_REMOTE_INTERFACE+@DistributedTags.GIPC+@DistributedTags.SERVER_REMOTE_INTERFACE+@DistributedTags.GIPC:SimulationParametersListener,an:abstract:simulation:parameters:bean:distributed:tags:server:remote:interface:distributed:tags:rmi:distributed:tags:server:remote:interface:distributed:tags:rmi:remote:distributed:tags:server:remote:interface:distributed:tags:distributed:tags:server:remote:interface:distributed:tags:simulation:parameters:listener,broadcast.CoupledServerSimulation,coupled:server:simulation,@@DistributedTags.SERVER_REMOTE_OBJECT+@DistributedTags.RMI+@DistributedTags.GIPC+@DistributedTags.SERVER_REMOTE_OBJECT+@DistributedTags.RMI+@DistributedTags.GIPC,distributed:tags:server:remote:object:distributed:tags:rmi:distributed:tags:distributed:tags:server:remote:object:distributed:tags:rmi:distributed:tags,trace,trace
broadcast.CoupledServerSimulation,coupled:server:simulation,@@DistributedTags.SERVER_REMOTE_OBJECT+@DistributedTags.RMI+@DistributedTags.GIPC+@DistributedTags.SERVER_REMOTE_OBJECT+@DistributedTags.RMI+@DistributedTags.GIPC,distributed:tags:server:remote:object:distributed:tags:rmi:distributed:tags:distributed:tags:server:remote:object:distributed:tags:rmi:distributed:tags,quit,quit,AnAbstractSimulationParametersBean:@@DistributedTags.SERVER_REMOTE_INTERFACE+@DistributedTags.RMI+@DistributedTags.SERVER_REMOTE_INTERFACE+@DistributedTags.RMI:Remote:@@DistributedTags.SERVER_REMOTE_INTERFACE+@DistributedTags.GIPC+@DistributedTags.SERVER_REMOTE_INTERFACE+@DistributedTags.GIPC:SimulationParametersListener,an:abstract:simulation:parameters:bean:distributed:tags:server:remote:interface:distributed:tags:rmi:distributed:tags:server:remote:interface:distributed:tags:rmi:remote:distributed:tags:server:remote:interface:distributed:tags:distributed:tags:server:remote:interface:distributed:tags:simulation:parameters:listener,System,system,java.lang.System,system,exit,exit
broadcast.CoupledServerSimulation,coupled:server:simulation,@@DistributedTags.SERVER_REMOTE_OBJECT+@DistributedTags.RMI+@DistributedTags.GIPC+@DistributedTags.SERVER_REMOTE_OBJECT+@DistributedTags.RMI+@DistributedTags.GIPC,distributed:tags:server:remote:object:distributed:tags:rmi:distributed:tags:distributed:tags:server:remote:object:distributed:tags:rmi:distributed:tags,registerClient,register:client,AnAbstractSimulationParametersBean:@@DistributedTags.SERVER_REMOTE_INTERFACE+@DistributedTags.RMI+@DistributedTags.SERVER_REMOTE_INTERFACE+@DistributedTags.RMI:Remote:@@DistributedTags.SERVER_REMOTE_INTERFACE+@DistributedTags.GIPC+@DistributedTags.SERVER_REMOTE_INTERFACE+@DistributedTags.GIPC:SimulationParametersListener,an:abstract:simulation:parameters:bean:distributed:tags:server:remote:interface:distributed:tags:rmi:distributed:tags:server:remote:interface:distributed:tags:rmi:remote:distributed:tags:server:remote:interface:distributed:tags:distributed:tags:server:remote:interface:distributed:tags:simulation:parameters:listener,broadcast.ServerConfigurer,server,@@DistributedTags.SERVER_CONFIGURER+@DistributedTags.RMI+@DistributedTags.GIPC+@DistributedTags.SERVER_CONFIGURER+@DistributedTags.RMI+@DistributedTags.GIPC+@DistributedTags.NIO,distributed:tags:server:distributed:tags:rmi:distributed:tags:distributed:tags:server:distributed:tags:rmi:distributed:tags:distributed:tags:nio,addClient,add:client
broadcast.CoupledServerSimulation,coupled:server:simulation,@@DistributedTags.SERVER_REMOTE_OBJECT+@DistributedTags.RMI+@DistributedTags.GIPC+@DistributedTags.SERVER_REMOTE_OBJECT+@DistributedTags.RMI+@DistributedTags.GIPC,distributed:tags:server:remote:object:distributed:tags:rmi:distributed:tags:distributed:tags:server:remote:object:distributed:tags:rmi:distributed:tags,registerClientGIPC,register:client,AnAbstractSimulationParametersBean:@@DistributedTags.SERVER_REMOTE_INTERFACE+@DistributedTags.RMI+@DistributedTags.SERVER_REMOTE_INTERFACE+@DistributedTags.RMI:Remote:@@DistributedTags.SERVER_REMOTE_INTERFACE+@DistributedTags.GIPC+@DistributedTags.SERVER_REMOTE_INTERFACE+@DistributedTags.GIPC:SimulationParametersListener,an:abstract:simulation:parameters:bean:distributed:tags:server:remote:interface:distributed:tags:rmi:distributed:tags:server:remote:interface:distributed:tags:rmi:remote:distributed:tags:server:remote:interface:distributed:tags:distributed:tags:server:remote:interface:distributed:tags:simulation:parameters:listener,broadcast.ServerConfigurer,server,@@DistributedTags.SERVER_CONFIGURER+@DistributedTags.RMI+@DistributedTags.GIPC+@DistributedTags.SERVER_CONFIGURER+@DistributedTags.RMI+@DistributedTags.GIPC+@DistributedTags.NIO,distributed:tags:server:distributed:tags:rmi:distributed:tags:distributed:tags:server:distributed:tags:rmi:distributed:tags:distributed:tags:nio,addClientGIPC,add:client
broadcast.CoupledServerSimulation,coupled:server:simulation,@@DistributedTags.SERVER_REMOTE_OBJECT+@DistributedTags.RMI+@DistributedTags.GIPC+@DistributedTags.SERVER_REMOTE_OBJECT+@DistributedTags.RMI+@DistributedTags.GIPC,distributed:tags:server:remote:object:distributed:tags:rmi:distributed:tags:distributed:tags:server:remote:object:distributed:tags:rmi:distributed:tags,alterIpc,alter,AnAbstractSimulationParametersBean:@@DistributedTags.SERVER_REMOTE_INTERFACE+@DistributedTags.RMI+@DistributedTags.SERVER_REMOTE_INTERFACE+@DistributedTags.RMI:Remote:@@DistributedTags.SERVER_REMOTE_INTERFACE+@DistributedTags.GIPC+@DistributedTags.SERVER_REMOTE_INTERFACE+@DistributedTags.GIPC:SimulationParametersListener,an:abstract:simulation:parameters:bean:distributed:tags:server:remote:interface:distributed:tags:rmi:distributed:tags:server:remote:interface:distributed:tags:rmi:remote:distributed:tags:server:remote:interface:distributed:tags:distributed:tags:server:remote:interface:distributed:tags:simulation:parameters:listener,util.trace.port.consensus.RemoteProposeRequestReceived,remote:propose:request:received,util.trace.port.consensus.RemoteProposeRequestReceived,remote:propose:request:received,newCase,new:case
broadcast.CoupledServerSimulation,coupled:server:simulation,@@DistributedTags.SERVER_REMOTE_OBJECT+@DistributedTags.RMI+@DistributedTags.GIPC+@DistributedTags.SERVER_REMOTE_OBJECT+@DistributedTags.RMI+@DistributedTags.GIPC,distributed:tags:server:remote:object:distributed:tags:rmi:distributed:tags:distributed:tags:server:remote:object:distributed:tags:rmi:distributed:tags,alterIpc,alter,AnAbstractSimulationParametersBean:@@DistributedTags.SERVER_REMOTE_INTERFACE+@DistributedTags.RMI+@DistributedTags.SERVER_REMOTE_INTERFACE+@DistributedTags.RMI:Remote:@@DistributedTags.SERVER_REMOTE_INTERFACE+@DistributedTags.GIPC+@DistributedTags.SERVER_REMOTE_INTERFACE+@DistributedTags.GIPC:SimulationParametersListener,an:abstract:simulation:parameters:bean:distributed:tags:server:remote:interface:distributed:tags:rmi:distributed:tags:server:remote:interface:distributed:tags:rmi:remote:distributed:tags:server:remote:interface:distributed:tags:distributed:tags:server:remote:interface:distributed:tags:simulation:parameters:listener,util.trace.port.consensus.ProposalLearnedNotificationSent,proposal:learned:notification:sent,util.trace.port.consensus.ProposalLearnedNotificationSent,proposal:learned:notification:sent,newCase,new:case
broadcast.CoupledServerSimulation,coupled:server:simulation,@@DistributedTags.SERVER_REMOTE_OBJECT+@DistributedTags.RMI+@DistributedTags.GIPC+@DistributedTags.SERVER_REMOTE_OBJECT+@DistributedTags.RMI+@DistributedTags.GIPC,distributed:tags:server:remote:object:distributed:tags:rmi:distributed:tags:distributed:tags:server:remote:object:distributed:tags:rmi:distributed:tags,alterIpc,alter,AnAbstractSimulationParametersBean:@@DistributedTags.SERVER_REMOTE_INTERFACE+@DistributedTags.RMI+@DistributedTags.SERVER_REMOTE_INTERFACE+@DistributedTags.RMI:Remote:@@DistributedTags.SERVER_REMOTE_INTERFACE+@DistributedTags.GIPC+@DistributedTags.SERVER_REMOTE_INTERFACE+@DistributedTags.GIPC:SimulationParametersListener,an:abstract:simulation:parameters:bean:distributed:tags:server:remote:interface:distributed:tags:rmi:distributed:tags:server:remote:interface:distributed:tags:rmi:remote:distributed:tags:server:remote:interface:distributed:tags:distributed:tags:server:remote:interface:distributed:tags:simulation:parameters:listener,broadcast.ServerConfigurer,server,@@DistributedTags.SERVER_CONFIGURER+@DistributedTags.RMI+@DistributedTags.GIPC+@DistributedTags.SERVER_CONFIGURER+@DistributedTags.RMI+@DistributedTags.GIPC+@DistributedTags.NIO,distributed:tags:server:distributed:tags:rmi:distributed:tags:distributed:tags:server:distributed:tags:rmi:distributed:tags:distributed:tags:nio,getClients,get:clients
broadcast.CoupledServerSimulation,coupled:server:simulation,@@DistributedTags.SERVER_REMOTE_OBJECT+@DistributedTags.RMI+@DistributedTags.GIPC+@DistributedTags.SERVER_REMOTE_OBJECT+@DistributedTags.RMI+@DistributedTags.GIPC,distributed:tags:server:remote:object:distributed:tags:rmi:distributed:tags:distributed:tags:server:remote:object:distributed:tags:rmi:distributed:tags,alterIpc,alter,AnAbstractSimulationParametersBean:@@DistributedTags.SERVER_REMOTE_INTERFACE+@DistributedTags.RMI+@DistributedTags.SERVER_REMOTE_INTERFACE+@DistributedTags.RMI:Remote:@@DistributedTags.SERVER_REMOTE_INTERFACE+@DistributedTags.GIPC+@DistributedTags.SERVER_REMOTE_INTERFACE+@DistributedTags.GIPC:SimulationParametersListener,an:abstract:simulation:parameters:bean:distributed:tags:server:remote:interface:distributed:tags:rmi:distributed:tags:server:remote:interface:distributed:tags:rmi:remote:distributed:tags:server:remote:interface:distributed:tags:distributed:tags:server:remote:interface:distributed:tags:simulation:parameters:listener,client.ICoupledClientSimulation,i:coupled:client:simulation,@@DistributedTags.CLIENT_REMOTE_INTERFACE+@DistributedTags.RMI+@DistributedTags.CLIENT_REMOTE_INTERFACE+@DistributedTags.RMI,distributed:tags:client:remote:interface:distributed:tags:rmi:distributed:tags:client:remote:interface:distributed:tags:rmi,equals,equals
broadcast.CoupledServerSimulation,coupled:server:simulation,@@DistributedTags.SERVER_REMOTE_OBJECT+@DistributedTags.RMI+@DistributedTags.GIPC+@DistributedTags.SERVER_REMOTE_OBJECT+@DistributedTags.RMI+@DistributedTags.GIPC,distributed:tags:server:remote:object:distributed:tags:rmi:distributed:tags:distributed:tags:server:remote:object:distributed:tags:rmi:distributed:tags,alterIpc,alter,AnAbstractSimulationParametersBean:@@DistributedTags.SERVER_REMOTE_INTERFACE+@DistributedTags.RMI+@DistributedTags.SERVER_REMOTE_INTERFACE+@DistributedTags.RMI:Remote:@@DistributedTags.SERVER_REMOTE_INTERFACE+@DistributedTags.GIPC+@DistributedTags.SERVER_REMOTE_INTERFACE+@DistributedTags.GIPC:SimulationParametersListener,an:abstract:simulation:parameters:bean:distributed:tags:server:remote:interface:distributed:tags:rmi:distributed:tags:server:remote:interface:distributed:tags:rmi:remote:distributed:tags:server:remote:interface:distributed:tags:distributed:tags:server:remote:interface:distributed:tags:simulation:parameters:listener,client.ICoupledClientSimulation,i:coupled:client:simulation,@@DistributedTags.CLIENT_REMOTE_INTERFACE+@DistributedTags.RMI+@DistributedTags.CLIENT_REMOTE_INTERFACE+@DistributedTags.RMI,distributed:tags:client:remote:interface:distributed:tags:rmi:distributed:tags:client:remote:interface:distributed:tags:rmi,getClientName,get:client:name
broadcast.CoupledServerSimulation,coupled:server:simulation,@@DistributedTags.SERVER_REMOTE_OBJECT+@DistributedTags.RMI+@DistributedTags.GIPC+@DistributedTags.SERVER_REMOTE_OBJECT+@DistributedTags.RMI+@DistributedTags.GIPC,distributed:tags:server:remote:object:distributed:tags:rmi:distributed:tags:distributed:tags:server:remote:object:distributed:tags:rmi:distributed:tags,alterIpc,alter,AnAbstractSimulationParametersBean:@@DistributedTags.SERVER_REMOTE_INTERFACE+@DistributedTags.RMI+@DistributedTags.SERVER_REMOTE_INTERFACE+@DistributedTags.RMI:Remote:@@DistributedTags.SERVER_REMOTE_INTERFACE+@DistributedTags.GIPC+@DistributedTags.SERVER_REMOTE_INTERFACE+@DistributedTags.GIPC:SimulationParametersListener,an:abstract:simulation:parameters:bean:distributed:tags:server:remote:interface:distributed:tags:rmi:distributed:tags:server:remote:interface:distributed:tags:rmi:remote:distributed:tags:server:remote:interface:distributed:tags:distributed:tags:server:remote:interface:distributed:tags:simulation:parameters:listener,client.ICoupledClientSimulation,i:coupled:client:simulation,@@DistributedTags.CLIENT_REMOTE_INTERFACE+@DistributedTags.RMI+@DistributedTags.CLIENT_REMOTE_INTERFACE+@DistributedTags.RMI,distributed:tags:client:remote:interface:distributed:tags:rmi:distributed:tags:client:remote:interface:distributed:tags:rmi,notifyIPCUpdate,notify:update
broadcast.CoupledServerSimulation,coupled:server:simulation,@@DistributedTags.SERVER_REMOTE_OBJECT+@DistributedTags.RMI+@DistributedTags.GIPC+@DistributedTags.SERVER_REMOTE_OBJECT+@DistributedTags.RMI+@DistributedTags.GIPC,distributed:tags:server:remote:object:distributed:tags:rmi:distributed:tags:distributed:tags:server:remote:object:distributed:tags:rmi:distributed:tags,alterIpc,alter,AnAbstractSimulationParametersBean:@@DistributedTags.SERVER_REMOTE_INTERFACE+@DistributedTags.RMI+@DistributedTags.SERVER_REMOTE_INTERFACE+@DistributedTags.RMI:Remote:@@DistributedTags.SERVER_REMOTE_INTERFACE+@DistributedTags.GIPC+@DistributedTags.SERVER_REMOTE_INTERFACE+@DistributedTags.GIPC:SimulationParametersListener,an:abstract:simulation:parameters:bean:distributed:tags:server:remote:interface:distributed:tags:rmi:distributed:tags:server:remote:interface:distributed:tags:rmi:remote:distributed:tags:server:remote:interface:distributed:tags:distributed:tags:server:remote:interface:distributed:tags:simulation:parameters:listener,java.rmi.RemoteException,remote:exception,java.rmi.RemoteException,remote:exception,printStackTrace,print:stack:trace
broadcast.CoupledServerSimulation,coupled:server:simulation,@@DistributedTags.SERVER_REMOTE_OBJECT+@DistributedTags.RMI+@DistributedTags.GIPC+@DistributedTags.SERVER_REMOTE_OBJECT+@DistributedTags.RMI+@DistributedTags.GIPC,distributed:tags:server:remote:object:distributed:tags:rmi:distributed:tags:distributed:tags:server:remote:object:distributed:tags:rmi:distributed:tags,alterIpc,alter,AnAbstractSimulationParametersBean:@@DistributedTags.SERVER_REMOTE_INTERFACE+@DistributedTags.RMI+@DistributedTags.SERVER_REMOTE_INTERFACE+@DistributedTags.RMI:Remote:@@DistributedTags.SERVER_REMOTE_INTERFACE+@DistributedTags.GIPC+@DistributedTags.SERVER_REMOTE_INTERFACE+@DistributedTags.GIPC:SimulationParametersListener,an:abstract:simulation:parameters:bean:distributed:tags:server:remote:interface:distributed:tags:rmi:distributed:tags:server:remote:interface:distributed:tags:rmi:remote:distributed:tags:server:remote:interface:distributed:tags:distributed:tags:server:remote:interface:distributed:tags:simulation:parameters:listener,util.trace.port.consensus.ProposedStateSet,proposed:state:set,util.trace.port.consensus.ProposedStateSet,proposed:state:set,newCase,new:case
broadcast.CoupledServerSimulation,coupled:server:simulation,@@DistributedTags.SERVER_REMOTE_OBJECT+@DistributedTags.RMI+@DistributedTags.GIPC+@DistributedTags.SERVER_REMOTE_OBJECT+@DistributedTags.RMI+@DistributedTags.GIPC,distributed:tags:server:remote:object:distributed:tags:rmi:distributed:tags:distributed:tags:server:remote:object:distributed:tags:rmi:distributed:tags,alterIpc,alter,AnAbstractSimulationParametersBean:@@DistributedTags.SERVER_REMOTE_INTERFACE+@DistributedTags.RMI+@DistributedTags.SERVER_REMOTE_INTERFACE+@DistributedTags.RMI:Remote:@@DistributedTags.SERVER_REMOTE_INTERFACE+@DistributedTags.GIPC+@DistributedTags.SERVER_REMOTE_INTERFACE+@DistributedTags.GIPC:SimulationParametersListener,an:abstract:simulation:parameters:bean:distributed:tags:server:remote:interface:distributed:tags:rmi:distributed:tags:server:remote:interface:distributed:tags:rmi:remote:distributed:tags:server:remote:interface:distributed:tags:distributed:tags:server:remote:interface:distributed:tags:simulation:parameters:listener,assignments.util.inputParameters.AnAbstractSimulationParametersBean,an:abstract:simulation:parameters:bean,assignments.util.inputParameters.AnAbstractSimulationParametersBean,an:abstract:simulation:parameters:bean,setIPCMechanism,set:mechanism
broadcast.CoupledServerSimulation,coupled:server:simulation,@@DistributedTags.SERVER_REMOTE_OBJECT+@DistributedTags.RMI+@DistributedTags.GIPC+@DistributedTags.SERVER_REMOTE_OBJECT+@DistributedTags.RMI+@DistributedTags.GIPC,distributed:tags:server:remote:object:distributed:tags:rmi:distributed:tags:distributed:tags:server:remote:object:distributed:tags:rmi:distributed:tags,broadcast,broadcast,AnAbstractSimulationParametersBean:@@DistributedTags.SERVER_REMOTE_INTERFACE+@DistributedTags.RMI+@DistributedTags.SERVER_REMOTE_INTERFACE+@DistributedTags.RMI:Remote:@@DistributedTags.SERVER_REMOTE_INTERFACE+@DistributedTags.GIPC+@DistributedTags.SERVER_REMOTE_INTERFACE+@DistributedTags.GIPC:SimulationParametersListener,an:abstract:simulation:parameters:bean:distributed:tags:server:remote:interface:distributed:tags:rmi:distributed:tags:server:remote:interface:distributed:tags:rmi:remote:distributed:tags:server:remote:interface:distributed:tags:distributed:tags:server:remote:interface:distributed:tags:simulation:parameters:listener,util.trace.port.consensus.RemoteProposeRequestReceived,remote:propose:request:received,util.trace.port.consensus.RemoteProposeRequestReceived,remote:propose:request:received,newCase,new:case
broadcast.CoupledServerSimulation,coupled:server:simulation,@@DistributedTags.SERVER_REMOTE_OBJECT+@DistributedTags.RMI+@DistributedTags.GIPC+@DistributedTags.SERVER_REMOTE_OBJECT+@DistributedTags.RMI+@DistributedTags.GIPC,distributed:tags:server:remote:object:distributed:tags:rmi:distributed:tags:distributed:tags:server:remote:object:distributed:tags:rmi:distributed:tags,broadcast,broadcast,AnAbstractSimulationParametersBean:@@DistributedTags.SERVER_REMOTE_INTERFACE+@DistributedTags.RMI+@DistributedTags.SERVER_REMOTE_INTERFACE+@DistributedTags.RMI:Remote:@@DistributedTags.SERVER_REMOTE_INTERFACE+@DistributedTags.GIPC+@DistributedTags.SERVER_REMOTE_INTERFACE+@DistributedTags.GIPC:SimulationParametersListener,an:abstract:simulation:parameters:bean:distributed:tags:server:remote:interface:distributed:tags:rmi:distributed:tags:server:remote:interface:distributed:tags:rmi:remote:distributed:tags:server:remote:interface:distributed:tags:distributed:tags:server:remote:interface:distributed:tags:simulation:parameters:listener,util.trace.port.consensus.ProposalLearnedNotificationSent,proposal:learned:notification:sent,util.trace.port.consensus.ProposalLearnedNotificationSent,proposal:learned:notification:sent,newCase,new:case
broadcast.CoupledServerSimulation,coupled:server:simulation,@@DistributedTags.SERVER_REMOTE_OBJECT+@DistributedTags.RMI+@DistributedTags.GIPC+@DistributedTags.SERVER_REMOTE_OBJECT+@DistributedTags.RMI+@DistributedTags.GIPC,distributed:tags:server:remote:object:distributed:tags:rmi:distributed:tags:distributed:tags:server:remote:object:distributed:tags:rmi:distributed:tags,broadcast,broadcast,AnAbstractSimulationParametersBean:@@DistributedTags.SERVER_REMOTE_INTERFACE+@DistributedTags.RMI+@DistributedTags.SERVER_REMOTE_INTERFACE+@DistributedTags.RMI:Remote:@@DistributedTags.SERVER_REMOTE_INTERFACE+@DistributedTags.GIPC+@DistributedTags.SERVER_REMOTE_INTERFACE+@DistributedTags.GIPC:SimulationParametersListener,an:abstract:simulation:parameters:bean:distributed:tags:server:remote:interface:distributed:tags:rmi:distributed:tags:server:remote:interface:distributed:tags:rmi:remote:distributed:tags:server:remote:interface:distributed:tags:distributed:tags:server:remote:interface:distributed:tags:simulation:parameters:listener,broadcast.ServerConfigurer,server,@@DistributedTags.SERVER_CONFIGURER+@DistributedTags.RMI+@DistributedTags.GIPC+@DistributedTags.SERVER_CONFIGURER+@DistributedTags.RMI+@DistributedTags.GIPC+@DistributedTags.NIO,distributed:tags:server:distributed:tags:rmi:distributed:tags:distributed:tags:server:distributed:tags:rmi:distributed:tags:distributed:tags:nio,getClients,get:clients
broadcast.CoupledServerSimulation,coupled:server:simulation,@@DistributedTags.SERVER_REMOTE_OBJECT+@DistributedTags.RMI+@DistributedTags.GIPC+@DistributedTags.SERVER_REMOTE_OBJECT+@DistributedTags.RMI+@DistributedTags.GIPC,distributed:tags:server:remote:object:distributed:tags:rmi:distributed:tags:distributed:tags:server:remote:object:distributed:tags:rmi:distributed:tags,broadcast,broadcast,AnAbstractSimulationParametersBean:@@DistributedTags.SERVER_REMOTE_INTERFACE+@DistributedTags.RMI+@DistributedTags.SERVER_REMOTE_INTERFACE+@DistributedTags.RMI:Remote:@@DistributedTags.SERVER_REMOTE_INTERFACE+@DistributedTags.GIPC+@DistributedTags.SERVER_REMOTE_INTERFACE+@DistributedTags.GIPC:SimulationParametersListener,an:abstract:simulation:parameters:bean:distributed:tags:server:remote:interface:distributed:tags:rmi:distributed:tags:server:remote:interface:distributed:tags:rmi:remote:distributed:tags:server:remote:interface:distributed:tags:distributed:tags:server:remote:interface:distributed:tags:simulation:parameters:listener,client.ICoupledClientSimulation,i:coupled:client:simulation,@@DistributedTags.CLIENT_REMOTE_INTERFACE+@DistributedTags.RMI+@DistributedTags.CLIENT_REMOTE_INTERFACE+@DistributedTags.RMI,distributed:tags:client:remote:interface:distributed:tags:rmi:distributed:tags:client:remote:interface:distributed:tags:rmi,equals,equals
broadcast.CoupledServerSimulation,coupled:server:simulation,@@DistributedTags.SERVER_REMOTE_OBJECT+@DistributedTags.RMI+@DistributedTags.GIPC+@DistributedTags.SERVER_REMOTE_OBJECT+@DistributedTags.RMI+@DistributedTags.GIPC,distributed:tags:server:remote:object:distributed:tags:rmi:distributed:tags:distributed:tags:server:remote:object:distributed:tags:rmi:distributed:tags,broadcast,broadcast,AnAbstractSimulationParametersBean:@@DistributedTags.SERVER_REMOTE_INTERFACE+@DistributedTags.RMI+@DistributedTags.SERVER_REMOTE_INTERFACE+@DistributedTags.RMI:Remote:@@DistributedTags.SERVER_REMOTE_INTERFACE+@DistributedTags.GIPC+@DistributedTags.SERVER_REMOTE_INTERFACE+@DistributedTags.GIPC:SimulationParametersListener,an:abstract:simulation:parameters:bean:distributed:tags:server:remote:interface:distributed:tags:rmi:distributed:tags:server:remote:interface:distributed:tags:rmi:remote:distributed:tags:server:remote:interface:distributed:tags:distributed:tags:server:remote:interface:distributed:tags:simulation:parameters:listener,client.ICoupledClientSimulation,i:coupled:client:simulation,@@DistributedTags.CLIENT_REMOTE_INTERFACE+@DistributedTags.RMI+@DistributedTags.CLIENT_REMOTE_INTERFACE+@DistributedTags.RMI,distributed:tags:client:remote:interface:distributed:tags:rmi:distributed:tags:client:remote:interface:distributed:tags:rmi,getClientName,get:client:name
broadcast.CoupledServerSimulation,coupled:server:simulation,@@DistributedTags.SERVER_REMOTE_OBJECT+@DistributedTags.RMI+@DistributedTags.GIPC+@DistributedTags.SERVER_REMOTE_OBJECT+@DistributedTags.RMI+@DistributedTags.GIPC,distributed:tags:server:remote:object:distributed:tags:rmi:distributed:tags:distributed:tags:server:remote:object:distributed:tags:rmi:distributed:tags,broadcast,broadcast,AnAbstractSimulationParametersBean:@@DistributedTags.SERVER_REMOTE_INTERFACE+@DistributedTags.RMI+@DistributedTags.SERVER_REMOTE_INTERFACE+@DistributedTags.RMI:Remote:@@DistributedTags.SERVER_REMOTE_INTERFACE+@DistributedTags.GIPC+@DistributedTags.SERVER_REMOTE_INTERFACE+@DistributedTags.GIPC:SimulationParametersListener,an:abstract:simulation:parameters:bean:distributed:tags:server:remote:interface:distributed:tags:rmi:distributed:tags:server:remote:interface:distributed:tags:rmi:remote:distributed:tags:server:remote:interface:distributed:tags:distributed:tags:server:remote:interface:distributed:tags:simulation:parameters:listener,client.ICoupledClientSimulation,i:coupled:client:simulation,@@DistributedTags.CLIENT_REMOTE_INTERFACE+@DistributedTags.RMI+@DistributedTags.CLIENT_REMOTE_INTERFACE+@DistributedTags.RMI,distributed:tags:client:remote:interface:distributed:tags:rmi:distributed:tags:client:remote:interface:distributed:tags:rmi,notifyNewCommand,notify:new:command
broadcast.CoupledServerSimulation,coupled:server:simulation,@@DistributedTags.SERVER_REMOTE_OBJECT+@DistributedTags.RMI+@DistributedTags.GIPC+@DistributedTags.SERVER_REMOTE_OBJECT+@DistributedTags.RMI+@DistributedTags.GIPC,distributed:tags:server:remote:object:distributed:tags:rmi:distributed:tags:distributed:tags:server:remote:object:distributed:tags:rmi:distributed:tags,broadcast,broadcast,AnAbstractSimulationParametersBean:@@DistributedTags.SERVER_REMOTE_INTERFACE+@DistributedTags.RMI+@DistributedTags.SERVER_REMOTE_INTERFACE+@DistributedTags.RMI:Remote:@@DistributedTags.SERVER_REMOTE_INTERFACE+@DistributedTags.GIPC+@DistributedTags.SERVER_REMOTE_INTERFACE+@DistributedTags.GIPC:SimulationParametersListener,an:abstract:simulation:parameters:bean:distributed:tags:server:remote:interface:distributed:tags:rmi:distributed:tags:server:remote:interface:distributed:tags:rmi:remote:distributed:tags:server:remote:interface:distributed:tags:distributed:tags:server:remote:interface:distributed:tags:simulation:parameters:listener,java.rmi.RemoteException,remote:exception,java.rmi.RemoteException,remote:exception,printStackTrace,print:stack:trace
broadcast.CoupledServerSimulation,coupled:server:simulation,@@DistributedTags.SERVER_REMOTE_OBJECT+@DistributedTags.RMI+@DistributedTags.GIPC+@DistributedTags.SERVER_REMOTE_OBJECT+@DistributedTags.RMI+@DistributedTags.GIPC,distributed:tags:server:remote:object:distributed:tags:rmi:distributed:tags:distributed:tags:server:remote:object:distributed:tags:rmi:distributed:tags,broadcastGIPC,broadcast,AnAbstractSimulationParametersBean:@@DistributedTags.SERVER_REMOTE_INTERFACE+@DistributedTags.RMI+@DistributedTags.SERVER_REMOTE_INTERFACE+@DistributedTags.RMI:Remote:@@DistributedTags.SERVER_REMOTE_INTERFACE+@DistributedTags.GIPC+@DistributedTags.SERVER_REMOTE_INTERFACE+@DistributedTags.GIPC:SimulationParametersListener,an:abstract:simulation:parameters:bean:distributed:tags:server:remote:interface:distributed:tags:rmi:distributed:tags:server:remote:interface:distributed:tags:rmi:remote:distributed:tags:server:remote:interface:distributed:tags:distributed:tags:server:remote:interface:distributed:tags:simulation:parameters:listener,util.trace.port.consensus.RemoteProposeRequestReceived,remote:propose:request:received,util.trace.port.consensus.RemoteProposeRequestReceived,remote:propose:request:received,newCase,new:case
broadcast.CoupledServerSimulation,coupled:server:simulation,@@DistributedTags.SERVER_REMOTE_OBJECT+@DistributedTags.RMI+@DistributedTags.GIPC+@DistributedTags.SERVER_REMOTE_OBJECT+@DistributedTags.RMI+@DistributedTags.GIPC,distributed:tags:server:remote:object:distributed:tags:rmi:distributed:tags:distributed:tags:server:remote:object:distributed:tags:rmi:distributed:tags,broadcastGIPC,broadcast,AnAbstractSimulationParametersBean:@@DistributedTags.SERVER_REMOTE_INTERFACE+@DistributedTags.RMI+@DistributedTags.SERVER_REMOTE_INTERFACE+@DistributedTags.RMI:Remote:@@DistributedTags.SERVER_REMOTE_INTERFACE+@DistributedTags.GIPC+@DistributedTags.SERVER_REMOTE_INTERFACE+@DistributedTags.GIPC:SimulationParametersListener,an:abstract:simulation:parameters:bean:distributed:tags:server:remote:interface:distributed:tags:rmi:distributed:tags:server:remote:interface:distributed:tags:rmi:remote:distributed:tags:server:remote:interface:distributed:tags:distributed:tags:server:remote:interface:distributed:tags:simulation:parameters:listener,util.trace.port.consensus.ProposalLearnedNotificationSent,proposal:learned:notification:sent,util.trace.port.consensus.ProposalLearnedNotificationSent,proposal:learned:notification:sent,newCase,new:case
broadcast.CoupledServerSimulation,coupled:server:simulation,@@DistributedTags.SERVER_REMOTE_OBJECT+@DistributedTags.RMI+@DistributedTags.GIPC+@DistributedTags.SERVER_REMOTE_OBJECT+@DistributedTags.RMI+@DistributedTags.GIPC,distributed:tags:server:remote:object:distributed:tags:rmi:distributed:tags:distributed:tags:server:remote:object:distributed:tags:rmi:distributed:tags,broadcastGIPC,broadcast,AnAbstractSimulationParametersBean:@@DistributedTags.SERVER_REMOTE_INTERFACE+@DistributedTags.RMI+@DistributedTags.SERVER_REMOTE_INTERFACE+@DistributedTags.RMI:Remote:@@DistributedTags.SERVER_REMOTE_INTERFACE+@DistributedTags.GIPC+@DistributedTags.SERVER_REMOTE_INTERFACE+@DistributedTags.GIPC:SimulationParametersListener,an:abstract:simulation:parameters:bean:distributed:tags:server:remote:interface:distributed:tags:rmi:distributed:tags:server:remote:interface:distributed:tags:rmi:remote:distributed:tags:server:remote:interface:distributed:tags:distributed:tags:server:remote:interface:distributed:tags:simulation:parameters:listener,broadcast.ServerConfigurer,server,@@DistributedTags.SERVER_CONFIGURER+@DistributedTags.RMI+@DistributedTags.GIPC+@DistributedTags.SERVER_CONFIGURER+@DistributedTags.RMI+@DistributedTags.GIPC+@DistributedTags.NIO,distributed:tags:server:distributed:tags:rmi:distributed:tags:distributed:tags:server:distributed:tags:rmi:distributed:tags:distributed:tags:nio,getClientsGIPC,get:clients
broadcast.CoupledServerSimulation,coupled:server:simulation,@@DistributedTags.SERVER_REMOTE_OBJECT+@DistributedTags.RMI+@DistributedTags.GIPC+@DistributedTags.SERVER_REMOTE_OBJECT+@DistributedTags.RMI+@DistributedTags.GIPC,distributed:tags:server:remote:object:distributed:tags:rmi:distributed:tags:distributed:tags:server:remote:object:distributed:tags:rmi:distributed:tags,broadcastGIPC,broadcast,AnAbstractSimulationParametersBean:@@DistributedTags.SERVER_REMOTE_INTERFACE+@DistributedTags.RMI+@DistributedTags.SERVER_REMOTE_INTERFACE+@DistributedTags.RMI:Remote:@@DistributedTags.SERVER_REMOTE_INTERFACE+@DistributedTags.GIPC+@DistributedTags.SERVER_REMOTE_INTERFACE+@DistributedTags.GIPC:SimulationParametersListener,an:abstract:simulation:parameters:bean:distributed:tags:server:remote:interface:distributed:tags:rmi:distributed:tags:server:remote:interface:distributed:tags:rmi:remote:distributed:tags:server:remote:interface:distributed:tags:distributed:tags:server:remote:interface:distributed:tags:simulation:parameters:listener,client.IGeneralizedIPCClient,i:generalized:client,@@DistributedTags.CLIENT_REMOTE_INTERFACE+@DistributedTags.GIPC+@DistributedTags.CLIENT_REMOTE_INTERFACE+@DistributedTags.GIPC,distributed:tags:client:remote:interface:distributed:tags:distributed:tags:client:remote:interface:distributed:tags,equals,equals
broadcast.CoupledServerSimulation,coupled:server:simulation,@@DistributedTags.SERVER_REMOTE_OBJECT+@DistributedTags.RMI+@DistributedTags.GIPC+@DistributedTags.SERVER_REMOTE_OBJECT+@DistributedTags.RMI+@DistributedTags.GIPC,distributed:tags:server:remote:object:distributed:tags:rmi:distributed:tags:distributed:tags:server:remote:object:distributed:tags:rmi:distributed:tags,broadcastGIPC,broadcast,AnAbstractSimulationParametersBean:@@DistributedTags.SERVER_REMOTE_INTERFACE+@DistributedTags.RMI+@DistributedTags.SERVER_REMOTE_INTERFACE+@DistributedTags.RMI:Remote:@@DistributedTags.SERVER_REMOTE_INTERFACE+@DistributedTags.GIPC+@DistributedTags.SERVER_REMOTE_INTERFACE+@DistributedTags.GIPC:SimulationParametersListener,an:abstract:simulation:parameters:bean:distributed:tags:server:remote:interface:distributed:tags:rmi:distributed:tags:server:remote:interface:distributed:tags:rmi:remote:distributed:tags:server:remote:interface:distributed:tags:distributed:tags:server:remote:interface:distributed:tags:simulation:parameters:listener,client.IGeneralizedIPCClient,i:generalized:client,@@DistributedTags.CLIENT_REMOTE_INTERFACE+@DistributedTags.GIPC+@DistributedTags.CLIENT_REMOTE_INTERFACE+@DistributedTags.GIPC,distributed:tags:client:remote:interface:distributed:tags:distributed:tags:client:remote:interface:distributed:tags,getClientName,get:client:name
broadcast.CoupledServerSimulation,coupled:server:simulation,@@DistributedTags.SERVER_REMOTE_OBJECT+@DistributedTags.RMI+@DistributedTags.GIPC+@DistributedTags.SERVER_REMOTE_OBJECT+@DistributedTags.RMI+@DistributedTags.GIPC,distributed:tags:server:remote:object:distributed:tags:rmi:distributed:tags:distributed:tags:server:remote:object:distributed:tags:rmi:distributed:tags,broadcastGIPC,broadcast,AnAbstractSimulationParametersBean:@@DistributedTags.SERVER_REMOTE_INTERFACE+@DistributedTags.RMI+@DistributedTags.SERVER_REMOTE_INTERFACE+@DistributedTags.RMI:Remote:@@DistributedTags.SERVER_REMOTE_INTERFACE+@DistributedTags.GIPC+@DistributedTags.SERVER_REMOTE_INTERFACE+@DistributedTags.GIPC:SimulationParametersListener,an:abstract:simulation:parameters:bean:distributed:tags:server:remote:interface:distributed:tags:rmi:distributed:tags:server:remote:interface:distributed:tags:rmi:remote:distributed:tags:server:remote:interface:distributed:tags:distributed:tags:server:remote:interface:distributed:tags:simulation:parameters:listener,client.IGeneralizedIPCClient,i:generalized:client,@@DistributedTags.CLIENT_REMOTE_INTERFACE+@DistributedTags.GIPC+@DistributedTags.CLIENT_REMOTE_INTERFACE+@DistributedTags.GIPC,distributed:tags:client:remote:interface:distributed:tags:distributed:tags:client:remote:interface:distributed:tags,notifyNewCommandGIPC,notify:new:command
broadcast.CoupledServerSimulation,coupled:server:simulation,@@DistributedTags.SERVER_REMOTE_OBJECT+@DistributedTags.RMI+@DistributedTags.GIPC+@DistributedTags.SERVER_REMOTE_OBJECT+@DistributedTags.RMI+@DistributedTags.GIPC,distributed:tags:server:remote:object:distributed:tags:rmi:distributed:tags:distributed:tags:server:remote:object:distributed:tags:rmi:distributed:tags,broadcastNIO,broadcast:nio,AnAbstractSimulationParametersBean:@@DistributedTags.SERVER_REMOTE_INTERFACE+@DistributedTags.RMI+@DistributedTags.SERVER_REMOTE_INTERFACE+@DistributedTags.RMI:Remote:@@DistributedTags.SERVER_REMOTE_INTERFACE+@DistributedTags.GIPC+@DistributedTags.SERVER_REMOTE_INTERFACE+@DistributedTags.GIPC:SimulationParametersListener,an:abstract:simulation:parameters:bean:distributed:tags:server:remote:interface:distributed:tags:rmi:distributed:tags:server:remote:interface:distributed:tags:rmi:remote:distributed:tags:server:remote:interface:distributed:tags:distributed:tags:server:remote:interface:distributed:tags:simulation:parameters:listener,broadcast.ServerConfigurer,server,@@DistributedTags.SERVER_CONFIGURER+@DistributedTags.RMI+@DistributedTags.GIPC+@DistributedTags.SERVER_CONFIGURER+@DistributedTags.RMI+@DistributedTags.GIPC+@DistributedTags.NIO,distributed:tags:server:distributed:tags:rmi:distributed:tags:distributed:tags:server:distributed:tags:rmi:distributed:tags:distributed:tags:nio,getClientsNIO,get:clients:nio
broadcast.CoupledServerSimulation,coupled:server:simulation,@@DistributedTags.SERVER_REMOTE_OBJECT+@DistributedTags.RMI+@DistributedTags.GIPC+@DistributedTags.SERVER_REMOTE_OBJECT+@DistributedTags.RMI+@DistributedTags.GIPC,distributed:tags:server:remote:object:distributed:tags:rmi:distributed:tags:distributed:tags:server:remote:object:distributed:tags:rmi:distributed:tags,broadcastNIO,broadcast:nio,AnAbstractSimulationParametersBean:@@DistributedTags.SERVER_REMOTE_INTERFACE+@DistributedTags.RMI+@DistributedTags.SERVER_REMOTE_INTERFACE+@DistributedTags.RMI:Remote:@@DistributedTags.SERVER_REMOTE_INTERFACE+@DistributedTags.GIPC+@DistributedTags.SERVER_REMOTE_INTERFACE+@DistributedTags.GIPC:SimulationParametersListener,an:abstract:simulation:parameters:bean:distributed:tags:server:remote:interface:distributed:tags:rmi:distributed:tags:server:remote:interface:distributed:tags:rmi:remote:distributed:tags:server:remote:interface:distributed:tags:distributed:tags:server:remote:interface:distributed:tags:simulation:parameters:listener,assignments.util.MiscAssignmentUtils,assignment,assignments.util.MiscAssignmentUtils,assignment,deepDuplicate,deep:duplicate
broadcast.CoupledServerSimulation,coupled:server:simulation,@@DistributedTags.SERVER_REMOTE_OBJECT+@DistributedTags.RMI+@DistributedTags.GIPC+@DistributedTags.SERVER_REMOTE_OBJECT+@DistributedTags.RMI+@DistributedTags.GIPC,distributed:tags:server:remote:object:distributed:tags:rmi:distributed:tags:distributed:tags:server:remote:object:distributed:tags:rmi:distributed:tags,broadcastNIO,broadcast:nio,AnAbstractSimulationParametersBean:@@DistributedTags.SERVER_REMOTE_INTERFACE+@DistributedTags.RMI+@DistributedTags.SERVER_REMOTE_INTERFACE+@DistributedTags.RMI:Remote:@@DistributedTags.SERVER_REMOTE_INTERFACE+@DistributedTags.GIPC+@DistributedTags.SERVER_REMOTE_INTERFACE+@DistributedTags.GIPC:SimulationParametersListener,an:abstract:simulation:parameters:bean:distributed:tags:server:remote:interface:distributed:tags:rmi:distributed:tags:server:remote:interface:distributed:tags:rmi:remote:distributed:tags:server:remote:interface:distributed:tags:distributed:tags:server:remote:interface:distributed:tags:simulation:parameters:listener,inputport.nio.manager.NIOManager,nio:manager,inputport.nio.manager.NIOManager,nio:manager,write,write
broadcast.CoupledServerSimulation,coupled:server:simulation,@@DistributedTags.SERVER_REMOTE_OBJECT+@DistributedTags.RMI+@DistributedTags.GIPC+@DistributedTags.SERVER_REMOTE_OBJECT+@DistributedTags.RMI+@DistributedTags.GIPC,distributed:tags:server:remote:object:distributed:tags:rmi:distributed:tags:distributed:tags:server:remote:object:distributed:tags:rmi:distributed:tags,processArgsCustom,process:args:custom,AnAbstractSimulationParametersBean:@@DistributedTags.SERVER_REMOTE_INTERFACE+@DistributedTags.RMI+@DistributedTags.SERVER_REMOTE_INTERFACE+@DistributedTags.RMI:Remote:@@DistributedTags.SERVER_REMOTE_INTERFACE+@DistributedTags.GIPC+@DistributedTags.SERVER_REMOTE_INTERFACE+@DistributedTags.GIPC:SimulationParametersListener,an:abstract:simulation:parameters:bean:distributed:tags:server:remote:interface:distributed:tags:rmi:distributed:tags:server:remote:interface:distributed:tags:rmi:remote:distributed:tags:server:remote:interface:distributed:tags:distributed:tags:server:remote:interface:distributed:tags:simulation:parameters:listener,java.io.PrintStream,print:stream,java.io.PrintStream,print:stream,println,none
broadcast.CoupledServerSimulation,coupled:server:simulation,@@DistributedTags.SERVER_REMOTE_OBJECT+@DistributedTags.RMI+@DistributedTags.GIPC+@DistributedTags.SERVER_REMOTE_OBJECT+@DistributedTags.RMI+@DistributedTags.GIPC,distributed:tags:server:remote:object:distributed:tags:rmi:distributed:tags:distributed:tags:server:remote:object:distributed:tags:rmi:distributed:tags,processArgsCustom,process:args:custom,AnAbstractSimulationParametersBean:@@DistributedTags.SERVER_REMOTE_INTERFACE+@DistributedTags.RMI+@DistributedTags.SERVER_REMOTE_INTERFACE+@DistributedTags.RMI:Remote:@@DistributedTags.SERVER_REMOTE_INTERFACE+@DistributedTags.GIPC+@DistributedTags.SERVER_REMOTE_INTERFACE+@DistributedTags.GIPC:SimulationParametersListener,an:abstract:simulation:parameters:bean:distributed:tags:server:remote:interface:distributed:tags:rmi:distributed:tags:server:remote:interface:distributed:tags:rmi:remote:distributed:tags:server:remote:interface:distributed:tags:distributed:tags:server:remote:interface:distributed:tags:simulation:parameters:listener,assignments.util.mainArgs.ServerArgsProcessor,server:args:processor,assignments.util.mainArgs.ServerArgsProcessor,server:args:processor,getRegistryHost,get:registry:host
broadcast.CoupledServerSimulation,coupled:server:simulation,@@DistributedTags.SERVER_REMOTE_OBJECT+@DistributedTags.RMI+@DistributedTags.GIPC+@DistributedTags.SERVER_REMOTE_OBJECT+@DistributedTags.RMI+@DistributedTags.GIPC,distributed:tags:server:remote:object:distributed:tags:rmi:distributed:tags:distributed:tags:server:remote:object:distributed:tags:rmi:distributed:tags,processArgsCustom,process:args:custom,AnAbstractSimulationParametersBean:@@DistributedTags.SERVER_REMOTE_INTERFACE+@DistributedTags.RMI+@DistributedTags.SERVER_REMOTE_INTERFACE+@DistributedTags.RMI:Remote:@@DistributedTags.SERVER_REMOTE_INTERFACE+@DistributedTags.GIPC+@DistributedTags.SERVER_REMOTE_INTERFACE+@DistributedTags.GIPC:SimulationParametersListener,an:abstract:simulation:parameters:bean:distributed:tags:server:remote:interface:distributed:tags:rmi:distributed:tags:server:remote:interface:distributed:tags:rmi:remote:distributed:tags:server:remote:interface:distributed:tags:distributed:tags:server:remote:interface:distributed:tags:simulation:parameters:listener,java.io.PrintStream,print:stream,java.io.PrintStream,print:stream,println,none
broadcast.CoupledServerSimulation,coupled:server:simulation,@@DistributedTags.SERVER_REMOTE_OBJECT+@DistributedTags.RMI+@DistributedTags.GIPC+@DistributedTags.SERVER_REMOTE_OBJECT+@DistributedTags.RMI+@DistributedTags.GIPC,distributed:tags:server:remote:object:distributed:tags:rmi:distributed:tags:distributed:tags:server:remote:object:distributed:tags:rmi:distributed:tags,processArgsCustom,process:args:custom,AnAbstractSimulationParametersBean:@@DistributedTags.SERVER_REMOTE_INTERFACE+@DistributedTags.RMI+@DistributedTags.SERVER_REMOTE_INTERFACE+@DistributedTags.RMI:Remote:@@DistributedTags.SERVER_REMOTE_INTERFACE+@DistributedTags.GIPC+@DistributedTags.SERVER_REMOTE_INTERFACE+@DistributedTags.GIPC:SimulationParametersListener,an:abstract:simulation:parameters:bean:distributed:tags:server:remote:interface:distributed:tags:rmi:distributed:tags:server:remote:interface:distributed:tags:rmi:remote:distributed:tags:server:remote:interface:distributed:tags:distributed:tags:server:remote:interface:distributed:tags:simulation:parameters:listener,assignments.util.mainArgs.ServerArgsProcessor,server:args:processor,assignments.util.mainArgs.ServerArgsProcessor,server:args:processor,getRegistryPort,get:registry:port
broadcast.CoupledServerSimulation,coupled:server:simulation,@@DistributedTags.SERVER_REMOTE_OBJECT+@DistributedTags.RMI+@DistributedTags.GIPC+@DistributedTags.SERVER_REMOTE_OBJECT+@DistributedTags.RMI+@DistributedTags.GIPC,distributed:tags:server:remote:object:distributed:tags:rmi:distributed:tags:distributed:tags:server:remote:object:distributed:tags:rmi:distributed:tags,processArgsCustom,process:args:custom,AnAbstractSimulationParametersBean:@@DistributedTags.SERVER_REMOTE_INTERFACE+@DistributedTags.RMI+@DistributedTags.SERVER_REMOTE_INTERFACE+@DistributedTags.RMI:Remote:@@DistributedTags.SERVER_REMOTE_INTERFACE+@DistributedTags.GIPC+@DistributedTags.SERVER_REMOTE_INTERFACE+@DistributedTags.GIPC:SimulationParametersListener,an:abstract:simulation:parameters:bean:distributed:tags:server:remote:interface:distributed:tags:rmi:distributed:tags:server:remote:interface:distributed:tags:rmi:remote:distributed:tags:server:remote:interface:distributed:tags:distributed:tags:server:remote:interface:distributed:tags:simulation:parameters:listener,java.io.PrintStream,print:stream,java.io.PrintStream,print:stream,println,none
broadcast.CoupledServerSimulation,coupled:server:simulation,@@DistributedTags.SERVER_REMOTE_OBJECT+@DistributedTags.RMI+@DistributedTags.GIPC+@DistributedTags.SERVER_REMOTE_OBJECT+@DistributedTags.RMI+@DistributedTags.GIPC,distributed:tags:server:remote:object:distributed:tags:rmi:distributed:tags:distributed:tags:server:remote:object:distributed:tags:rmi:distributed:tags,processArgsCustom,process:args:custom,AnAbstractSimulationParametersBean:@@DistributedTags.SERVER_REMOTE_INTERFACE+@DistributedTags.RMI+@DistributedTags.SERVER_REMOTE_INTERFACE+@DistributedTags.RMI:Remote:@@DistributedTags.SERVER_REMOTE_INTERFACE+@DistributedTags.GIPC+@DistributedTags.SERVER_REMOTE_INTERFACE+@DistributedTags.GIPC:SimulationParametersListener,an:abstract:simulation:parameters:bean:distributed:tags:server:remote:interface:distributed:tags:rmi:distributed:tags:server:remote:interface:distributed:tags:rmi:remote:distributed:tags:server:remote:interface:distributed:tags:distributed:tags:server:remote:interface:distributed:tags:simulation:parameters:listener,assignments.util.mainArgs.ServerArgsProcessor,server:args:processor,assignments.util.mainArgs.ServerArgsProcessor,server:args:processor,getGIPCServerPort,get:server:port
broadcast.CoupledServerSimulation,coupled:server:simulation,@@DistributedTags.SERVER_REMOTE_OBJECT+@DistributedTags.RMI+@DistributedTags.GIPC+@DistributedTags.SERVER_REMOTE_OBJECT+@DistributedTags.RMI+@DistributedTags.GIPC,distributed:tags:server:remote:object:distributed:tags:rmi:distributed:tags:distributed:tags:server:remote:object:distributed:tags:rmi:distributed:tags,start,start,AnAbstractSimulationParametersBean:@@DistributedTags.SERVER_REMOTE_INTERFACE+@DistributedTags.RMI+@DistributedTags.SERVER_REMOTE_INTERFACE+@DistributedTags.RMI:Remote:@@DistributedTags.SERVER_REMOTE_INTERFACE+@DistributedTags.GIPC+@DistributedTags.SERVER_REMOTE_INTERFACE+@DistributedTags.GIPC:SimulationParametersListener,an:abstract:simulation:parameters:bean:distributed:tags:server:remote:interface:distributed:tags:rmi:distributed:tags:server:remote:interface:distributed:tags:rmi:remote:distributed:tags:server:remote:interface:distributed:tags:distributed:tags:server:remote:interface:distributed:tags:simulation:parameters:listener,broadcast.CoupledServerSimulation,coupled:server:simulation,@@DistributedTags.SERVER_REMOTE_OBJECT+@DistributedTags.RMI+@DistributedTags.GIPC+@DistributedTags.SERVER_REMOTE_OBJECT+@DistributedTags.RMI+@DistributedTags.GIPC,distributed:tags:server:remote:object:distributed:tags:rmi:distributed:tags:distributed:tags:server:remote:object:distributed:tags:rmi:distributed:tags,setTracing,set:tracing
broadcast.CoupledServerSimulation,coupled:server:simulation,@@DistributedTags.SERVER_REMOTE_OBJECT+@DistributedTags.RMI+@DistributedTags.GIPC+@DistributedTags.SERVER_REMOTE_OBJECT+@DistributedTags.RMI+@DistributedTags.GIPC,distributed:tags:server:remote:object:distributed:tags:rmi:distributed:tags:distributed:tags:server:remote:object:distributed:tags:rmi:distributed:tags,start,start,AnAbstractSimulationParametersBean:@@DistributedTags.SERVER_REMOTE_INTERFACE+@DistributedTags.RMI+@DistributedTags.SERVER_REMOTE_INTERFACE+@DistributedTags.RMI:Remote:@@DistributedTags.SERVER_REMOTE_INTERFACE+@DistributedTags.GIPC+@DistributedTags.SERVER_REMOTE_INTERFACE+@DistributedTags.GIPC:SimulationParametersListener,an:abstract:simulation:parameters:bean:distributed:tags:server:remote:interface:distributed:tags:rmi:distributed:tags:server:remote:interface:distributed:tags:rmi:remote:distributed:tags:server:remote:interface:distributed:tags:distributed:tags:server:remote:interface:distributed:tags:simulation:parameters:listener,broadcast.CoupledServerSimulation,coupled:server:simulation,@@DistributedTags.SERVER_REMOTE_OBJECT+@DistributedTags.RMI+@DistributedTags.GIPC+@DistributedTags.SERVER_REMOTE_OBJECT+@DistributedTags.RMI+@DistributedTags.GIPC,distributed:tags:server:remote:object:distributed:tags:rmi:distributed:tags:distributed:tags:server:remote:object:distributed:tags:rmi:distributed:tags,processArgsCustom,process:args:custom
broadcast.CoupledServerSimulation,coupled:server:simulation,@@DistributedTags.SERVER_REMOTE_OBJECT+@DistributedTags.RMI+@DistributedTags.GIPC+@DistributedTags.SERVER_REMOTE_OBJECT+@DistributedTags.RMI+@DistributedTags.GIPC,distributed:tags:server:remote:object:distributed:tags:rmi:distributed:tags:distributed:tags:server:remote:object:distributed:tags:rmi:distributed:tags,start,start,AnAbstractSimulationParametersBean:@@DistributedTags.SERVER_REMOTE_INTERFACE+@DistributedTags.RMI+@DistributedTags.SERVER_REMOTE_INTERFACE+@DistributedTags.RMI:Remote:@@DistributedTags.SERVER_REMOTE_INTERFACE+@DistributedTags.GIPC+@DistributedTags.SERVER_REMOTE_INTERFACE+@DistributedTags.GIPC:SimulationParametersListener,an:abstract:simulation:parameters:bean:distributed:tags:server:remote:interface:distributed:tags:rmi:distributed:tags:server:remote:interface:distributed:tags:rmi:remote:distributed:tags:server:remote:interface:distributed:tags:distributed:tags:server:remote:interface:distributed:tags:simulation:parameters:listener,util.interactiveMethodInvocation.SimulationParametersControllerFactory,simulation:parameters:controller:factory,util.interactiveMethodInvocation.SimulationParametersControllerFactory,simulation:parameters:controller:factory,addSimulationParameterListener,add:simulation:parameter:listener
broadcast.CoupledServerSimulation,coupled:server:simulation,@@DistributedTags.SERVER_REMOTE_OBJECT+@DistributedTags.RMI+@DistributedTags.GIPC+@DistributedTags.SERVER_REMOTE_OBJECT+@DistributedTags.RMI+@DistributedTags.GIPC,distributed:tags:server:remote:object:distributed:tags:rmi:distributed:tags:distributed:tags:server:remote:object:distributed:tags:rmi:distributed:tags,start,start,AnAbstractSimulationParametersBean:@@DistributedTags.SERVER_REMOTE_INTERFACE+@DistributedTags.RMI+@DistributedTags.SERVER_REMOTE_INTERFACE+@DistributedTags.RMI:Remote:@@DistributedTags.SERVER_REMOTE_INTERFACE+@DistributedTags.GIPC+@DistributedTags.SERVER_REMOTE_INTERFACE+@DistributedTags.GIPC:SimulationParametersListener,an:abstract:simulation:parameters:bean:distributed:tags:server:remote:interface:distributed:tags:rmi:distributed:tags:server:remote:interface:distributed:tags:rmi:remote:distributed:tags:server:remote:interface:distributed:tags:distributed:tags:server:remote:interface:distributed:tags:simulation:parameters:listener,util.interactiveMethodInvocation.SimulationParametersControllerFactory,simulation:parameters:controller:factory,util.interactiveMethodInvocation.SimulationParametersControllerFactory,simulation:parameters:controller:factory,getSingleton,get:singleton
broadcast.CoupledServerSimulation,coupled:server:simulation,@@DistributedTags.SERVER_REMOTE_OBJECT+@DistributedTags.RMI+@DistributedTags.GIPC+@DistributedTags.SERVER_REMOTE_OBJECT+@DistributedTags.RMI+@DistributedTags.GIPC,distributed:tags:server:remote:object:distributed:tags:rmi:distributed:tags:distributed:tags:server:remote:object:distributed:tags:rmi:distributed:tags,start,start,AnAbstractSimulationParametersBean:@@DistributedTags.SERVER_REMOTE_INTERFACE+@DistributedTags.RMI+@DistributedTags.SERVER_REMOTE_INTERFACE+@DistributedTags.RMI:Remote:@@DistributedTags.SERVER_REMOTE_INTERFACE+@DistributedTags.GIPC+@DistributedTags.SERVER_REMOTE_INTERFACE+@DistributedTags.GIPC:SimulationParametersListener,an:abstract:simulation:parameters:bean:distributed:tags:server:remote:interface:distributed:tags:rmi:distributed:tags:server:remote:interface:distributed:tags:rmi:remote:distributed:tags:server:remote:interface:distributed:tags:distributed:tags:server:remote:interface:distributed:tags:simulation:parameters:listener,util.interactiveMethodInvocation.SimulationParametersControllerFactory,simulation:parameters:controller:factory,util.interactiveMethodInvocation.SimulationParametersControllerFactory,simulation:parameters:controller:factory,processCommands,process:commands
broadcast.CoupledServerSimulation,coupled:server:simulation,@@DistributedTags.SERVER_REMOTE_OBJECT+@DistributedTags.RMI+@DistributedTags.GIPC+@DistributedTags.SERVER_REMOTE_OBJECT+@DistributedTags.RMI+@DistributedTags.GIPC,distributed:tags:server:remote:object:distributed:tags:rmi:distributed:tags:distributed:tags:server:remote:object:distributed:tags:rmi:distributed:tags,start,start,AnAbstractSimulationParametersBean:@@DistributedTags.SERVER_REMOTE_INTERFACE+@DistributedTags.RMI+@DistributedTags.SERVER_REMOTE_INTERFACE+@DistributedTags.RMI:Remote:@@DistributedTags.SERVER_REMOTE_INTERFACE+@DistributedTags.GIPC+@DistributedTags.SERVER_REMOTE_INTERFACE+@DistributedTags.GIPC:SimulationParametersListener,an:abstract:simulation:parameters:bean:distributed:tags:server:remote:interface:distributed:tags:rmi:distributed:tags:server:remote:interface:distributed:tags:rmi:remote:distributed:tags:server:remote:interface:distributed:tags:distributed:tags:server:remote:interface:distributed:tags:simulation:parameters:listener,util.interactiveMethodInvocation.SimulationParametersControllerFactory,simulation:parameters:controller:factory,util.interactiveMethodInvocation.SimulationParametersControllerFactory,simulation:parameters:controller:factory,getSingleton,get:singleton
broadcast.CoupledServerSimulation,coupled:server:simulation,@@DistributedTags.SERVER_REMOTE_OBJECT+@DistributedTags.RMI+@DistributedTags.GIPC+@DistributedTags.SERVER_REMOTE_OBJECT+@DistributedTags.RMI+@DistributedTags.GIPC,distributed:tags:server:remote:object:distributed:tags:rmi:distributed:tags:distributed:tags:server:remote:object:distributed:tags:rmi:distributed:tags,setupConnection,setup:connection,AnAbstractSimulationParametersBean:@@DistributedTags.SERVER_REMOTE_INTERFACE+@DistributedTags.RMI+@DistributedTags.SERVER_REMOTE_INTERFACE+@DistributedTags.RMI:Remote:@@DistributedTags.SERVER_REMOTE_INTERFACE+@DistributedTags.GIPC+@DistributedTags.SERVER_REMOTE_INTERFACE+@DistributedTags.GIPC:SimulationParametersListener,an:abstract:simulation:parameters:bean:distributed:tags:server:remote:interface:distributed:tags:rmi:distributed:tags:server:remote:interface:distributed:tags:rmi:remote:distributed:tags:server:remote:interface:distributed:tags:distributed:tags:server:remote:interface:distributed:tags:simulation:parameters:listener,broadcast.ServerConfigurer,server,@@DistributedTags.SERVER_CONFIGURER+@DistributedTags.RMI+@DistributedTags.GIPC+@DistributedTags.SERVER_CONFIGURER+@DistributedTags.RMI+@DistributedTags.GIPC+@DistributedTags.NIO,distributed:tags:server:distributed:tags:rmi:distributed:tags:distributed:tags:server:distributed:tags:rmi:distributed:tags:distributed:tags:nio,setupConnection,setup:connection
broadcast.CoupledServerSimulation,coupled:server:simulation,@@DistributedTags.SERVER_REMOTE_OBJECT+@DistributedTags.RMI+@DistributedTags.GIPC+@DistributedTags.SERVER_REMOTE_OBJECT+@DistributedTags.RMI+@DistributedTags.GIPC,distributed:tags:server:remote:object:distributed:tags:rmi:distributed:tags:distributed:tags:server:remote:object:distributed:tags:rmi:distributed:tags,setupConnectionGIPC,setup:connection,AnAbstractSimulationParametersBean:@@DistributedTags.SERVER_REMOTE_INTERFACE+@DistributedTags.RMI+@DistributedTags.SERVER_REMOTE_INTERFACE+@DistributedTags.RMI:Remote:@@DistributedTags.SERVER_REMOTE_INTERFACE+@DistributedTags.GIPC+@DistributedTags.SERVER_REMOTE_INTERFACE+@DistributedTags.GIPC:SimulationParametersListener,an:abstract:simulation:parameters:bean:distributed:tags:server:remote:interface:distributed:tags:rmi:distributed:tags:server:remote:interface:distributed:tags:rmi:remote:distributed:tags:server:remote:interface:distributed:tags:distributed:tags:server:remote:interface:distributed:tags:simulation:parameters:listener,broadcast.ServerConfigurer,server,@@DistributedTags.SERVER_CONFIGURER+@DistributedTags.RMI+@DistributedTags.GIPC+@DistributedTags.SERVER_CONFIGURER+@DistributedTags.RMI+@DistributedTags.GIPC+@DistributedTags.NIO,distributed:tags:server:distributed:tags:rmi:distributed:tags:distributed:tags:server:distributed:tags:rmi:distributed:tags:distributed:tags:nio,setupConnectionGIPC,setup:connection
broadcast.CoupledServerSimulation,coupled:server:simulation,@@DistributedTags.SERVER_REMOTE_OBJECT+@DistributedTags.RMI+@DistributedTags.GIPC+@DistributedTags.SERVER_REMOTE_OBJECT+@DistributedTags.RMI+@DistributedTags.GIPC,distributed:tags:server:remote:object:distributed:tags:rmi:distributed:tags:distributed:tags:server:remote:object:distributed:tags:rmi:distributed:tags,performRebind,perform:rebind,AnAbstractSimulationParametersBean:@@DistributedTags.SERVER_REMOTE_INTERFACE+@DistributedTags.RMI+@DistributedTags.SERVER_REMOTE_INTERFACE+@DistributedTags.RMI:Remote:@@DistributedTags.SERVER_REMOTE_INTERFACE+@DistributedTags.GIPC+@DistributedTags.SERVER_REMOTE_INTERFACE+@DistributedTags.GIPC:SimulationParametersListener,an:abstract:simulation:parameters:bean:distributed:tags:server:remote:interface:distributed:tags:rmi:distributed:tags:server:remote:interface:distributed:tags:rmi:remote:distributed:tags:server:remote:interface:distributed:tags:distributed:tags:server:remote:interface:distributed:tags:simulation:parameters:listener,broadcast.ServerConfigurer,server,@@DistributedTags.SERVER_CONFIGURER+@DistributedTags.RMI+@DistributedTags.GIPC+@DistributedTags.SERVER_CONFIGURER+@DistributedTags.RMI+@DistributedTags.GIPC+@DistributedTags.NIO,distributed:tags:server:distributed:tags:rmi:distributed:tags:distributed:tags:server:distributed:tags:rmi:distributed:tags:distributed:tags:nio,performRebind,perform:rebind
broadcast.CoupledServerSimulation,coupled:server:simulation,@@DistributedTags.SERVER_REMOTE_OBJECT+@DistributedTags.RMI+@DistributedTags.GIPC+@DistributedTags.SERVER_REMOTE_OBJECT+@DistributedTags.RMI+@DistributedTags.GIPC,distributed:tags:server:remote:object:distributed:tags:rmi:distributed:tags:distributed:tags:server:remote:object:distributed:tags:rmi:distributed:tags,performRebindGIPC,perform:rebind,AnAbstractSimulationParametersBean:@@DistributedTags.SERVER_REMOTE_INTERFACE+@DistributedTags.RMI+@DistributedTags.SERVER_REMOTE_INTERFACE+@DistributedTags.RMI:Remote:@@DistributedTags.SERVER_REMOTE_INTERFACE+@DistributedTags.GIPC+@DistributedTags.SERVER_REMOTE_INTERFACE+@DistributedTags.GIPC:SimulationParametersListener,an:abstract:simulation:parameters:bean:distributed:tags:server:remote:interface:distributed:tags:rmi:distributed:tags:server:remote:interface:distributed:tags:rmi:remote:distributed:tags:server:remote:interface:distributed:tags:distributed:tags:server:remote:interface:distributed:tags:simulation:parameters:listener,broadcast.ServerConfigurer,server,@@DistributedTags.SERVER_CONFIGURER+@DistributedTags.RMI+@DistributedTags.GIPC+@DistributedTags.SERVER_CONFIGURER+@DistributedTags.RMI+@DistributedTags.GIPC+@DistributedTags.NIO,distributed:tags:server:distributed:tags:rmi:distributed:tags:distributed:tags:server:distributed:tags:rmi:distributed:tags:distributed:tags:nio,performRebindGIPC,perform:rebind
broadcast.CoupledServerSimulation,coupled:server:simulation,@@DistributedTags.SERVER_REMOTE_OBJECT+@DistributedTags.RMI+@DistributedTags.GIPC+@DistributedTags.SERVER_REMOTE_OBJECT+@DistributedTags.RMI+@DistributedTags.GIPC,distributed:tags:server:remote:object:distributed:tags:rmi:distributed:tags:distributed:tags:server:remote:object:distributed:tags:rmi:distributed:tags,setupNIO,setup:nio,AnAbstractSimulationParametersBean:@@DistributedTags.SERVER_REMOTE_INTERFACE+@DistributedTags.RMI+@DistributedTags.SERVER_REMOTE_INTERFACE+@DistributedTags.RMI:Remote:@@DistributedTags.SERVER_REMOTE_INTERFACE+@DistributedTags.GIPC+@DistributedTags.SERVER_REMOTE_INTERFACE+@DistributedTags.GIPC:SimulationParametersListener,an:abstract:simulation:parameters:bean:distributed:tags:server:remote:interface:distributed:tags:rmi:distributed:tags:server:remote:interface:distributed:tags:rmi:remote:distributed:tags:server:remote:interface:distributed:tags:distributed:tags:server:remote:interface:distributed:tags:simulation:parameters:listener,broadcast.ServerConfigurer,server,@@DistributedTags.SERVER_CONFIGURER+@DistributedTags.RMI+@DistributedTags.GIPC+@DistributedTags.SERVER_CONFIGURER+@DistributedTags.RMI+@DistributedTags.GIPC+@DistributedTags.NIO,distributed:tags:server:distributed:tags:rmi:distributed:tags:distributed:tags:server:distributed:tags:rmi:distributed:tags:distributed:tags:nio,setupNIO,setup:nio
broadcast.CoupledServerSimulation,coupled:server:simulation,@@DistributedTags.SERVER_REMOTE_OBJECT+@DistributedTags.RMI+@DistributedTags.GIPC+@DistributedTags.SERVER_REMOTE_OBJECT+@DistributedTags.RMI+@DistributedTags.GIPC,distributed:tags:server:remote:object:distributed:tags:rmi:distributed:tags:distributed:tags:server:remote:object:distributed:tags:rmi:distributed:tags,ipcMechanism,mechanism,AnAbstractSimulationParametersBean:@@DistributedTags.SERVER_REMOTE_INTERFACE+@DistributedTags.RMI+@DistributedTags.SERVER_REMOTE_INTERFACE+@DistributedTags.RMI:Remote:@@DistributedTags.SERVER_REMOTE_INTERFACE+@DistributedTags.GIPC+@DistributedTags.SERVER_REMOTE_INTERFACE+@DistributedTags.GIPC:SimulationParametersListener,an:abstract:simulation:parameters:bean:distributed:tags:server:remote:interface:distributed:tags:rmi:distributed:tags:server:remote:interface:distributed:tags:rmi:remote:distributed:tags:server:remote:interface:distributed:tags:distributed:tags:server:remote:interface:distributed:tags:simulation:parameters:listener,util.trace.port.consensus.ProposedStateSet,proposed:state:set,util.trace.port.consensus.ProposedStateSet,proposed:state:set,newCase,new:case
broadcast.CoupledServerSimulation,coupled:server:simulation,@@DistributedTags.SERVER_REMOTE_OBJECT+@DistributedTags.RMI+@DistributedTags.GIPC+@DistributedTags.SERVER_REMOTE_OBJECT+@DistributedTags.RMI+@DistributedTags.GIPC,distributed:tags:server:remote:object:distributed:tags:rmi:distributed:tags:distributed:tags:server:remote:object:distributed:tags:rmi:distributed:tags,ipcMechanism,mechanism,AnAbstractSimulationParametersBean:@@DistributedTags.SERVER_REMOTE_INTERFACE+@DistributedTags.RMI+@DistributedTags.SERVER_REMOTE_INTERFACE+@DistributedTags.RMI:Remote:@@DistributedTags.SERVER_REMOTE_INTERFACE+@DistributedTags.GIPC+@DistributedTags.SERVER_REMOTE_INTERFACE+@DistributedTags.GIPC:SimulationParametersListener,an:abstract:simulation:parameters:bean:distributed:tags:server:remote:interface:distributed:tags:rmi:distributed:tags:server:remote:interface:distributed:tags:rmi:remote:distributed:tags:server:remote:interface:distributed:tags:distributed:tags:server:remote:interface:distributed:tags:simulation:parameters:listener,assignments.util.inputParameters.AnAbstractSimulationParametersBean,an:abstract:simulation:parameters:bean,assignments.util.inputParameters.AnAbstractSimulationParametersBean,an:abstract:simulation:parameters:bean,setIPCMechanism,set:mechanism
broadcast.CoupledServerSimulation,coupled:server:simulation,@@DistributedTags.SERVER_REMOTE_OBJECT+@DistributedTags.RMI+@DistributedTags.GIPC+@DistributedTags.SERVER_REMOTE_OBJECT+@DistributedTags.RMI+@DistributedTags.GIPC,distributed:tags:server:remote:object:distributed:tags:rmi:distributed:tags:distributed:tags:server:remote:object:distributed:tags:rmi:distributed:tags,ipcMechanism,mechanism,AnAbstractSimulationParametersBean:@@DistributedTags.SERVER_REMOTE_INTERFACE+@DistributedTags.RMI+@DistributedTags.SERVER_REMOTE_INTERFACE+@DistributedTags.RMI:Remote:@@DistributedTags.SERVER_REMOTE_INTERFACE+@DistributedTags.GIPC+@DistributedTags.SERVER_REMOTE_INTERFACE+@DistributedTags.GIPC:SimulationParametersListener,an:abstract:simulation:parameters:bean:distributed:tags:server:remote:interface:distributed:tags:rmi:distributed:tags:server:remote:interface:distributed:tags:rmi:remote:distributed:tags:server:remote:interface:distributed:tags:distributed:tags:server:remote:interface:distributed:tags:simulation:parameters:listener,util.trace.port.consensus.ProposalMade,proposal:made,util.trace.port.consensus.ProposalMade,proposal:made,newCase,new:case
broadcast.CoupledServerSimulation,coupled:server:simulation,@@DistributedTags.SERVER_REMOTE_OBJECT+@DistributedTags.RMI+@DistributedTags.GIPC+@DistributedTags.SERVER_REMOTE_OBJECT+@DistributedTags.RMI+@DistributedTags.GIPC,distributed:tags:server:remote:object:distributed:tags:rmi:distributed:tags:distributed:tags:server:remote:object:distributed:tags:rmi:distributed:tags,ipcMechanism,mechanism,AnAbstractSimulationParametersBean:@@DistributedTags.SERVER_REMOTE_INTERFACE+@DistributedTags.RMI+@DistributedTags.SERVER_REMOTE_INTERFACE+@DistributedTags.RMI:Remote:@@DistributedTags.SERVER_REMOTE_INTERFACE+@DistributedTags.GIPC+@DistributedTags.SERVER_REMOTE_INTERFACE+@DistributedTags.GIPC:SimulationParametersListener,an:abstract:simulation:parameters:bean:distributed:tags:server:remote:interface:distributed:tags:rmi:distributed:tags:server:remote:interface:distributed:tags:rmi:remote:distributed:tags:server:remote:interface:distributed:tags:distributed:tags:server:remote:interface:distributed:tags:simulation:parameters:listener,broadcast.ServerConfigurer,server,@@DistributedTags.SERVER_CONFIGURER+@DistributedTags.RMI+@DistributedTags.GIPC+@DistributedTags.SERVER_CONFIGURER+@DistributedTags.RMI+@DistributedTags.GIPC+@DistributedTags.NIO,distributed:tags:server:distributed:tags:rmi:distributed:tags:distributed:tags:server:distributed:tags:rmi:distributed:tags:distributed:tags:nio,getClients,get:clients
broadcast.CoupledServerSimulation,coupled:server:simulation,@@DistributedTags.SERVER_REMOTE_OBJECT+@DistributedTags.RMI+@DistributedTags.GIPC+@DistributedTags.SERVER_REMOTE_OBJECT+@DistributedTags.RMI+@DistributedTags.GIPC,distributed:tags:server:remote:object:distributed:tags:rmi:distributed:tags:distributed:tags:server:remote:object:distributed:tags:rmi:distributed:tags,ipcMechanism,mechanism,AnAbstractSimulationParametersBean:@@DistributedTags.SERVER_REMOTE_INTERFACE+@DistributedTags.RMI+@DistributedTags.SERVER_REMOTE_INTERFACE+@DistributedTags.RMI:Remote:@@DistributedTags.SERVER_REMOTE_INTERFACE+@DistributedTags.GIPC+@DistributedTags.SERVER_REMOTE_INTERFACE+@DistributedTags.GIPC:SimulationParametersListener,an:abstract:simulation:parameters:bean:distributed:tags:server:remote:interface:distributed:tags:rmi:distributed:tags:server:remote:interface:distributed:tags:rmi:remote:distributed:tags:server:remote:interface:distributed:tags:distributed:tags:server:remote:interface:distributed:tags:simulation:parameters:listener,assignments.util.inputParameters.AnAbstractSimulationParametersBean,an:abstract:simulation:parameters:bean,assignments.util.inputParameters.AnAbstractSimulationParametersBean,an:abstract:simulation:parameters:bean,isBroadcastMetaState,is:broadcast:state
broadcast.CoupledServerSimulation,coupled:server:simulation,@@DistributedTags.SERVER_REMOTE_OBJECT+@DistributedTags.RMI+@DistributedTags.GIPC+@DistributedTags.SERVER_REMOTE_OBJECT+@DistributedTags.RMI+@DistributedTags.GIPC,distributed:tags:server:remote:object:distributed:tags:rmi:distributed:tags:distributed:tags:server:remote:object:distributed:tags:rmi:distributed:tags,ipcMechanism,mechanism,AnAbstractSimulationParametersBean:@@DistributedTags.SERVER_REMOTE_INTERFACE+@DistributedTags.RMI+@DistributedTags.SERVER_REMOTE_INTERFACE+@DistributedTags.RMI:Remote:@@DistributedTags.SERVER_REMOTE_INTERFACE+@DistributedTags.GIPC+@DistributedTags.SERVER_REMOTE_INTERFACE+@DistributedTags.GIPC:SimulationParametersListener,an:abstract:simulation:parameters:bean:distributed:tags:server:remote:interface:distributed:tags:rmi:distributed:tags:server:remote:interface:distributed:tags:rmi:remote:distributed:tags:server:remote:interface:distributed:tags:distributed:tags:server:remote:interface:distributed:tags:simulation:parameters:listener,client.ICoupledClientSimulation,i:coupled:client:simulation,@@DistributedTags.CLIENT_REMOTE_INTERFACE+@DistributedTags.RMI+@DistributedTags.CLIENT_REMOTE_INTERFACE+@DistributedTags.RMI,distributed:tags:client:remote:interface:distributed:tags:rmi:distributed:tags:client:remote:interface:distributed:tags:rmi,notifyIPCUpdate,notify:update
broadcast.CoupledServerSimulation,coupled:server:simulation,@@DistributedTags.SERVER_REMOTE_OBJECT+@DistributedTags.RMI+@DistributedTags.GIPC+@DistributedTags.SERVER_REMOTE_OBJECT+@DistributedTags.RMI+@DistributedTags.GIPC,distributed:tags:server:remote:object:distributed:tags:rmi:distributed:tags:distributed:tags:server:remote:object:distributed:tags:rmi:distributed:tags,ipcMechanism,mechanism,AnAbstractSimulationParametersBean:@@DistributedTags.SERVER_REMOTE_INTERFACE+@DistributedTags.RMI+@DistributedTags.SERVER_REMOTE_INTERFACE+@DistributedTags.RMI:Remote:@@DistributedTags.SERVER_REMOTE_INTERFACE+@DistributedTags.GIPC+@DistributedTags.SERVER_REMOTE_INTERFACE+@DistributedTags.GIPC:SimulationParametersListener,an:abstract:simulation:parameters:bean:distributed:tags:server:remote:interface:distributed:tags:rmi:distributed:tags:server:remote:interface:distributed:tags:rmi:remote:distributed:tags:server:remote:interface:distributed:tags:distributed:tags:server:remote:interface:distributed:tags:simulation:parameters:listener,java.rmi.RemoteException,remote:exception,java.rmi.RemoteException,remote:exception,printStackTrace,print:stack:trace
broadcast.CoupledServerSimulation,coupled:server:simulation,@@DistributedTags.SERVER_REMOTE_OBJECT+@DistributedTags.RMI+@DistributedTags.GIPC+@DistributedTags.SERVER_REMOTE_OBJECT+@DistributedTags.RMI+@DistributedTags.GIPC,distributed:tags:server:remote:object:distributed:tags:rmi:distributed:tags:distributed:tags:server:remote:object:distributed:tags:rmi:distributed:tags,broadcastMetaState,broadcast:state,AnAbstractSimulationParametersBean:@@DistributedTags.SERVER_REMOTE_INTERFACE+@DistributedTags.RMI+@DistributedTags.SERVER_REMOTE_INTERFACE+@DistributedTags.RMI:Remote:@@DistributedTags.SERVER_REMOTE_INTERFACE+@DistributedTags.GIPC+@DistributedTags.SERVER_REMOTE_INTERFACE+@DistributedTags.GIPC:SimulationParametersListener,an:abstract:simulation:parameters:bean:distributed:tags:server:remote:interface:distributed:tags:rmi:distributed:tags:server:remote:interface:distributed:tags:rmi:remote:distributed:tags:server:remote:interface:distributed:tags:distributed:tags:server:remote:interface:distributed:tags:simulation:parameters:listener,assignments.util.inputParameters.AnAbstractSimulationParametersBean,an:abstract:simulation:parameters:bean,assignments.util.inputParameters.AnAbstractSimulationParametersBean,an:abstract:simulation:parameters:bean,setBroadcastMetaState,set:broadcast:state
broadcast.CoupledServerSimulation,coupled:server:simulation,@@DistributedTags.SERVER_REMOTE_OBJECT+@DistributedTags.RMI+@DistributedTags.GIPC+@DistributedTags.SERVER_REMOTE_OBJECT+@DistributedTags.RMI+@DistributedTags.GIPC,distributed:tags:server:remote:object:distributed:tags:rmi:distributed:tags:distributed:tags:server:remote:object:distributed:tags:rmi:distributed:tags,startReadingThread,start:reading:thread,AnAbstractSimulationParametersBean:@@DistributedTags.SERVER_REMOTE_INTERFACE+@DistributedTags.RMI+@DistributedTags.SERVER_REMOTE_INTERFACE+@DistributedTags.RMI:Remote:@@DistributedTags.SERVER_REMOTE_INTERFACE+@DistributedTags.GIPC+@DistributedTags.SERVER_REMOTE_INTERFACE+@DistributedTags.GIPC:SimulationParametersListener,an:abstract:simulation:parameters:bean:distributed:tags:server:remote:interface:distributed:tags:rmi:distributed:tags:server:remote:interface:distributed:tags:rmi:remote:distributed:tags:server:remote:interface:distributed:tags:distributed:tags:server:remote:interface:distributed:tags:simulation:parameters:listener,Thread,thread,java.lang.Thread,thread,Thread,thread
broadcast.CoupledServerSimulation,coupled:server:simulation,@@DistributedTags.SERVER_REMOTE_OBJECT+@DistributedTags.RMI+@DistributedTags.GIPC+@DistributedTags.SERVER_REMOTE_OBJECT+@DistributedTags.RMI+@DistributedTags.GIPC,distributed:tags:server:remote:object:distributed:tags:rmi:distributed:tags:distributed:tags:server:remote:object:distributed:tags:rmi:distributed:tags,startReadingThread,start:reading:thread,AnAbstractSimulationParametersBean:@@DistributedTags.SERVER_REMOTE_INTERFACE+@DistributedTags.RMI+@DistributedTags.SERVER_REMOTE_INTERFACE+@DistributedTags.RMI:Remote:@@DistributedTags.SERVER_REMOTE_INTERFACE+@DistributedTags.GIPC+@DistributedTags.SERVER_REMOTE_INTERFACE+@DistributedTags.GIPC:SimulationParametersListener,an:abstract:simulation:parameters:bean:distributed:tags:server:remote:interface:distributed:tags:rmi:distributed:tags:server:remote:interface:distributed:tags:rmi:remote:distributed:tags:server:remote:interface:distributed:tags:distributed:tags:server:remote:interface:distributed:tags:simulation:parameters:listener,broadcast.ReadingThread,reading:thread,@DistributedTags.SERVER_READ_THREAD+@DistributedTags.NIO,distributed:tags:server:read:thread:distributed:tags:nio,ReadingThread,reading:thread
broadcast.CoupledServerSimulation,coupled:server:simulation,@@DistributedTags.SERVER_REMOTE_OBJECT+@DistributedTags.RMI+@DistributedTags.GIPC+@DistributedTags.SERVER_REMOTE_OBJECT+@DistributedTags.RMI+@DistributedTags.GIPC,distributed:tags:server:remote:object:distributed:tags:rmi:distributed:tags:distributed:tags:server:remote:object:distributed:tags:rmi:distributed:tags,startReadingThread,start:reading:thread,AnAbstractSimulationParametersBean:@@DistributedTags.SERVER_REMOTE_INTERFACE+@DistributedTags.RMI+@DistributedTags.SERVER_REMOTE_INTERFACE+@DistributedTags.RMI:Remote:@@DistributedTags.SERVER_REMOTE_INTERFACE+@DistributedTags.GIPC+@DistributedTags.SERVER_REMOTE_INTERFACE+@DistributedTags.GIPC:SimulationParametersListener,an:abstract:simulation:parameters:bean:distributed:tags:server:remote:interface:distributed:tags:rmi:distributed:tags:server:remote:interface:distributed:tags:rmi:remote:distributed:tags:server:remote:interface:distributed:tags:distributed:tags:server:remote:interface:distributed:tags:simulation:parameters:listener,Thread,thread,java.lang.Thread,thread,setName,set:name
broadcast.CoupledServerSimulation,coupled:server:simulation,@@DistributedTags.SERVER_REMOTE_OBJECT+@DistributedTags.RMI+@DistributedTags.GIPC+@DistributedTags.SERVER_REMOTE_OBJECT+@DistributedTags.RMI+@DistributedTags.GIPC,distributed:tags:server:remote:object:distributed:tags:rmi:distributed:tags:distributed:tags:server:remote:object:distributed:tags:rmi:distributed:tags,startReadingThread,start:reading:thread,AnAbstractSimulationParametersBean:@@DistributedTags.SERVER_REMOTE_INTERFACE+@DistributedTags.RMI+@DistributedTags.SERVER_REMOTE_INTERFACE+@DistributedTags.RMI:Remote:@@DistributedTags.SERVER_REMOTE_INTERFACE+@DistributedTags.GIPC+@DistributedTags.SERVER_REMOTE_INTERFACE+@DistributedTags.GIPC:SimulationParametersListener,an:abstract:simulation:parameters:bean:distributed:tags:server:remote:interface:distributed:tags:rmi:distributed:tags:server:remote:interface:distributed:tags:rmi:remote:distributed:tags:server:remote:interface:distributed:tags:distributed:tags:server:remote:interface:distributed:tags:simulation:parameters:listener,Thread,thread,java.lang.Thread,thread,start,start
grading.Main,main,Main,main,main,main,AnAbstractSimulationParametersBean:@@DistributedTags.SERVER_REMOTE_INTERFACE+@DistributedTags.RMI+@DistributedTags.SERVER_REMOTE_INTERFACE+@DistributedTags.RMI:Remote:@@DistributedTags.SERVER_REMOTE_INTERFACE+@DistributedTags.GIPC+@DistributedTags.SERVER_REMOTE_INTERFACE+@DistributedTags.GIPC:SimulationParametersListener,an:abstract:simulation:parameters:bean:distributed:tags:server:remote:interface:distributed:tags:rmi:distributed:tags:server:remote:interface:distributed:tags:rmi:remote:distributed:tags:server:remote:interface:distributed:tags:distributed:tags:server:remote:interface:distributed:tags:simulation:parameters:listener,gradingTools.comp533.flexible.PortNumbers,port:numbers,gradingTools.comp533.flexible.PortNumbers,port:numbers,setTestPortRMIStart,set:test:port:rmi:start
grading.Main,main,Main,main,main,main,AnAbstractSimulationParametersBean:@@DistributedTags.SERVER_REMOTE_INTERFACE+@DistributedTags.RMI+@DistributedTags.SERVER_REMOTE_INTERFACE+@DistributedTags.RMI:Remote:@@DistributedTags.SERVER_REMOTE_INTERFACE+@DistributedTags.GIPC+@DistributedTags.SERVER_REMOTE_INTERFACE+@DistributedTags.GIPC:SimulationParametersListener,an:abstract:simulation:parameters:bean:distributed:tags:server:remote:interface:distributed:tags:rmi:distributed:tags:server:remote:interface:distributed:tags:rmi:remote:distributed:tags:server:remote:interface:distributed:tags:distributed:tags:server:remote:interface:distributed:tags:simulation:parameters:listener,gradingTools.comp533.flexible.PortNumbers,port:numbers,gradingTools.comp533.flexible.PortNumbers,port:numbers,setTestPortRMIEnd,set:test:port:rmi:end
grading.Main,main,Main,main,main,main,AnAbstractSimulationParametersBean:@@DistributedTags.SERVER_REMOTE_INTERFACE+@DistributedTags.RMI+@DistributedTags.SERVER_REMOTE_INTERFACE+@DistributedTags.RMI:Remote:@@DistributedTags.SERVER_REMOTE_INTERFACE+@DistributedTags.GIPC+@DistributedTags.SERVER_REMOTE_INTERFACE+@DistributedTags.GIPC:SimulationParametersListener,an:abstract:simulation:parameters:bean:distributed:tags:server:remote:interface:distributed:tags:rmi:distributed:tags:server:remote:interface:distributed:tags:rmi:remote:distributed:tags:server:remote:interface:distributed:tags:distributed:tags:server:remote:interface:distributed:tags:simulation:parameters:listener,gradingTools.comp533.flexible.PortNumbers,port:numbers,gradingTools.comp533.flexible.PortNumbers,port:numbers,setTestPortGIPCStart,set:test:port:start
grading.Main,main,Main,main,main,main,AnAbstractSimulationParametersBean:@@DistributedTags.SERVER_REMOTE_INTERFACE+@DistributedTags.RMI+@DistributedTags.SERVER_REMOTE_INTERFACE+@DistributedTags.RMI:Remote:@@DistributedTags.SERVER_REMOTE_INTERFACE+@DistributedTags.GIPC+@DistributedTags.SERVER_REMOTE_INTERFACE+@DistributedTags.GIPC:SimulationParametersListener,an:abstract:simulation:parameters:bean:distributed:tags:server:remote:interface:distributed:tags:rmi:distributed:tags:server:remote:interface:distributed:tags:rmi:remote:distributed:tags:server:remote:interface:distributed:tags:distributed:tags:server:remote:interface:distributed:tags:simulation:parameters:listener,gradingTools.comp533.flexible.PortNumbers,port:numbers,gradingTools.comp533.flexible.PortNumbers,port:numbers,setTestPortNIOStart,set:test:port:nio:start
grading.Main,main,Main,main,main,main,AnAbstractSimulationParametersBean:@@DistributedTags.SERVER_REMOTE_INTERFACE+@DistributedTags.RMI+@DistributedTags.SERVER_REMOTE_INTERFACE+@DistributedTags.RMI:Remote:@@DistributedTags.SERVER_REMOTE_INTERFACE+@DistributedTags.GIPC+@DistributedTags.SERVER_REMOTE_INTERFACE+@DistributedTags.GIPC:SimulationParametersListener,an:abstract:simulation:parameters:bean:distributed:tags:server:remote:interface:distributed:tags:rmi:distributed:tags:server:remote:interface:distributed:tags:rmi:remote:distributed:tags:server:remote:interface:distributed:tags:distributed:tags:server:remote:interface:distributed:tags:simulation:parameters:listener,trace.grader.basics.GraderBasicsTraceUtility,grader:basics:trace:utility,trace.grader.basics.GraderBasicsTraceUtility,grader:basics:trace:utility,setTracerShowInfo,set:tracer:show:info
grading.Main,main,Main,main,main,main,AnAbstractSimulationParametersBean:@@DistributedTags.SERVER_REMOTE_INTERFACE+@DistributedTags.RMI+@DistributedTags.SERVER_REMOTE_INTERFACE+@DistributedTags.RMI:Remote:@@DistributedTags.SERVER_REMOTE_INTERFACE+@DistributedTags.GIPC+@DistributedTags.SERVER_REMOTE_INTERFACE+@DistributedTags.GIPC:SimulationParametersListener,an:abstract:simulation:parameters:bean:distributed:tags:server:remote:interface:distributed:tags:rmi:distributed:tags:server:remote:interface:distributed:tags:rmi:remote:distributed:tags:server:remote:interface:distributed:tags:distributed:tags:server:remote:interface:distributed:tags:simulation:parameters:listener,trace.grader.basics.GraderBasicsTraceUtility,grader:basics:trace:utility,trace.grader.basics.GraderBasicsTraceUtility,grader:basics:trace:utility,setBufferTracedMessages,set:buffer:traced:messages
grading.Main,main,Main,main,main,main,AnAbstractSimulationParametersBean:@@DistributedTags.SERVER_REMOTE_INTERFACE+@DistributedTags.RMI+@DistributedTags.SERVER_REMOTE_INTERFACE+@DistributedTags.RMI:Remote:@@DistributedTags.SERVER_REMOTE_INTERFACE+@DistributedTags.GIPC+@DistributedTags.SERVER_REMOTE_INTERFACE+@DistributedTags.GIPC:SimulationParametersListener,an:abstract:simulation:parameters:bean:distributed:tags:server:remote:interface:distributed:tags:rmi:distributed:tags:server:remote:interface:distributed:tags:rmi:remote:distributed:tags:server:remote:interface:distributed:tags:distributed:tags:server:remote:interface:distributed:tags:simulation:parameters:listener,trace.grader.basics.GraderBasicsTraceUtility,grader:basics:trace:utility,trace.grader.basics.GraderBasicsTraceUtility,grader:basics:trace:utility,setMaxPrintedTraces,set:max:printed:traces
grading.Main,main,Main,main,main,main,AnAbstractSimulationParametersBean:@@DistributedTags.SERVER_REMOTE_INTERFACE+@DistributedTags.RMI+@DistributedTags.SERVER_REMOTE_INTERFACE+@DistributedTags.RMI:Remote:@@DistributedTags.SERVER_REMOTE_INTERFACE+@DistributedTags.GIPC+@DistributedTags.SERVER_REMOTE_INTERFACE+@DistributedTags.GIPC:SimulationParametersListener,an:abstract:simulation:parameters:bean:distributed:tags:server:remote:interface:distributed:tags:rmi:distributed:tags:server:remote:interface:distributed:tags:rmi:remote:distributed:tags:server:remote:interface:distributed:tags:distributed:tags:server:remote:interface:distributed:tags:simulation:parameters:listener,trace.grader.basics.GraderBasicsTraceUtility,grader:basics:trace:utility,trace.grader.basics.GraderBasicsTraceUtility,grader:basics:trace:utility,setMaxTraces,set:max:traces
grading.Main,main,Main,main,main,main,AnAbstractSimulationParametersBean:@@DistributedTags.SERVER_REMOTE_INTERFACE+@DistributedTags.RMI+@DistributedTags.SERVER_REMOTE_INTERFACE+@DistributedTags.RMI:Remote:@@DistributedTags.SERVER_REMOTE_INTERFACE+@DistributedTags.GIPC+@DistributedTags.SERVER_REMOTE_INTERFACE+@DistributedTags.GIPC:SimulationParametersListener,an:abstract:simulation:parameters:bean:distributed:tags:server:remote:interface:distributed:tags:rmi:distributed:tags:server:remote:interface:distributed:tags:rmi:remote:distributed:tags:server:remote:interface:distributed:tags:distributed:tags:server:remote:interface:distributed:tags:simulation:parameters:listener,gradingTools.comp533s20.assignment4.Assignment4Suite,assignment:suite,gradingTools.comp533s20.assignment4.Assignment4Suite,assignment:suite,setProcessTimeOut,set:process:time:out
grading.Main,main,Main,main,main,main,AnAbstractSimulationParametersBean:@@DistributedTags.SERVER_REMOTE_INTERFACE+@DistributedTags.RMI+@DistributedTags.SERVER_REMOTE_INTERFACE+@DistributedTags.RMI:Remote:@@DistributedTags.SERVER_REMOTE_INTERFACE+@DistributedTags.GIPC+@DistributedTags.SERVER_REMOTE_INTERFACE+@DistributedTags.GIPC:SimulationParametersListener,an:abstract:simulation:parameters:bean:distributed:tags:server:remote:interface:distributed:tags:rmi:distributed:tags:server:remote:interface:distributed:tags:rmi:remote:distributed:tags:server:remote:interface:distributed:tags:distributed:tags:server:remote:interface:distributed:tags:simulation:parameters:listener,gradingTools.comp533s25.assignment6.S25Assignment6Suite,assignment:suite,gradingTools.comp533s25.assignment6.S25Assignment6Suite,assignment:suite,main,main
client.OutCoupler,out:coupler,@@DistributedTags.CLIENT_OUT_COUPLER+@DistributedTags.RMI+@DistributedTags.GIPC+@DistributedTags.CLIENT_OUT_COUPLER+@DistributedTags.RMI+@DistributedTags.GIPC+@DistributedTags.NIO,distributed:tags:client:out:coupler:distributed:tags:rmi:distributed:tags:distributed:tags:client:out:coupler:distributed:tags:rmi:distributed:tags:distributed:tags:nio,setTracing,set:tracing,AnAbstractSimulationParametersBean:@@DistributedTags.SERVER_REMOTE_INTERFACE+@DistributedTags.RMI+@DistributedTags.SERVER_REMOTE_INTERFACE+@DistributedTags.RMI:Remote:@@DistributedTags.SERVER_REMOTE_INTERFACE+@DistributedTags.GIPC+@DistributedTags.SERVER_REMOTE_INTERFACE+@DistributedTags.GIPC:SimulationParametersListener:PropertyChangeListener:EventListener:SimulationParametersListener,an:abstract:simulation:parameters:bean:distributed:tags:server:remote:interface:distributed:tags:rmi:distributed:tags:server:remote:interface:distributed:tags:rmi:remote:distributed:tags:server:remote:interface:distributed:tags:distributed:tags:server:remote:interface:distributed:tags:simulation:parameters:listener:property:change:listener:event:listener:simulation:parameters:listener,util.trace.port.PortTraceUtility,port:trace:utility,util.trace.port.PortTraceUtility,port:trace:utility,setTracing,set:tracing
client.OutCoupler,out:coupler,@@DistributedTags.CLIENT_OUT_COUPLER+@DistributedTags.RMI+@DistributedTags.GIPC+@DistributedTags.CLIENT_OUT_COUPLER+@DistributedTags.RMI+@DistributedTags.GIPC+@DistributedTags.NIO,distributed:tags:client:out:coupler:distributed:tags:rmi:distributed:tags:distributed:tags:client:out:coupler:distributed:tags:rmi:distributed:tags:distributed:tags:nio,setTracing,set:tracing,AnAbstractSimulationParametersBean:@@DistributedTags.SERVER_REMOTE_INTERFACE+@DistributedTags.RMI+@DistributedTags.SERVER_REMOTE_INTERFACE+@DistributedTags.RMI:Remote:@@DistributedTags.SERVER_REMOTE_INTERFACE+@DistributedTags.GIPC+@DistributedTags.SERVER_REMOTE_INTERFACE+@DistributedTags.GIPC:SimulationParametersListener:PropertyChangeListener:EventListener:SimulationParametersListener,an:abstract:simulation:parameters:bean:distributed:tags:server:remote:interface:distributed:tags:rmi:distributed:tags:server:remote:interface:distributed:tags:rmi:remote:distributed:tags:server:remote:interface:distributed:tags:distributed:tags:server:remote:interface:distributed:tags:simulation:parameters:listener:property:change:listener:event:listener:simulation:parameters:listener,util.trace.port.rpc.rmi.RMITraceUtility,rmi:trace:utility,util.trace.port.rpc.rmi.RMITraceUtility,rmi:trace:utility,setTracing,set:tracing
client.OutCoupler,out:coupler,@@DistributedTags.CLIENT_OUT_COUPLER+@DistributedTags.RMI+@DistributedTags.GIPC+@DistributedTags.CLIENT_OUT_COUPLER+@DistributedTags.RMI+@DistributedTags.GIPC+@DistributedTags.NIO,distributed:tags:client:out:coupler:distributed:tags:rmi:distributed:tags:distributed:tags:client:out:coupler:distributed:tags:rmi:distributed:tags:distributed:tags:nio,setTracing,set:tracing,AnAbstractSimulationParametersBean:@@DistributedTags.SERVER_REMOTE_INTERFACE+@DistributedTags.RMI+@DistributedTags.SERVER_REMOTE_INTERFACE+@DistributedTags.RMI:Remote:@@DistributedTags.SERVER_REMOTE_INTERFACE+@DistributedTags.GIPC+@DistributedTags.SERVER_REMOTE_INTERFACE+@DistributedTags.GIPC:SimulationParametersListener:PropertyChangeListener:EventListener:SimulationParametersListener,an:abstract:simulation:parameters:bean:distributed:tags:server:remote:interface:distributed:tags:rmi:distributed:tags:server:remote:interface:distributed:tags:rmi:remote:distributed:tags:server:remote:interface:distributed:tags:distributed:tags:server:remote:interface:distributed:tags:simulation:parameters:listener:property:change:listener:event:listener:simulation:parameters:listener,util.trace.port.nio.NIOTraceUtility,nio:trace:utility,util.trace.port.nio.NIOTraceUtility,nio:trace:utility,setTracing,set:tracing
client.OutCoupler,out:coupler,@@DistributedTags.CLIENT_OUT_COUPLER+@DistributedTags.RMI+@DistributedTags.GIPC+@DistributedTags.CLIENT_OUT_COUPLER+@DistributedTags.RMI+@DistributedTags.GIPC+@DistributedTags.NIO,distributed:tags:client:out:coupler:distributed:tags:rmi:distributed:tags:distributed:tags:client:out:coupler:distributed:tags:rmi:distributed:tags:distributed:tags:nio,setTracing,set:tracing,AnAbstractSimulationParametersBean:@@DistributedTags.SERVER_REMOTE_INTERFACE+@DistributedTags.RMI+@DistributedTags.SERVER_REMOTE_INTERFACE+@DistributedTags.RMI:Remote:@@DistributedTags.SERVER_REMOTE_INTERFACE+@DistributedTags.GIPC+@DistributedTags.SERVER_REMOTE_INTERFACE+@DistributedTags.GIPC:SimulationParametersListener:PropertyChangeListener:EventListener:SimulationParametersListener,an:abstract:simulation:parameters:bean:distributed:tags:server:remote:interface:distributed:tags:rmi:distributed:tags:server:remote:interface:distributed:tags:rmi:remote:distributed:tags:server:remote:interface:distributed:tags:distributed:tags:server:remote:interface:distributed:tags:simulation:parameters:listener:property:change:listener:event:listener:simulation:parameters:listener,util.trace.factories.FactoryTraceUtility,factory:trace:utility,util.trace.factories.FactoryTraceUtility,factory:trace:utility,setTracing,set:tracing
client.OutCoupler,out:coupler,@@DistributedTags.CLIENT_OUT_COUPLER+@DistributedTags.RMI+@DistributedTags.GIPC+@DistributedTags.CLIENT_OUT_COUPLER+@DistributedTags.RMI+@DistributedTags.GIPC+@DistributedTags.NIO,distributed:tags:client:out:coupler:distributed:tags:rmi:distributed:tags:distributed:tags:client:out:coupler:distributed:tags:rmi:distributed:tags:distributed:tags:nio,setTracing,set:tracing,AnAbstractSimulationParametersBean:@@DistributedTags.SERVER_REMOTE_INTERFACE+@DistributedTags.RMI+@DistributedTags.SERVER_REMOTE_INTERFACE+@DistributedTags.RMI:Remote:@@DistributedTags.SERVER_REMOTE_INTERFACE+@DistributedTags.GIPC+@DistributedTags.SERVER_REMOTE_INTERFACE+@DistributedTags.GIPC:SimulationParametersListener:PropertyChangeListener:EventListener:SimulationParametersListener,an:abstract:simulation:parameters:bean:distributed:tags:server:remote:interface:distributed:tags:rmi:distributed:tags:server:remote:interface:distributed:tags:rmi:remote:distributed:tags:server:remote:interface:distributed:tags:distributed:tags:server:remote:interface:distributed:tags:simulation:parameters:listener:property:change:listener:event:listener:simulation:parameters:listener,util.trace.port.consensus.ConsensusTraceUtility,consensus:trace:utility,util.trace.port.consensus.ConsensusTraceUtility,consensus:trace:utility,setTracing,set:tracing
client.OutCoupler,out:coupler,@@DistributedTags.CLIENT_OUT_COUPLER+@DistributedTags.RMI+@DistributedTags.GIPC+@DistributedTags.CLIENT_OUT_COUPLER+@DistributedTags.RMI+@DistributedTags.GIPC+@DistributedTags.NIO,distributed:tags:client:out:coupler:distributed:tags:rmi:distributed:tags:distributed:tags:client:out:coupler:distributed:tags:rmi:distributed:tags:distributed:tags:nio,setTracing,set:tracing,AnAbstractSimulationParametersBean:@@DistributedTags.SERVER_REMOTE_INTERFACE+@DistributedTags.RMI+@DistributedTags.SERVER_REMOTE_INTERFACE+@DistributedTags.RMI:Remote:@@DistributedTags.SERVER_REMOTE_INTERFACE+@DistributedTags.GIPC+@DistributedTags.SERVER_REMOTE_INTERFACE+@DistributedTags.GIPC:SimulationParametersListener:PropertyChangeListener:EventListener:SimulationParametersListener,an:abstract:simulation:parameters:bean:distributed:tags:server:remote:interface:distributed:tags:rmi:distributed:tags:server:remote:interface:distributed:tags:rmi:remote:distributed:tags:server:remote:interface:distributed:tags:distributed:tags:server:remote:interface:distributed:tags:simulation:parameters:listener:property:change:listener:event:listener:simulation:parameters:listener,util.trace.misc.ThreadDelayed,thread:delayed,util.trace.misc.ThreadDelayed,thread:delayed,enablePrint,enable:print
client.OutCoupler,out:coupler,@@DistributedTags.CLIENT_OUT_COUPLER+@DistributedTags.RMI+@DistributedTags.GIPC+@DistributedTags.CLIENT_OUT_COUPLER+@DistributedTags.RMI+@DistributedTags.GIPC+@DistributedTags.NIO,distributed:tags:client:out:coupler:distributed:tags:rmi:distributed:tags:distributed:tags:client:out:coupler:distributed:tags:rmi:distributed:tags:distributed:tags:nio,setTracing,set:tracing,AnAbstractSimulationParametersBean:@@DistributedTags.SERVER_REMOTE_INTERFACE+@DistributedTags.RMI+@DistributedTags.SERVER_REMOTE_INTERFACE+@DistributedTags.RMI:Remote:@@DistributedTags.SERVER_REMOTE_INTERFACE+@DistributedTags.GIPC+@DistributedTags.SERVER_REMOTE_INTERFACE+@DistributedTags.GIPC:SimulationParametersListener:PropertyChangeListener:EventListener:SimulationParametersListener,an:abstract:simulation:parameters:bean:distributed:tags:server:remote:interface:distributed:tags:rmi:distributed:tags:server:remote:interface:distributed:tags:rmi:remote:distributed:tags:server:remote:interface:distributed:tags:distributed:tags:server:remote:interface:distributed:tags:simulation:parameters:listener:property:change:listener:event:listener:simulation:parameters:listener,client.OutCoupler,out:coupler,@@DistributedTags.CLIENT_OUT_COUPLER+@DistributedTags.RMI+@DistributedTags.GIPC+@DistributedTags.CLIENT_OUT_COUPLER+@DistributedTags.RMI+@DistributedTags.GIPC+@DistributedTags.NIO,distributed:tags:client:out:coupler:distributed:tags:rmi:distributed:tags:distributed:tags:client:out:coupler:distributed:tags:rmi:distributed:tags:distributed:tags:nio,trace,trace
client.OutCoupler,out:coupler,@@DistributedTags.CLIENT_OUT_COUPLER+@DistributedTags.RMI+@DistributedTags.GIPC+@DistributedTags.CLIENT_OUT_COUPLER+@DistributedTags.RMI+@DistributedTags.GIPC+@DistributedTags.NIO,distributed:tags:client:out:coupler:distributed:tags:rmi:distributed:tags:distributed:tags:client:out:coupler:distributed:tags:rmi:distributed:tags:distributed:tags:nio,propertyChange,property:change,AnAbstractSimulationParametersBean:@@DistributedTags.SERVER_REMOTE_INTERFACE+@DistributedTags.RMI+@DistributedTags.SERVER_REMOTE_INTERFACE+@DistributedTags.RMI:Remote:@@DistributedTags.SERVER_REMOTE_INTERFACE+@DistributedTags.GIPC+@DistributedTags.SERVER_REMOTE_INTERFACE+@DistributedTags.GIPC:SimulationParametersListener:PropertyChangeListener:EventListener:SimulationParametersListener,an:abstract:simulation:parameters:bean:distributed:tags:server:remote:interface:distributed:tags:rmi:distributed:tags:server:remote:interface:distributed:tags:rmi:remote:distributed:tags:server:remote:interface:distributed:tags:distributed:tags:server:remote:interface:distributed:tags:simulation:parameters:listener:property:change:listener:event:listener:simulation:parameters:listener,java.beans.PropertyChangeEvent,property:change:event,java.beans.PropertyChangeEvent,property:change:event,equals,equals
client.OutCoupler,out:coupler,@@DistributedTags.CLIENT_OUT_COUPLER+@DistributedTags.RMI+@DistributedTags.GIPC+@DistributedTags.CLIENT_OUT_COUPLER+@DistributedTags.RMI+@DistributedTags.GIPC+@DistributedTags.NIO,distributed:tags:client:out:coupler:distributed:tags:rmi:distributed:tags:distributed:tags:client:out:coupler:distributed:tags:rmi:distributed:tags:distributed:tags:nio,propertyChange,property:change,AnAbstractSimulationParametersBean:@@DistributedTags.SERVER_REMOTE_INTERFACE+@DistributedTags.RMI+@DistributedTags.SERVER_REMOTE_INTERFACE+@DistributedTags.RMI:Remote:@@DistributedTags.SERVER_REMOTE_INTERFACE+@DistributedTags.GIPC+@DistributedTags.SERVER_REMOTE_INTERFACE+@DistributedTags.GIPC:SimulationParametersListener:PropertyChangeListener:EventListener:SimulationParametersListener,an:abstract:simulation:parameters:bean:distributed:tags:server:remote:interface:distributed:tags:rmi:distributed:tags:server:remote:interface:distributed:tags:rmi:remote:distributed:tags:server:remote:interface:distributed:tags:distributed:tags:server:remote:interface:distributed:tags:simulation:parameters:listener:property:change:listener:event:listener:simulation:parameters:listener,java.beans.PropertyChangeEvent,property:change:event,java.beans.PropertyChangeEvent,property:change:event,getPropertyName,get:property:name
client.OutCoupler,out:coupler,@@DistributedTags.CLIENT_OUT_COUPLER+@DistributedTags.RMI+@DistributedTags.GIPC+@DistributedTags.CLIENT_OUT_COUPLER+@DistributedTags.RMI+@DistributedTags.GIPC+@DistributedTags.NIO,distributed:tags:client:out:coupler:distributed:tags:rmi:distributed:tags:distributed:tags:client:out:coupler:distributed:tags:rmi:distributed:tags:distributed:tags:nio,propertyChange,property:change,AnAbstractSimulationParametersBean:@@DistributedTags.SERVER_REMOTE_INTERFACE+@DistributedTags.RMI+@DistributedTags.SERVER_REMOTE_INTERFACE+@DistributedTags.RMI:Remote:@@DistributedTags.SERVER_REMOTE_INTERFACE+@DistributedTags.GIPC+@DistributedTags.SERVER_REMOTE_INTERFACE+@DistributedTags.GIPC:SimulationParametersListener:PropertyChangeListener:EventListener:SimulationParametersListener,an:abstract:simulation:parameters:bean:distributed:tags:server:remote:interface:distributed:tags:rmi:distributed:tags:server:remote:interface:distributed:tags:rmi:remote:distributed:tags:server:remote:interface:distributed:tags:distributed:tags:server:remote:interface:distributed:tags:simulation:parameters:listener:property:change:listener:event:listener:simulation:parameters:listener,java.beans.PropertyChangeEvent,property:change:event,java.beans.PropertyChangeEvent,property:change:event,getNewValue,get:new:value
client.OutCoupler,out:coupler,@@DistributedTags.CLIENT_OUT_COUPLER+@DistributedTags.RMI+@DistributedTags.GIPC+@DistributedTags.CLIENT_OUT_COUPLER+@DistributedTags.RMI+@DistributedTags.GIPC+@DistributedTags.NIO,distributed:tags:client:out:coupler:distributed:tags:rmi:distributed:tags:distributed:tags:client:out:coupler:distributed:tags:rmi:distributed:tags:distributed:tags:nio,propertyChange,property:change,AnAbstractSimulationParametersBean:@@DistributedTags.SERVER_REMOTE_INTERFACE+@DistributedTags.RMI+@DistributedTags.SERVER_REMOTE_INTERFACE+@DistributedTags.RMI:Remote:@@DistributedTags.SERVER_REMOTE_INTERFACE+@DistributedTags.GIPC+@DistributedTags.SERVER_REMOTE_INTERFACE+@DistributedTags.GIPC:SimulationParametersListener:PropertyChangeListener:EventListener:SimulationParametersListener,an:abstract:simulation:parameters:bean:distributed:tags:server:remote:interface:distributed:tags:rmi:distributed:tags:server:remote:interface:distributed:tags:rmi:remote:distributed:tags:server:remote:interface:distributed:tags:distributed:tags:server:remote:interface:distributed:tags:simulation:parameters:listener:property:change:listener:event:listener:simulation:parameters:listener,util.trace.trickOrTreat.LocalCommandObserved,local:command:observed,util.trace.trickOrTreat.LocalCommandObserved,local:command:observed,newCase,new:case
client.OutCoupler,out:coupler,@@DistributedTags.CLIENT_OUT_COUPLER+@DistributedTags.RMI+@DistributedTags.GIPC+@DistributedTags.CLIENT_OUT_COUPLER+@DistributedTags.RMI+@DistributedTags.GIPC+@DistributedTags.NIO,distributed:tags:client:out:coupler:distributed:tags:rmi:distributed:tags:distributed:tags:client:out:coupler:distributed:tags:rmi:distributed:tags:distributed:tags:nio,propertyChange,property:change,AnAbstractSimulationParametersBean:@@DistributedTags.SERVER_REMOTE_INTERFACE+@DistributedTags.RMI+@DistributedTags.SERVER_REMOTE_INTERFACE+@DistributedTags.RMI:Remote:@@DistributedTags.SERVER_REMOTE_INTERFACE+@DistributedTags.GIPC+@DistributedTags.SERVER_REMOTE_INTERFACE+@DistributedTags.GIPC:SimulationParametersListener:PropertyChangeListener:EventListener:SimulationParametersListener,an:abstract:simulation:parameters:bean:distributed:tags:server:remote:interface:distributed:tags:rmi:distributed:tags:server:remote:interface:distributed:tags:rmi:remote:distributed:tags:server:remote:interface:distributed:tags:distributed:tags:server:remote:interface:distributed:tags:simulation:parameters:listener:property:change:listener:event:listener:simulation:parameters:listener,util.trace.port.consensus.ProposalMade,proposal:made,util.trace.port.consensus.ProposalMade,proposal:made,newCase,new:case
client.OutCoupler,out:coupler,@@DistributedTags.CLIENT_OUT_COUPLER+@DistributedTags.RMI+@DistributedTags.GIPC+@DistributedTags.CLIENT_OUT_COUPLER+@DistributedTags.RMI+@DistributedTags.GIPC+@DistributedTags.NIO,distributed:tags:client:out:coupler:distributed:tags:rmi:distributed:tags:distributed:tags:client:out:coupler:distributed:tags:rmi:distributed:tags:distributed:tags:nio,propertyChange,property:change,AnAbstractSimulationParametersBean:@@DistributedTags.SERVER_REMOTE_INTERFACE+@DistributedTags.RMI+@DistributedTags.SERVER_REMOTE_INTERFACE+@DistributedTags.RMI:Remote:@@DistributedTags.SERVER_REMOTE_INTERFACE+@DistributedTags.GIPC+@DistributedTags.SERVER_REMOTE_INTERFACE+@DistributedTags.GIPC:SimulationParametersListener:PropertyChangeListener:EventListener:SimulationParametersListener,an:abstract:simulation:parameters:bean:distributed:tags:server:remote:interface:distributed:tags:rmi:distributed:tags:server:remote:interface:distributed:tags:rmi:remote:distributed:tags:server:remote:interface:distributed:tags:distributed:tags:server:remote:interface:distributed:tags:simulation:parameters:listener:property:change:listener:event:listener:simulation:parameters:listener,util.trace.port.consensus.RemoteProposeRequestSent,remote:propose:request:sent,util.trace.port.consensus.RemoteProposeRequestSent,remote:propose:request:sent,newCase,new:case
client.OutCoupler,out:coupler,@@DistributedTags.CLIENT_OUT_COUPLER+@DistributedTags.RMI+@DistributedTags.GIPC+@DistributedTags.CLIENT_OUT_COUPLER+@DistributedTags.RMI+@DistributedTags.GIPC+@DistributedTags.NIO,distributed:tags:client:out:coupler:distributed:tags:rmi:distributed:tags:distributed:tags:client:out:coupler:distributed:tags:rmi:distributed:tags:distributed:tags:nio,propertyChange,property:change,AnAbstractSimulationParametersBean:@@DistributedTags.SERVER_REMOTE_INTERFACE+@DistributedTags.RMI+@DistributedTags.SERVER_REMOTE_INTERFACE+@DistributedTags.RMI:Remote:@@DistributedTags.SERVER_REMOTE_INTERFACE+@DistributedTags.GIPC+@DistributedTags.SERVER_REMOTE_INTERFACE+@DistributedTags.GIPC:SimulationParametersListener:PropertyChangeListener:EventListener:SimulationParametersListener,an:abstract:simulation:parameters:bean:distributed:tags:server:remote:interface:distributed:tags:rmi:distributed:tags:server:remote:interface:distributed:tags:rmi:remote:distributed:tags:server:remote:interface:distributed:tags:distributed:tags:server:remote:interface:distributed:tags:simulation:parameters:listener:property:change:listener:event:listener:simulation:parameters:listener,client.CoupledClientSimulation,coupled:client:simulation,@@DistributedTags.CLIENT_REMOTE_OBJECT+@DistributedTags.RMI+@DistributedTags.GIPC+@DistributedTags.CLIENT_REMOTE_OBJECT+@DistributedTags.RMI+@DistributedTags.GIPC,distributed:tags:client:remote:object:distributed:tags:rmi:distributed:tags:distributed:tags:client:remote:object:distributed:tags:rmi:distributed:tags,getIPCMechanism,get:mechanism
client.OutCoupler,out:coupler,@@DistributedTags.CLIENT_OUT_COUPLER+@DistributedTags.RMI+@DistributedTags.GIPC+@DistributedTags.CLIENT_OUT_COUPLER+@DistributedTags.RMI+@DistributedTags.GIPC+@DistributedTags.NIO,distributed:tags:client:out:coupler:distributed:tags:rmi:distributed:tags:distributed:tags:client:out:coupler:distributed:tags:rmi:distributed:tags:distributed:tags:nio,propertyChange,property:change,AnAbstractSimulationParametersBean:@@DistributedTags.SERVER_REMOTE_INTERFACE+@DistributedTags.RMI+@DistributedTags.SERVER_REMOTE_INTERFACE+@DistributedTags.RMI:Remote:@@DistributedTags.SERVER_REMOTE_INTERFACE+@DistributedTags.GIPC+@DistributedTags.SERVER_REMOTE_INTERFACE+@DistributedTags.GIPC:SimulationParametersListener:PropertyChangeListener:EventListener:SimulationParametersListener,an:abstract:simulation:parameters:bean:distributed:tags:server:remote:interface:distributed:tags:rmi:distributed:tags:server:remote:interface:distributed:tags:rmi:remote:distributed:tags:server:remote:interface:distributed:tags:distributed:tags:server:remote:interface:distributed:tags:simulation:parameters:listener:property:change:listener:event:listener:simulation:parameters:listener,broadcast.ICoupledServerSimulation,i:coupled:server:simulation,@@DistributedTags.SERVER_REMOTE_INTERFACE+@DistributedTags.RMI+@DistributedTags.SERVER_REMOTE_INTERFACE+@DistributedTags.RMI,distributed:tags:server:remote:interface:distributed:tags:rmi:distributed:tags:server:remote:interface:distributed:tags:rmi,broadcast,broadcast
client.OutCoupler,out:coupler,@@DistributedTags.CLIENT_OUT_COUPLER+@DistributedTags.RMI+@DistributedTags.GIPC+@DistributedTags.CLIENT_OUT_COUPLER+@DistributedTags.RMI+@DistributedTags.GIPC+@DistributedTags.NIO,distributed:tags:client:out:coupler:distributed:tags:rmi:distributed:tags:distributed:tags:client:out:coupler:distributed:tags:rmi:distributed:tags:distributed:tags:nio,propertyChange,property:change,AnAbstractSimulationParametersBean:@@DistributedTags.SERVER_REMOTE_INTERFACE+@DistributedTags.RMI+@DistributedTags.SERVER_REMOTE_INTERFACE+@DistributedTags.RMI:Remote:@@DistributedTags.SERVER_REMOTE_INTERFACE+@DistributedTags.GIPC+@DistributedTags.SERVER_REMOTE_INTERFACE+@DistributedTags.GIPC:SimulationParametersListener:PropertyChangeListener:EventListener:SimulationParametersListener,an:abstract:simulation:parameters:bean:distributed:tags:server:remote:interface:distributed:tags:rmi:distributed:tags:server:remote:interface:distributed:tags:rmi:remote:distributed:tags:server:remote:interface:distributed:tags:distributed:tags:server:remote:interface:distributed:tags:simulation:parameters:listener:property:change:listener:event:listener:simulation:parameters:listener,java.rmi.RemoteException,remote:exception,java.rmi.RemoteException,remote:exception,printStackTrace,print:stack:trace
client.OutCoupler,out:coupler,@@DistributedTags.CLIENT_OUT_COUPLER+@DistributedTags.RMI+@DistributedTags.GIPC+@DistributedTags.CLIENT_OUT_COUPLER+@DistributedTags.RMI+@DistributedTags.GIPC+@DistributedTags.NIO,distributed:tags:client:out:coupler:distributed:tags:rmi:distributed:tags:distributed:tags:client:out:coupler:distributed:tags:rmi:distributed:tags:distributed:tags:nio,propertyChange,property:change,AnAbstractSimulationParametersBean:@@DistributedTags.SERVER_REMOTE_INTERFACE+@DistributedTags.RMI+@DistributedTags.SERVER_REMOTE_INTERFACE+@DistributedTags.RMI:Remote:@@DistributedTags.SERVER_REMOTE_INTERFACE+@DistributedTags.GIPC+@DistributedTags.SERVER_REMOTE_INTERFACE+@DistributedTags.GIPC:SimulationParametersListener:PropertyChangeListener:EventListener:SimulationParametersListener,an:abstract:simulation:parameters:bean:distributed:tags:server:remote:interface:distributed:tags:rmi:distributed:tags:server:remote:interface:distributed:tags:rmi:remote:distributed:tags:server:remote:interface:distributed:tags:distributed:tags:server:remote:interface:distributed:tags:simulation:parameters:listener:property:change:listener:event:listener:simulation:parameters:listener,broadcast.IGeneralizedIPCServer,i:generalized:server,@@DistributedTags.SERVER_REMOTE_INTERFACE+@DistributedTags.GIPC+@DistributedTags.SERVER_REMOTE_INTERFACE+@DistributedTags.GIPC,distributed:tags:server:remote:interface:distributed:tags:distributed:tags:server:remote:interface:distributed:tags,broadcastGIPC,broadcast
client.OutCoupler,out:coupler,@@DistributedTags.CLIENT_OUT_COUPLER+@DistributedTags.RMI+@DistributedTags.GIPC+@DistributedTags.CLIENT_OUT_COUPLER+@DistributedTags.RMI+@DistributedTags.GIPC+@DistributedTags.NIO,distributed:tags:client:out:coupler:distributed:tags:rmi:distributed:tags:distributed:tags:client:out:coupler:distributed:tags:rmi:distributed:tags:distributed:tags:nio,propertyChange,property:change,AnAbstractSimulationParametersBean:@@DistributedTags.SERVER_REMOTE_INTERFACE+@DistributedTags.RMI+@DistributedTags.SERVER_REMOTE_INTERFACE+@DistributedTags.RMI:Remote:@@DistributedTags.SERVER_REMOTE_INTERFACE+@DistributedTags.GIPC+@DistributedTags.SERVER_REMOTE_INTERFACE+@DistributedTags.GIPC:SimulationParametersListener:PropertyChangeListener:EventListener:SimulationParametersListener,an:abstract:simulation:parameters:bean:distributed:tags:server:remote:interface:distributed:tags:rmi:distributed:tags:server:remote:interface:distributed:tags:rmi:remote:distributed:tags:server:remote:interface:distributed:tags:distributed:tags:server:remote:interface:distributed:tags:simulation:parameters:listener:property:change:listener:event:listener:simulation:parameters:listener,java.nio.ByteBuffer,byte:buffer,java.nio.ByteBuffer,byte:buffer,wrap,wrap
client.OutCoupler,out:coupler,@@DistributedTags.CLIENT_OUT_COUPLER+@DistributedTags.RMI+@DistributedTags.GIPC+@DistributedTags.CLIENT_OUT_COUPLER+@DistributedTags.RMI+@DistributedTags.GIPC+@DistributedTags.NIO,distributed:tags:client:out:coupler:distributed:tags:rmi:distributed:tags:distributed:tags:client:out:coupler:distributed:tags:rmi:distributed:tags:distributed:tags:nio,propertyChange,property:change,AnAbstractSimulationParametersBean:@@DistributedTags.SERVER_REMOTE_INTERFACE+@DistributedTags.RMI+@DistributedTags.SERVER_REMOTE_INTERFACE+@DistributedTags.RMI:Remote:@@DistributedTags.SERVER_REMOTE_INTERFACE+@DistributedTags.GIPC+@DistributedTags.SERVER_REMOTE_INTERFACE+@DistributedTags.GIPC:SimulationParametersListener:PropertyChangeListener:EventListener:SimulationParametersListener,an:abstract:simulation:parameters:bean:distributed:tags:server:remote:interface:distributed:tags:rmi:distributed:tags:server:remote:interface:distributed:tags:rmi:remote:distributed:tags:server:remote:interface:distributed:tags:distributed:tags:server:remote:interface:distributed:tags:simulation:parameters:listener:property:change:listener:event:listener:simulation:parameters:listener,String,string,java.lang.String,string,getBytes,get:bytes
client.OutCoupler,out:coupler,@@DistributedTags.CLIENT_OUT_COUPLER+@DistributedTags.RMI+@DistributedTags.GIPC+@DistributedTags.CLIENT_OUT_COUPLER+@DistributedTags.RMI+@DistributedTags.GIPC+@DistributedTags.NIO,distributed:tags:client:out:coupler:distributed:tags:rmi:distributed:tags:distributed:tags:client:out:coupler:distributed:tags:rmi:distributed:tags:distributed:tags:nio,propertyChange,property:change,AnAbstractSimulationParametersBean:@@DistributedTags.SERVER_REMOTE_INTERFACE+@DistributedTags.RMI+@DistributedTags.SERVER_REMOTE_INTERFACE+@DistributedTags.RMI:Remote:@@DistributedTags.SERVER_REMOTE_INTERFACE+@DistributedTags.GIPC+@DistributedTags.SERVER_REMOTE_INTERFACE+@DistributedTags.GIPC:SimulationParametersListener:PropertyChangeListener:EventListener:SimulationParametersListener,an:abstract:simulation:parameters:bean:distributed:tags:server:remote:interface:distributed:tags:rmi:distributed:tags:server:remote:interface:distributed:tags:rmi:remote:distributed:tags:server:remote:interface:distributed:tags:distributed:tags:server:remote:interface:distributed:tags:simulation:parameters:listener:property:change:listener:event:listener:simulation:parameters:listener,assignments.util.MiscAssignmentUtils,assignment,assignments.util.MiscAssignmentUtils,assignment,deepDuplicate,deep:duplicate
client.OutCoupler,out:coupler,@@DistributedTags.CLIENT_OUT_COUPLER+@DistributedTags.RMI+@DistributedTags.GIPC+@DistributedTags.CLIENT_OUT_COUPLER+@DistributedTags.RMI+@DistributedTags.GIPC+@DistributedTags.NIO,distributed:tags:client:out:coupler:distributed:tags:rmi:distributed:tags:distributed:tags:client:out:coupler:distributed:tags:rmi:distributed:tags:distributed:tags:nio,propertyChange,property:change,AnAbstractSimulationParametersBean:@@DistributedTags.SERVER_REMOTE_INTERFACE+@DistributedTags.RMI+@DistributedTags.SERVER_REMOTE_INTERFACE+@DistributedTags.RMI:Remote:@@DistributedTags.SERVER_REMOTE_INTERFACE+@DistributedTags.GIPC+@DistributedTags.SERVER_REMOTE_INTERFACE+@DistributedTags.GIPC:SimulationParametersListener:PropertyChangeListener:EventListener:SimulationParametersListener,an:abstract:simulation:parameters:bean:distributed:tags:server:remote:interface:distributed:tags:rmi:distributed:tags:server:remote:interface:distributed:tags:rmi:remote:distributed:tags:server:remote:interface:distributed:tags:distributed:tags:server:remote:interface:distributed:tags:simulation:parameters:listener:property:change:listener:event:listener:simulation:parameters:listener,inputport.nio.manager.NIOManager,nio:manager,inputport.nio.manager.NIOManager,nio:manager,write,write
client.ClientReadingThread,client:reading:thread,@DistributedTags.CLIENT_READ_THREAD+@DistributedTags.NIO,distributed:tags:client:read:thread:distributed:tags:nio,run,run,AnAbstractSimulationParametersBean:@@DistributedTags.SERVER_REMOTE_INTERFACE+@DistributedTags.RMI+@DistributedTags.SERVER_REMOTE_INTERFACE+@DistributedTags.RMI:Remote:@@DistributedTags.SERVER_REMOTE_INTERFACE+@DistributedTags.GIPC+@DistributedTags.SERVER_REMOTE_INTERFACE+@DistributedTags.GIPC:SimulationParametersListener:PropertyChangeListener:EventListener:SimulationParametersListener:@DistributedTags.READ_THREAD_INTERFACE+@DistributedTags.NIO:Runnable,an:abstract:simulation:parameters:bean:distributed:tags:server:remote:interface:distributed:tags:rmi:distributed:tags:server:remote:interface:distributed:tags:rmi:remote:distributed:tags:server:remote:interface:distributed:tags:distributed:tags:server:remote:interface:distributed:tags:simulation:parameters:listener:property:change:listener:event:listener:simulation:parameters:listener:distributed:tags:read:thread:interface:distributed:tags:nio,java.util.concurrent.ArrayBlockingQueue,array:blocking:queue,java.util.concurrent.ArrayBlockingQueue,array:blocking:queue,take,take
client.ClientReadingThread,client:reading:thread,@DistributedTags.CLIENT_READ_THREAD+@DistributedTags.NIO,distributed:tags:client:read:thread:distributed:tags:nio,run,run,AnAbstractSimulationParametersBean:@@DistributedTags.SERVER_REMOTE_INTERFACE+@DistributedTags.RMI+@DistributedTags.SERVER_REMOTE_INTERFACE+@DistributedTags.RMI:Remote:@@DistributedTags.SERVER_REMOTE_INTERFACE+@DistributedTags.GIPC+@DistributedTags.SERVER_REMOTE_INTERFACE+@DistributedTags.GIPC:SimulationParametersListener:PropertyChangeListener:EventListener:SimulationParametersListener:@DistributedTags.READ_THREAD_INTERFACE+@DistributedTags.NIO:Runnable,an:abstract:simulation:parameters:bean:distributed:tags:server:remote:interface:distributed:tags:rmi:distributed:tags:server:remote:interface:distributed:tags:rmi:remote:distributed:tags:server:remote:interface:distributed:tags:distributed:tags:server:remote:interface:distributed:tags:simulation:parameters:listener:property:change:listener:event:listener:simulation:parameters:listener:distributed:tags:read:thread:interface:distributed:tags:nio,client.CoupledClientSimulation,coupled:client:simulation,@@DistributedTags.CLIENT_REMOTE_OBJECT+@DistributedTags.RMI+@DistributedTags.GIPC+@DistributedTags.CLIENT_REMOTE_OBJECT+@DistributedTags.RMI+@DistributedTags.GIPC,distributed:tags:client:remote:object:distributed:tags:rmi:distributed:tags:distributed:tags:client:remote:object:distributed:tags:rmi:distributed:tags,notifyNewCommandNIO,notify:new:command:nio
client.ClientReadingThread,client:reading:thread,@DistributedTags.CLIENT_READ_THREAD+@DistributedTags.NIO,distributed:tags:client:read:thread:distributed:tags:nio,run,run,AnAbstractSimulationParametersBean:@@DistributedTags.SERVER_REMOTE_INTERFACE+@DistributedTags.RMI+@DistributedTags.SERVER_REMOTE_INTERFACE+@DistributedTags.RMI:Remote:@@DistributedTags.SERVER_REMOTE_INTERFACE+@DistributedTags.GIPC+@DistributedTags.SERVER_REMOTE_INTERFACE+@DistributedTags.GIPC:SimulationParametersListener:PropertyChangeListener:EventListener:SimulationParametersListener:@DistributedTags.READ_THREAD_INTERFACE+@DistributedTags.NIO:Runnable,an:abstract:simulation:parameters:bean:distributed:tags:server:remote:interface:distributed:tags:rmi:distributed:tags:server:remote:interface:distributed:tags:rmi:remote:distributed:tags:server:remote:interface:distributed:tags:distributed:tags:server:remote:interface:distributed:tags:simulation:parameters:listener:property:change:listener:event:listener:simulation:parameters:listener:distributed:tags:read:thread:interface:distributed:tags:nio,InterruptedException,interrupted:exception,java.lang.InterruptedException,interrupted:exception,printStackTrace,print:stack:trace
broadcast.ReadingThread,reading:thread,@DistributedTags.SERVER_READ_THREAD+@DistributedTags.NIO,distributed:tags:server:read:thread:distributed:tags:nio,run,run,AnAbstractSimulationParametersBean:@@DistributedTags.SERVER_REMOTE_INTERFACE+@DistributedTags.RMI+@DistributedTags.SERVER_REMOTE_INTERFACE+@DistributedTags.RMI:Remote:@@DistributedTags.SERVER_REMOTE_INTERFACE+@DistributedTags.GIPC+@DistributedTags.SERVER_REMOTE_INTERFACE+@DistributedTags.GIPC:SimulationParametersListener:PropertyChangeListener:EventListener:SimulationParametersListener:@DistributedTags.READ_THREAD_INTERFACE+@DistributedTags.NIO:Runnable:@DistributedTags.READ_THREAD_INTERFACE+@DistributedTags.NIO:Runnable,an:abstract:simulation:parameters:bean:distributed:tags:server:remote:interface:distributed:tags:rmi:distributed:tags:server:remote:interface:distributed:tags:rmi:remote:distributed:tags:server:remote:interface:distributed:tags:distributed:tags:server:remote:interface:distributed:tags:simulation:parameters:listener:property:change:listener:event:listener:simulation:parameters:listener:distributed:tags:read:thread:interface:distributed:tags:nio:distributed:tags:read:thread:interface:distributed:tags:nio,java.util.concurrent.ArrayBlockingQueue,array:blocking:queue,java.util.concurrent.ArrayBlockingQueue,array:blocking:queue,take,take
broadcast.ReadingThread,reading:thread,@DistributedTags.SERVER_READ_THREAD+@DistributedTags.NIO,distributed:tags:server:read:thread:distributed:tags:nio,run,run,AnAbstractSimulationParametersBean:@@DistributedTags.SERVER_REMOTE_INTERFACE+@DistributedTags.RMI+@DistributedTags.SERVER_REMOTE_INTERFACE+@DistributedTags.RMI:Remote:@@DistributedTags.SERVER_REMOTE_INTERFACE+@DistributedTags.GIPC+@DistributedTags.SERVER_REMOTE_INTERFACE+@DistributedTags.GIPC:SimulationParametersListener:PropertyChangeListener:EventListener:SimulationParametersListener:@DistributedTags.READ_THREAD_INTERFACE+@DistributedTags.NIO:Runnable:@DistributedTags.READ_THREAD_INTERFACE+@DistributedTags.NIO:Runnable,an:abstract:simulation:parameters:bean:distributed:tags:server:remote:interface:distributed:tags:rmi:distributed:tags:server:remote:interface:distributed:tags:rmi:remote:distributed:tags:server:remote:interface:distributed:tags:distributed:tags:server:remote:interface:distributed:tags:simulation:parameters:listener:property:change:listener:event:listener:simulation:parameters:listener:distributed:tags:read:thread:interface:distributed:tags:nio:distributed:tags:read:thread:interface:distributed:tags:nio,broadcast.CoupledServerSimulation,coupled:server:simulation,@@DistributedTags.SERVER_REMOTE_OBJECT+@DistributedTags.RMI+@DistributedTags.GIPC+@DistributedTags.SERVER_REMOTE_OBJECT+@DistributedTags.RMI+@DistributedTags.GIPC,distributed:tags:server:remote:object:distributed:tags:rmi:distributed:tags:distributed:tags:server:remote:object:distributed:tags:rmi:distributed:tags,broadcastNIO,broadcast:nio
broadcast.ReadingThread,reading:thread,@DistributedTags.SERVER_READ_THREAD+@DistributedTags.NIO,distributed:tags:server:read:thread:distributed:tags:nio,run,run,AnAbstractSimulationParametersBean:@@DistributedTags.SERVER_REMOTE_INTERFACE+@DistributedTags.RMI+@DistributedTags.SERVER_REMOTE_INTERFACE+@DistributedTags.RMI:Remote:@@DistributedTags.SERVER_REMOTE_INTERFACE+@DistributedTags.GIPC+@DistributedTags.SERVER_REMOTE_INTERFACE+@DistributedTags.GIPC:SimulationParametersListener:PropertyChangeListener:EventListener:SimulationParametersListener:@DistributedTags.READ_THREAD_INTERFACE+@DistributedTags.NIO:Runnable:@DistributedTags.READ_THREAD_INTERFACE+@DistributedTags.NIO:Runnable,an:abstract:simulation:parameters:bean:distributed:tags:server:remote:interface:distributed:tags:rmi:distributed:tags:server:remote:interface:distributed:tags:rmi:remote:distributed:tags:server:remote:interface:distributed:tags:distributed:tags:server:remote:interface:distributed:tags:simulation:parameters:listener:property:change:listener:event:listener:simulation:parameters:listener:distributed:tags:read:thread:interface:distributed:tags:nio:distributed:tags:read:thread:interface:distributed:tags:nio,InterruptedException,interrupted:exception,java.lang.InterruptedException,interrupted:exception,printStackTrace,print:stack:trace
client.ClientConfigurer,client,@@DistributedTags.CLIENT_CONFIGURER+@DistributedTags.RMI+@DistributedTags.GIPC+@DistributedTags.CLIENT_CONFIGURER+@DistributedTags.RMI+@DistributedTags.GIPC+@DistributedTags.NIO,distributed:tags:client:distributed:tags:rmi:distributed:tags:distributed:tags:client:distributed:tags:rmi:distributed:tags:distributed:tags:nio,setTracing,set:tracing,AnAbstractSimulationParametersBean:@@DistributedTags.SERVER_REMOTE_INTERFACE+@DistributedTags.RMI+@DistributedTags.SERVER_REMOTE_INTERFACE+@DistributedTags.RMI:Remote:@@DistributedTags.SERVER_REMOTE_INTERFACE+@DistributedTags.GIPC+@DistributedTags.SERVER_REMOTE_INTERFACE+@DistributedTags.GIPC:SimulationParametersListener:PropertyChangeListener:EventListener:SimulationParametersListener:@DistributedTags.READ_THREAD_INTERFACE+@DistributedTags.NIO:Runnable:@DistributedTags.READ_THREAD_INTERFACE+@DistributedTags.NIO:Runnable:SimulationParametersListener:SocketChannelConnectListener:SocketChannelWriteListener:SocketChannelReadListener,an:abstract:simulation:parameters:bean:distributed:tags:server:remote:interface:distributed:tags:rmi:distributed:tags:server:remote:interface:distributed:tags:rmi:remote:distributed:tags:server:remote:interface:distributed:tags:distributed:tags:server:remote:interface:distributed:tags:simulation:parameters:listener:property:change:listener:event:listener:simulation:parameters:listener:distributed:tags:read:thread:interface:distributed:tags:nio:distributed:tags:read:thread:interface:distributed:tags:nio:simulation:parameters:listener:socket:channel:connect:listener:socket:channel:write:listener:socket:channel:read:listener,util.trace.port.PortTraceUtility,port:trace:utility,util.trace.port.PortTraceUtility,port:trace:utility,setTracing,set:tracing
client.ClientConfigurer,client,@@DistributedTags.CLIENT_CONFIGURER+@DistributedTags.RMI+@DistributedTags.GIPC+@DistributedTags.CLIENT_CONFIGURER+@DistributedTags.RMI+@DistributedTags.GIPC+@DistributedTags.NIO,distributed:tags:client:distributed:tags:rmi:distributed:tags:distributed:tags:client:distributed:tags:rmi:distributed:tags:distributed:tags:nio,setTracing,set:tracing,AnAbstractSimulationParametersBean:@@DistributedTags.SERVER_REMOTE_INTERFACE+@DistributedTags.RMI+@DistributedTags.SERVER_REMOTE_INTERFACE+@DistributedTags.RMI:Remote:@@DistributedTags.SERVER_REMOTE_INTERFACE+@DistributedTags.GIPC+@DistributedTags.SERVER_REMOTE_INTERFACE+@DistributedTags.GIPC:SimulationParametersListener:PropertyChangeListener:EventListener:SimulationParametersListener:@DistributedTags.READ_THREAD_INTERFACE+@DistributedTags.NIO:Runnable:@DistributedTags.READ_THREAD_INTERFACE+@DistributedTags.NIO:Runnable:SimulationParametersListener:SocketChannelConnectListener:SocketChannelWriteListener:SocketChannelReadListener,an:abstract:simulation:parameters:bean:distributed:tags:server:remote:interface:distributed:tags:rmi:distributed:tags:server:remote:interface:distributed:tags:rmi:remote:distributed:tags:server:remote:interface:distributed:tags:distributed:tags:server:remote:interface:distributed:tags:simulation:parameters:listener:property:change:listener:event:listener:simulation:parameters:listener:distributed:tags:read:thread:interface:distributed:tags:nio:distributed:tags:read:thread:interface:distributed:tags:nio:simulation:parameters:listener:socket:channel:connect:listener:socket:channel:write:listener:socket:channel:read:listener,util.trace.port.rpc.rmi.RMITraceUtility,rmi:trace:utility,util.trace.port.rpc.rmi.RMITraceUtility,rmi:trace:utility,setTracing,set:tracing
client.ClientConfigurer,client,@@DistributedTags.CLIENT_CONFIGURER+@DistributedTags.RMI+@DistributedTags.GIPC+@DistributedTags.CLIENT_CONFIGURER+@DistributedTags.RMI+@DistributedTags.GIPC+@DistributedTags.NIO,distributed:tags:client:distributed:tags:rmi:distributed:tags:distributed:tags:client:distributed:tags:rmi:distributed:tags:distributed:tags:nio,setTracing,set:tracing,AnAbstractSimulationParametersBean:@@DistributedTags.SERVER_REMOTE_INTERFACE+@DistributedTags.RMI+@DistributedTags.SERVER_REMOTE_INTERFACE+@DistributedTags.RMI:Remote:@@DistributedTags.SERVER_REMOTE_INTERFACE+@DistributedTags.GIPC+@DistributedTags.SERVER_REMOTE_INTERFACE+@DistributedTags.GIPC:SimulationParametersListener:PropertyChangeListener:EventListener:SimulationParametersListener:@DistributedTags.READ_THREAD_INTERFACE+@DistributedTags.NIO:Runnable:@DistributedTags.READ_THREAD_INTERFACE+@DistributedTags.NIO:Runnable:SimulationParametersListener:SocketChannelConnectListener:SocketChannelWriteListener:SocketChannelReadListener,an:abstract:simulation:parameters:bean:distributed:tags:server:remote:interface:distributed:tags:rmi:distributed:tags:server:remote:interface:distributed:tags:rmi:remote:distributed:tags:server:remote:interface:distributed:tags:distributed:tags:server:remote:interface:distributed:tags:simulation:parameters:listener:property:change:listener:event:listener:simulation:parameters:listener:distributed:tags:read:thread:interface:distributed:tags:nio:distributed:tags:read:thread:interface:distributed:tags:nio:simulation:parameters:listener:socket:channel:connect:listener:socket:channel:write:listener:socket:channel:read:listener,util.trace.port.nio.NIOTraceUtility,nio:trace:utility,util.trace.port.nio.NIOTraceUtility,nio:trace:utility,setTracing,set:tracing
client.ClientConfigurer,client,@@DistributedTags.CLIENT_CONFIGURER+@DistributedTags.RMI+@DistributedTags.GIPC+@DistributedTags.CLIENT_CONFIGURER+@DistributedTags.RMI+@DistributedTags.GIPC+@DistributedTags.NIO,distributed:tags:client:distributed:tags:rmi:distributed:tags:distributed:tags:client:distributed:tags:rmi:distributed:tags:distributed:tags:nio,setTracing,set:tracing,AnAbstractSimulationParametersBean:@@DistributedTags.SERVER_REMOTE_INTERFACE+@DistributedTags.RMI+@DistributedTags.SERVER_REMOTE_INTERFACE+@DistributedTags.RMI:Remote:@@DistributedTags.SERVER_REMOTE_INTERFACE+@DistributedTags.GIPC+@DistributedTags.SERVER_REMOTE_INTERFACE+@DistributedTags.GIPC:SimulationParametersListener:PropertyChangeListener:EventListener:SimulationParametersListener:@DistributedTags.READ_THREAD_INTERFACE+@DistributedTags.NIO:Runnable:@DistributedTags.READ_THREAD_INTERFACE+@DistributedTags.NIO:Runnable:SimulationParametersListener:SocketChannelConnectListener:SocketChannelWriteListener:SocketChannelReadListener,an:abstract:simulation:parameters:bean:distributed:tags:server:remote:interface:distributed:tags:rmi:distributed:tags:server:remote:interface:distributed:tags:rmi:remote:distributed:tags:server:remote:interface:distributed:tags:distributed:tags:server:remote:interface:distributed:tags:simulation:parameters:listener:property:change:listener:event:listener:simulation:parameters:listener:distributed:tags:read:thread:interface:distributed:tags:nio:distributed:tags:read:thread:interface:distributed:tags:nio:simulation:parameters:listener:socket:channel:connect:listener:socket:channel:write:listener:socket:channel:read:listener,util.trace.factories.FactoryTraceUtility,factory:trace:utility,util.trace.factories.FactoryTraceUtility,factory:trace:utility,setTracing,set:tracing
client.ClientConfigurer,client,@@DistributedTags.CLIENT_CONFIGURER+@DistributedTags.RMI+@DistributedTags.GIPC+@DistributedTags.CLIENT_CONFIGURER+@DistributedTags.RMI+@DistributedTags.GIPC+@DistributedTags.NIO,distributed:tags:client:distributed:tags:rmi:distributed:tags:distributed:tags:client:distributed:tags:rmi:distributed:tags:distributed:tags:nio,setTracing,set:tracing,AnAbstractSimulationParametersBean:@@DistributedTags.SERVER_REMOTE_INTERFACE+@DistributedTags.RMI+@DistributedTags.SERVER_REMOTE_INTERFACE+@DistributedTags.RMI:Remote:@@DistributedTags.SERVER_REMOTE_INTERFACE+@DistributedTags.GIPC+@DistributedTags.SERVER_REMOTE_INTERFACE+@DistributedTags.GIPC:SimulationParametersListener:PropertyChangeListener:EventListener:SimulationParametersListener:@DistributedTags.READ_THREAD_INTERFACE+@DistributedTags.NIO:Runnable:@DistributedTags.READ_THREAD_INTERFACE+@DistributedTags.NIO:Runnable:SimulationParametersListener:SocketChannelConnectListener:SocketChannelWriteListener:SocketChannelReadListener,an:abstract:simulation:parameters:bean:distributed:tags:server:remote:interface:distributed:tags:rmi:distributed:tags:server:remote:interface:distributed:tags:rmi:remote:distributed:tags:server:remote:interface:distributed:tags:distributed:tags:server:remote:interface:distributed:tags:simulation:parameters:listener:property:change:listener:event:listener:simulation:parameters:listener:distributed:tags:read:thread:interface:distributed:tags:nio:distributed:tags:read:thread:interface:distributed:tags:nio:simulation:parameters:listener:socket:channel:connect:listener:socket:channel:write:listener:socket:channel:read:listener,util.trace.port.consensus.ConsensusTraceUtility,consensus:trace:utility,util.trace.port.consensus.ConsensusTraceUtility,consensus:trace:utility,setTracing,set:tracing
client.ClientConfigurer,client,@@DistributedTags.CLIENT_CONFIGURER+@DistributedTags.RMI+@DistributedTags.GIPC+@DistributedTags.CLIENT_CONFIGURER+@DistributedTags.RMI+@DistributedTags.GIPC+@DistributedTags.NIO,distributed:tags:client:distributed:tags:rmi:distributed:tags:distributed:tags:client:distributed:tags:rmi:distributed:tags:distributed:tags:nio,setTracing,set:tracing,AnAbstractSimulationParametersBean:@@DistributedTags.SERVER_REMOTE_INTERFACE+@DistributedTags.RMI+@DistributedTags.SERVER_REMOTE_INTERFACE+@DistributedTags.RMI:Remote:@@DistributedTags.SERVER_REMOTE_INTERFACE+@DistributedTags.GIPC+@DistributedTags.SERVER_REMOTE_INTERFACE+@DistributedTags.GIPC:SimulationParametersListener:PropertyChangeListener:EventListener:SimulationParametersListener:@DistributedTags.READ_THREAD_INTERFACE+@DistributedTags.NIO:Runnable:@DistributedTags.READ_THREAD_INTERFACE+@DistributedTags.NIO:Runnable:SimulationParametersListener:SocketChannelConnectListener:SocketChannelWriteListener:SocketChannelReadListener,an:abstract:simulation:parameters:bean:distributed:tags:server:remote:interface:distributed:tags:rmi:distributed:tags:server:remote:interface:distributed:tags:rmi:remote:distributed:tags:server:remote:interface:distributed:tags:distributed:tags:server:remote:interface:distributed:tags:simulation:parameters:listener:property:change:listener:event:listener:simulation:parameters:listener:distributed:tags:read:thread:interface:distributed:tags:nio:distributed:tags:read:thread:interface:distributed:tags:nio:simulation:parameters:listener:socket:channel:connect:listener:socket:channel:write:listener:socket:channel:read:listener,util.trace.misc.ThreadDelayed,thread:delayed,util.trace.misc.ThreadDelayed,thread:delayed,enablePrint,enable:print
client.ClientConfigurer,client,@@DistributedTags.CLIENT_CONFIGURER+@DistributedTags.RMI+@DistributedTags.GIPC+@DistributedTags.CLIENT_CONFIGURER+@DistributedTags.RMI+@DistributedTags.GIPC+@DistributedTags.NIO,distributed:tags:client:distributed:tags:rmi:distributed:tags:distributed:tags:client:distributed:tags:rmi:distributed:tags:distributed:tags:nio,setTracing,set:tracing,AnAbstractSimulationParametersBean:@@DistributedTags.SERVER_REMOTE_INTERFACE+@DistributedTags.RMI+@DistributedTags.SERVER_REMOTE_INTERFACE+@DistributedTags.RMI:Remote:@@DistributedTags.SERVER_REMOTE_INTERFACE+@DistributedTags.GIPC+@DistributedTags.SERVER_REMOTE_INTERFACE+@DistributedTags.GIPC:SimulationParametersListener:PropertyChangeListener:EventListener:SimulationParametersListener:@DistributedTags.READ_THREAD_INTERFACE+@DistributedTags.NIO:Runnable:@DistributedTags.READ_THREAD_INTERFACE+@DistributedTags.NIO:Runnable:SimulationParametersListener:SocketChannelConnectListener:SocketChannelWriteListener:SocketChannelReadListener,an:abstract:simulation:parameters:bean:distributed:tags:server:remote:interface:distributed:tags:rmi:distributed:tags:server:remote:interface:distributed:tags:rmi:remote:distributed:tags:server:remote:interface:distributed:tags:distributed:tags:server:remote:interface:distributed:tags:simulation:parameters:listener:property:change:listener:event:listener:simulation:parameters:listener:distributed:tags:read:thread:interface:distributed:tags:nio:distributed:tags:read:thread:interface:distributed:tags:nio:simulation:parameters:listener:socket:channel:connect:listener:socket:channel:write:listener:socket:channel:read:listener,client.ClientConfigurer,client,@@DistributedTags.CLIENT_CONFIGURER+@DistributedTags.RMI+@DistributedTags.GIPC+@DistributedTags.CLIENT_CONFIGURER+@DistributedTags.RMI+@DistributedTags.GIPC+@DistributedTags.NIO,distributed:tags:client:distributed:tags:rmi:distributed:tags:distributed:tags:client:distributed:tags:rmi:distributed:tags:distributed:tags:nio,trace,trace
client.ClientConfigurer,client,@@DistributedTags.CLIENT_CONFIGURER+@DistributedTags.RMI+@DistributedTags.GIPC+@DistributedTags.CLIENT_CONFIGURER+@DistributedTags.RMI+@DistributedTags.GIPC+@DistributedTags.NIO,distributed:tags:client:distributed:tags:rmi:distributed:tags:distributed:tags:client:distributed:tags:rmi:distributed:tags:distributed:tags:nio,setupConnection,setup:connection,AnAbstractSimulationParametersBean:@@DistributedTags.SERVER_REMOTE_INTERFACE+@DistributedTags.RMI+@DistributedTags.SERVER_REMOTE_INTERFACE+@DistributedTags.RMI:Remote:@@DistributedTags.SERVER_REMOTE_INTERFACE+@DistributedTags.GIPC+@DistributedTags.SERVER_REMOTE_INTERFACE+@DistributedTags.GIPC:SimulationParametersListener:PropertyChangeListener:EventListener:SimulationParametersListener:@DistributedTags.READ_THREAD_INTERFACE+@DistributedTags.NIO:Runnable:@DistributedTags.READ_THREAD_INTERFACE+@DistributedTags.NIO:Runnable:SimulationParametersListener:SocketChannelConnectListener:SocketChannelWriteListener:SocketChannelReadListener,an:abstract:simulation:parameters:bean:distributed:tags:server:remote:interface:distributed:tags:rmi:distributed:tags:server:remote:interface:distributed:tags:rmi:remote:distributed:tags:server:remote:interface:distributed:tags:distributed:tags:server:remote:interface:distributed:tags:simulation:parameters:listener:property:change:listener:event:listener:simulation:parameters:listener:distributed:tags:read:thread:interface:distributed:tags:nio:distributed:tags:read:thread:interface:distributed:tags:nio:simulation:parameters:listener:socket:channel:connect:listener:socket:channel:write:listener:socket:channel:read:listener,java.rmi.registry.LocateRegistry,locate:registry,java.rmi.registry.LocateRegistry,locate:registry,getRegistry,get:registry
client.ClientConfigurer,client,@@DistributedTags.CLIENT_CONFIGURER+@DistributedTags.RMI+@DistributedTags.GIPC+@DistributedTags.CLIENT_CONFIGURER+@DistributedTags.RMI+@DistributedTags.GIPC+@DistributedTags.NIO,distributed:tags:client:distributed:tags:rmi:distributed:tags:distributed:tags:client:distributed:tags:rmi:distributed:tags:distributed:tags:nio,setupConnection,setup:connection,AnAbstractSimulationParametersBean:@@DistributedTags.SERVER_REMOTE_INTERFACE+@DistributedTags.RMI+@DistributedTags.SERVER_REMOTE_INTERFACE+@DistributedTags.RMI:Remote:@@DistributedTags.SERVER_REMOTE_INTERFACE+@DistributedTags.GIPC+@DistributedTags.SERVER_REMOTE_INTERFACE+@DistributedTags.GIPC:SimulationParametersListener:PropertyChangeListener:EventListener:SimulationParametersListener:@DistributedTags.READ_THREAD_INTERFACE+@DistributedTags.NIO:Runnable:@DistributedTags.READ_THREAD_INTERFACE+@DistributedTags.NIO:Runnable:SimulationParametersListener:SocketChannelConnectListener:SocketChannelWriteListener:SocketChannelReadListener,an:abstract:simulation:parameters:bean:distributed:tags:server:remote:interface:distributed:tags:rmi:distributed:tags:server:remote:interface:distributed:tags:rmi:remote:distributed:tags:server:remote:interface:distributed:tags:distributed:tags:server:remote:interface:distributed:tags:simulation:parameters:listener:property:change:listener:event:listener:simulation:parameters:listener:distributed:tags:read:thread:interface:distributed:tags:nio:distributed:tags:read:thread:interface:distributed:tags:nio:simulation:parameters:listener:socket:channel:connect:listener:socket:channel:write:listener:socket:channel:read:listener,util.trace.port.rpc.rmi.RMIRegistryLocated,rmi:registry:located,util.trace.port.rpc.rmi.RMIRegistryLocated,rmi:registry:located,newCase,new:case
client.ClientConfigurer,client,@@DistributedTags.CLIENT_CONFIGURER+@DistributedTags.RMI+@DistributedTags.GIPC+@DistributedTags.CLIENT_CONFIGURER+@DistributedTags.RMI+@DistributedTags.GIPC+@DistributedTags.NIO,distributed:tags:client:distributed:tags:rmi:distributed:tags:distributed:tags:client:distributed:tags:rmi:distributed:tags:distributed:tags:nio,setupConnectionGIPC,setup:connection,AnAbstractSimulationParametersBean:@@DistributedTags.SERVER_REMOTE_INTERFACE+@DistributedTags.RMI+@DistributedTags.SERVER_REMOTE_INTERFACE+@DistributedTags.RMI:Remote:@@DistributedTags.SERVER_REMOTE_INTERFACE+@DistributedTags.GIPC+@DistributedTags.SERVER_REMOTE_INTERFACE+@DistributedTags.GIPC:SimulationParametersListener:PropertyChangeListener:EventListener:SimulationParametersListener:@DistributedTags.READ_THREAD_INTERFACE+@DistributedTags.NIO:Runnable:@DistributedTags.READ_THREAD_INTERFACE+@DistributedTags.NIO:Runnable:SimulationParametersListener:SocketChannelConnectListener:SocketChannelWriteListener:SocketChannelReadListener,an:abstract:simulation:parameters:bean:distributed:tags:server:remote:interface:distributed:tags:rmi:distributed:tags:server:remote:interface:distributed:tags:rmi:remote:distributed:tags:server:remote:interface:distributed:tags:distributed:tags:server:remote:interface:distributed:tags:simulation:parameters:listener:property:change:listener:event:listener:simulation:parameters:listener:distributed:tags:read:thread:interface:distributed:tags:nio:distributed:tags:read:thread:interface:distributed:tags:nio:simulation:parameters:listener:socket:channel:connect:listener:socket:channel:write:listener:socket:channel:read:listener,assignments.util.mainArgs.ClientArgsProcessor,client:args:processor,assignments.util.mainArgs.ClientArgsProcessor,client:args:processor,getGIPCPort,get:port
client.ClientConfigurer,client,@@DistributedTags.CLIENT_CONFIGURER+@DistributedTags.RMI+@DistributedTags.GIPC+@DistributedTags.CLIENT_CONFIGURER+@DistributedTags.RMI+@DistributedTags.GIPC+@DistributedTags.NIO,distributed:tags:client:distributed:tags:rmi:distributed:tags:distributed:tags:client:distributed:tags:rmi:distributed:tags:distributed:tags:nio,setupConnectionGIPC,setup:connection,AnAbstractSimulationParametersBean:@@DistributedTags.SERVER_REMOTE_INTERFACE+@DistributedTags.RMI+@DistributedTags.SERVER_REMOTE_INTERFACE+@DistributedTags.RMI:Remote:@@DistributedTags.SERVER_REMOTE_INTERFACE+@DistributedTags.GIPC+@DistributedTags.SERVER_REMOTE_INTERFACE+@DistributedTags.GIPC:SimulationParametersListener:PropertyChangeListener:EventListener:SimulationParametersListener:@DistributedTags.READ_THREAD_INTERFACE+@DistributedTags.NIO:Runnable:@DistributedTags.READ_THREAD_INTERFACE+@DistributedTags.NIO:Runnable:SimulationParametersListener:SocketChannelConnectListener:SocketChannelWriteListener:SocketChannelReadListener,an:abstract:simulation:parameters:bean:distributed:tags:server:remote:interface:distributed:tags:rmi:distributed:tags:server:remote:interface:distributed:tags:rmi:remote:distributed:tags:server:remote:interface:distributed:tags:distributed:tags:server:remote:interface:distributed:tags:simulation:parameters:listener:property:change:listener:event:listener:simulation:parameters:listener:distributed:tags:read:thread:interface:distributed:tags:nio:distributed:tags:read:thread:interface:distributed:tags:nio:simulation:parameters:listener:socket:channel:connect:listener:socket:channel:write:listener:socket:channel:read:listener,inputport.rpc.GIPCLocateRegistry,locate:registry,inputport.rpc.GIPCLocateRegistry,locate:registry,getRegistry,get:registry
client.ClientConfigurer,client,@@DistributedTags.CLIENT_CONFIGURER+@DistributedTags.RMI+@DistributedTags.GIPC+@DistributedTags.CLIENT_CONFIGURER+@DistributedTags.RMI+@DistributedTags.GIPC+@DistributedTags.NIO,distributed:tags:client:distributed:tags:rmi:distributed:tags:distributed:tags:client:distributed:tags:rmi:distributed:tags:distributed:tags:nio,setupConnectionGIPC,setup:connection,AnAbstractSimulationParametersBean:@@DistributedTags.SERVER_REMOTE_INTERFACE+@DistributedTags.RMI+@DistributedTags.SERVER_REMOTE_INTERFACE+@DistributedTags.RMI:Remote:@@DistributedTags.SERVER_REMOTE_INTERFACE+@DistributedTags.GIPC+@DistributedTags.SERVER_REMOTE_INTERFACE+@DistributedTags.GIPC:SimulationParametersListener:PropertyChangeListener:EventListener:SimulationParametersListener:@DistributedTags.READ_THREAD_INTERFACE+@DistributedTags.NIO:Runnable:@DistributedTags.READ_THREAD_INTERFACE+@DistributedTags.NIO:Runnable:SimulationParametersListener:SocketChannelConnectListener:SocketChannelWriteListener:SocketChannelReadListener,an:abstract:simulation:parameters:bean:distributed:tags:server:remote:interface:distributed:tags:rmi:distributed:tags:server:remote:interface:distributed:tags:rmi:remote:distributed:tags:server:remote:interface:distributed:tags:distributed:tags:server:remote:interface:distributed:tags:simulation:parameters:listener:property:change:listener:event:listener:simulation:parameters:listener:distributed:tags:read:thread:interface:distributed:tags:nio:distributed:tags:read:thread:interface:distributed:tags:nio:simulation:parameters:listener:socket:channel:connect:listener:socket:channel:write:listener:socket:channel:read:listener,util.trace.port.rpc.gipc.GIPCRegistryLocated,registry:located,util.trace.port.rpc.gipc.GIPCRegistryLocated,registry:located,newCase,new:case
client.ClientConfigurer,client,@@DistributedTags.CLIENT_CONFIGURER+@DistributedTags.RMI+@DistributedTags.GIPC+@DistributedTags.CLIENT_CONFIGURER+@DistributedTags.RMI+@DistributedTags.GIPC+@DistributedTags.NIO,distributed:tags:client:distributed:tags:rmi:distributed:tags:distributed:tags:client:distributed:tags:rmi:distributed:tags:distributed:tags:nio,setBroadcastMetaStateChild,set:broadcast:state:child,AnAbstractSimulationParametersBean:@@DistributedTags.SERVER_REMOTE_INTERFACE+@DistributedTags.RMI+@DistributedTags.SERVER_REMOTE_INTERFACE+@DistributedTags.RMI:Remote:@@DistributedTags.SERVER_REMOTE_INTERFACE+@DistributedTags.GIPC+@DistributedTags.SERVER_REMOTE_INTERFACE+@DistributedTags.GIPC:SimulationParametersListener:PropertyChangeListener:EventListener:SimulationParametersListener:@DistributedTags.READ_THREAD_INTERFACE+@DistributedTags.NIO:Runnable:@DistributedTags.READ_THREAD_INTERFACE+@DistributedTags.NIO:Runnable:SimulationParametersListener:SocketChannelConnectListener:SocketChannelWriteListener:SocketChannelReadListener,an:abstract:simulation:parameters:bean:distributed:tags:server:remote:interface:distributed:tags:rmi:distributed:tags:server:remote:interface:distributed:tags:rmi:remote:distributed:tags:server:remote:interface:distributed:tags:distributed:tags:server:remote:interface:distributed:tags:simulation:parameters:listener:property:change:listener:event:listener:simulation:parameters:listener:distributed:tags:read:thread:interface:distributed:tags:nio:distributed:tags:read:thread:interface:distributed:tags:nio:simulation:parameters:listener:socket:channel:connect:listener:socket:channel:write:listener:socket:channel:read:listener,client.CoupledClientSimulation,coupled:client:simulation,@@DistributedTags.CLIENT_REMOTE_OBJECT+@DistributedTags.RMI+@DistributedTags.GIPC+@DistributedTags.CLIENT_REMOTE_OBJECT+@DistributedTags.RMI+@DistributedTags.GIPC,distributed:tags:client:remote:object:distributed:tags:rmi:distributed:tags:distributed:tags:client:remote:object:distributed:tags:rmi:distributed:tags,setBroadcastMetaState,set:broadcast:state
client.ClientConfigurer,client,@@DistributedTags.CLIENT_CONFIGURER+@DistributedTags.RMI+@DistributedTags.GIPC+@DistributedTags.CLIENT_CONFIGURER+@DistributedTags.RMI+@DistributedTags.GIPC+@DistributedTags.NIO,distributed:tags:client:distributed:tags:rmi:distributed:tags:distributed:tags:client:distributed:tags:rmi:distributed:tags:distributed:tags:nio,setIPCChild,set:child,AnAbstractSimulationParametersBean:@@DistributedTags.SERVER_REMOTE_INTERFACE+@DistributedTags.RMI+@DistributedTags.SERVER_REMOTE_INTERFACE+@DistributedTags.RMI:Remote:@@DistributedTags.SERVER_REMOTE_INTERFACE+@DistributedTags.GIPC+@DistributedTags.SERVER_REMOTE_INTERFACE+@DistributedTags.GIPC:SimulationParametersListener:PropertyChangeListener:EventListener:SimulationParametersListener:@DistributedTags.READ_THREAD_INTERFACE+@DistributedTags.NIO:Runnable:@DistributedTags.READ_THREAD_INTERFACE+@DistributedTags.NIO:Runnable:SimulationParametersListener:SocketChannelConnectListener:SocketChannelWriteListener:SocketChannelReadListener,an:abstract:simulation:parameters:bean:distributed:tags:server:remote:interface:distributed:tags:rmi:distributed:tags:server:remote:interface:distributed:tags:rmi:remote:distributed:tags:server:remote:interface:distributed:tags:distributed:tags:server:remote:interface:distributed:tags:simulation:parameters:listener:property:change:listener:event:listener:simulation:parameters:listener:distributed:tags:read:thread:interface:distributed:tags:nio:distributed:tags:read:thread:interface:distributed:tags:nio:simulation:parameters:listener:socket:channel:connect:listener:socket:channel:write:listener:socket:channel:read:listener,client.CoupledClientSimulation,coupled:client:simulation,@@DistributedTags.CLIENT_REMOTE_OBJECT+@DistributedTags.RMI+@DistributedTags.GIPC+@DistributedTags.CLIENT_REMOTE_OBJECT+@DistributedTags.RMI+@DistributedTags.GIPC,distributed:tags:client:remote:object:distributed:tags:rmi:distributed:tags:distributed:tags:client:remote:object:distributed:tags:rmi:distributed:tags,isBroadcastMetaState,is:broadcast:state
client.ClientConfigurer,client,@@DistributedTags.CLIENT_CONFIGURER+@DistributedTags.RMI+@DistributedTags.GIPC+@DistributedTags.CLIENT_CONFIGURER+@DistributedTags.RMI+@DistributedTags.GIPC+@DistributedTags.NIO,distributed:tags:client:distributed:tags:rmi:distributed:tags:distributed:tags:client:distributed:tags:rmi:distributed:tags:distributed:tags:nio,setIPCChild,set:child,AnAbstractSimulationParametersBean:@@DistributedTags.SERVER_REMOTE_INTERFACE+@DistributedTags.RMI+@DistributedTags.SERVER_REMOTE_INTERFACE+@DistributedTags.RMI:Remote:@@DistributedTags.SERVER_REMOTE_INTERFACE+@DistributedTags.GIPC+@DistributedTags.SERVER_REMOTE_INTERFACE+@DistributedTags.GIPC:SimulationParametersListener:PropertyChangeListener:EventListener:SimulationParametersListener:@DistributedTags.READ_THREAD_INTERFACE+@DistributedTags.NIO:Runnable:@DistributedTags.READ_THREAD_INTERFACE+@DistributedTags.NIO:Runnable:SimulationParametersListener:SocketChannelConnectListener:SocketChannelWriteListener:SocketChannelReadListener,an:abstract:simulation:parameters:bean:distributed:tags:server:remote:interface:distributed:tags:rmi:distributed:tags:server:remote:interface:distributed:tags:rmi:remote:distributed:tags:server:remote:interface:distributed:tags:distributed:tags:server:remote:interface:distributed:tags:simulation:parameters:listener:property:change:listener:event:listener:simulation:parameters:listener:distributed:tags:read:thread:interface:distributed:tags:nio:distributed:tags:read:thread:interface:distributed:tags:nio:simulation:parameters:listener:socket:channel:connect:listener:socket:channel:write:listener:socket:channel:read:listener,broadcast.ICoupledServerSimulation,i:coupled:server:simulation,@@DistributedTags.SERVER_REMOTE_INTERFACE+@DistributedTags.RMI+@DistributedTags.SERVER_REMOTE_INTERFACE+@DistributedTags.RMI,distributed:tags:server:remote:interface:distributed:tags:rmi:distributed:tags:server:remote:interface:distributed:tags:rmi,alterIpc,alter
client.ClientConfigurer,client,@@DistributedTags.CLIENT_CONFIGURER+@DistributedTags.RMI+@DistributedTags.GIPC+@DistributedTags.CLIENT_CONFIGURER+@DistributedTags.RMI+@DistributedTags.GIPC+@DistributedTags.NIO,distributed:tags:client:distributed:tags:rmi:distributed:tags:distributed:tags:client:distributed:tags:rmi:distributed:tags:distributed:tags:nio,setIPCChild,set:child,AnAbstractSimulationParametersBean:@@DistributedTags.SERVER_REMOTE_INTERFACE+@DistributedTags.RMI+@DistributedTags.SERVER_REMOTE_INTERFACE+@DistributedTags.RMI:Remote:@@DistributedTags.SERVER_REMOTE_INTERFACE+@DistributedTags.GIPC+@DistributedTags.SERVER_REMOTE_INTERFACE+@DistributedTags.GIPC:SimulationParametersListener:PropertyChangeListener:EventListener:SimulationParametersListener:@DistributedTags.READ_THREAD_INTERFACE+@DistributedTags.NIO:Runnable:@DistributedTags.READ_THREAD_INTERFACE+@DistributedTags.NIO:Runnable:SimulationParametersListener:SocketChannelConnectListener:SocketChannelWriteListener:SocketChannelReadListener,an:abstract:simulation:parameters:bean:distributed:tags:server:remote:interface:distributed:tags:rmi:distributed:tags:server:remote:interface:distributed:tags:rmi:remote:distributed:tags:server:remote:interface:distributed:tags:distributed:tags:server:remote:interface:distributed:tags:simulation:parameters:listener:property:change:listener:event:listener:simulation:parameters:listener:distributed:tags:read:thread:interface:distributed:tags:nio:distributed:tags:read:thread:interface:distributed:tags:nio:simulation:parameters:listener:socket:channel:connect:listener:socket:channel:write:listener:socket:channel:read:listener,client.CoupledClientSimulation,coupled:client:simulation,@@DistributedTags.CLIENT_REMOTE_OBJECT+@DistributedTags.RMI+@DistributedTags.GIPC+@DistributedTags.CLIENT_REMOTE_OBJECT+@DistributedTags.RMI+@DistributedTags.GIPC,distributed:tags:client:remote:object:distributed:tags:rmi:distributed:tags:distributed:tags:client:remote:object:distributed:tags:rmi:distributed:tags,getClientName,get:client:name
client.ClientConfigurer,client,@@DistributedTags.CLIENT_CONFIGURER+@DistributedTags.RMI+@DistributedTags.GIPC+@DistributedTags.CLIENT_CONFIGURER+@DistributedTags.RMI+@DistributedTags.GIPC+@DistributedTags.NIO,distributed:tags:client:distributed:tags:rmi:distributed:tags:distributed:tags:client:distributed:tags:rmi:distributed:tags:distributed:tags:nio,setIPCChild,set:child,AnAbstractSimulationParametersBean:@@DistributedTags.SERVER_REMOTE_INTERFACE+@DistributedTags.RMI+@DistributedTags.SERVER_REMOTE_INTERFACE+@DistributedTags.RMI:Remote:@@DistributedTags.SERVER_REMOTE_INTERFACE+@DistributedTags.GIPC+@DistributedTags.SERVER_REMOTE_INTERFACE+@DistributedTags.GIPC:SimulationParametersListener:PropertyChangeListener:EventListener:SimulationParametersListener:@DistributedTags.READ_THREAD_INTERFACE+@DistributedTags.NIO:Runnable:@DistributedTags.READ_THREAD_INTERFACE+@DistributedTags.NIO:Runnable:SimulationParametersListener:SocketChannelConnectListener:SocketChannelWriteListener:SocketChannelReadListener,an:abstract:simulation:parameters:bean:distributed:tags:server:remote:interface:distributed:tags:rmi:distributed:tags:server:remote:interface:distributed:tags:rmi:remote:distributed:tags:server:remote:interface:distributed:tags:distributed:tags:server:remote:interface:distributed:tags:simulation:parameters:listener:property:change:listener:event:listener:simulation:parameters:listener:distributed:tags:read:thread:interface:distributed:tags:nio:distributed:tags:read:thread:interface:distributed:tags:nio:simulation:parameters:listener:socket:channel:connect:listener:socket:channel:write:listener:socket:channel:read:listener,java.rmi.RemoteException,remote:exception,java.rmi.RemoteException,remote:exception,printStackTrace,print:stack:trace
client.ClientConfigurer,client,@@DistributedTags.CLIENT_CONFIGURER+@DistributedTags.RMI+@DistributedTags.GIPC+@DistributedTags.CLIENT_CONFIGURER+@DistributedTags.RMI+@DistributedTags.GIPC+@DistributedTags.NIO,distributed:tags:client:distributed:tags:rmi:distributed:tags:distributed:tags:client:distributed:tags:rmi:distributed:tags:distributed:tags:nio,performLookupGIPC,perform,AnAbstractSimulationParametersBean:@@DistributedTags.SERVER_REMOTE_INTERFACE+@DistributedTags.RMI+@DistributedTags.SERVER_REMOTE_INTERFACE+@DistributedTags.RMI:Remote:@@DistributedTags.SERVER_REMOTE_INTERFACE+@DistributedTags.GIPC+@DistributedTags.SERVER_REMOTE_INTERFACE+@DistributedTags.GIPC:SimulationParametersListener:PropertyChangeListener:EventListener:SimulationParametersListener:@DistributedTags.READ_THREAD_INTERFACE+@DistributedTags.NIO:Runnable:@DistributedTags.READ_THREAD_INTERFACE+@DistributedTags.NIO:Runnable:SimulationParametersListener:SocketChannelConnectListener:SocketChannelWriteListener:SocketChannelReadListener,an:abstract:simulation:parameters:bean:distributed:tags:server:remote:interface:distributed:tags:rmi:distributed:tags:server:remote:interface:distributed:tags:rmi:remote:distributed:tags:server:remote:interface:distributed:tags:distributed:tags:server:remote:interface:distributed:tags:simulation:parameters:listener:property:change:listener:event:listener:simulation:parameters:listener:distributed:tags:read:thread:interface:distributed:tags:nio:distributed:tags:read:thread:interface:distributed:tags:nio:simulation:parameters:listener:socket:channel:connect:listener:socket:channel:write:listener:socket:channel:read:listener,inputport.rpc.GIPCRegistry,registry,inputport.rpc.GIPCRegistry,registry,lookup,none
client.ClientConfigurer,client,@@DistributedTags.CLIENT_CONFIGURER+@DistributedTags.RMI+@DistributedTags.GIPC+@DistributedTags.CLIENT_CONFIGURER+@DistributedTags.RMI+@DistributedTags.GIPC+@DistributedTags.NIO,distributed:tags:client:distributed:tags:rmi:distributed:tags:distributed:tags:client:distributed:tags:rmi:distributed:tags:distributed:tags:nio,performLookupGIPC,perform,AnAbstractSimulationParametersBean:@@DistributedTags.SERVER_REMOTE_INTERFACE+@DistributedTags.RMI+@DistributedTags.SERVER_REMOTE_INTERFACE+@DistributedTags.RMI:Remote:@@DistributedTags.SERVER_REMOTE_INTERFACE+@DistributedTags.GIPC+@DistributedTags.SERVER_REMOTE_INTERFACE+@DistributedTags.GIPC:SimulationParametersListener:PropertyChangeListener:EventListener:SimulationParametersListener:@DistributedTags.READ_THREAD_INTERFACE+@DistributedTags.NIO:Runnable:@DistributedTags.READ_THREAD_INTERFACE+@DistributedTags.NIO:Runnable:SimulationParametersListener:SocketChannelConnectListener:SocketChannelWriteListener:SocketChannelReadListener,an:abstract:simulation:parameters:bean:distributed:tags:server:remote:interface:distributed:tags:rmi:distributed:tags:server:remote:interface:distributed:tags:rmi:remote:distributed:tags:server:remote:interface:distributed:tags:distributed:tags:server:remote:interface:distributed:tags:simulation:parameters:listener:property:change:listener:event:listener:simulation:parameters:listener:distributed:tags:read:thread:interface:distributed:tags:nio:distributed:tags:read:thread:interface:distributed:tags:nio:simulation:parameters:listener:socket:channel:connect:listener:socket:channel:write:listener:socket:channel:read:listener,inputport.rpc.GIPCRegistry,registry,inputport.rpc.GIPCRegistry,registry,addConnectionListener,add:connection:listener
client.ClientConfigurer,client,@@DistributedTags.CLIENT_CONFIGURER+@DistributedTags.RMI+@DistributedTags.GIPC+@DistributedTags.CLIENT_CONFIGURER+@DistributedTags.RMI+@DistributedTags.GIPC+@DistributedTags.NIO,distributed:tags:client:distributed:tags:rmi:distributed:tags:distributed:tags:client:distributed:tags:rmi:distributed:tags:distributed:tags:nio,performLookupGIPC,perform,AnAbstractSimulationParametersBean:@@DistributedTags.SERVER_REMOTE_INTERFACE+@DistributedTags.RMI+@DistributedTags.SERVER_REMOTE_INTERFACE+@DistributedTags.RMI:Remote:@@DistributedTags.SERVER_REMOTE_INTERFACE+@DistributedTags.GIPC+@DistributedTags.SERVER_REMOTE_INTERFACE+@DistributedTags.GIPC:SimulationParametersListener:PropertyChangeListener:EventListener:SimulationParametersListener:@DistributedTags.READ_THREAD_INTERFACE+@DistributedTags.NIO:Runnable:@DistributedTags.READ_THREAD_INTERFACE+@DistributedTags.NIO:Runnable:SimulationParametersListener:SocketChannelConnectListener:SocketChannelWriteListener:SocketChannelReadListener,an:abstract:simulation:parameters:bean:distributed:tags:server:remote:interface:distributed:tags:rmi:distributed:tags:server:remote:interface:distributed:tags:rmi:remote:distributed:tags:server:remote:interface:distributed:tags:distributed:tags:server:remote:interface:distributed:tags:simulation:parameters:listener:property:change:listener:event:listener:simulation:parameters:listener:distributed:tags:read:thread:interface:distributed:tags:nio:distributed:tags:read:thread:interface:distributed:tags:nio:simulation:parameters:listener:socket:channel:connect:listener:socket:channel:write:listener:socket:channel:read:listener,inputport.rpc.GIPCRegistry,registry,inputport.rpc.GIPCRegistry,registry,getInputPort,get:input:port
client.ClientConfigurer,client,@@DistributedTags.CLIENT_CONFIGURER+@DistributedTags.RMI+@DistributedTags.GIPC+@DistributedTags.CLIENT_CONFIGURER+@DistributedTags.RMI+@DistributedTags.GIPC+@DistributedTags.NIO,distributed:tags:client:distributed:tags:rmi:distributed:tags:distributed:tags:client:distributed:tags:rmi:distributed:tags:distributed:tags:nio,performLookupGIPC,perform,AnAbstractSimulationParametersBean:@@DistributedTags.SERVER_REMOTE_INTERFACE+@DistributedTags.RMI+@DistributedTags.SERVER_REMOTE_INTERFACE+@DistributedTags.RMI:Remote:@@DistributedTags.SERVER_REMOTE_INTERFACE+@DistributedTags.GIPC+@DistributedTags.SERVER_REMOTE_INTERFACE+@DistributedTags.GIPC:SimulationParametersListener:PropertyChangeListener:EventListener:SimulationParametersListener:@DistributedTags.READ_THREAD_INTERFACE+@DistributedTags.NIO:Runnable:@DistributedTags.READ_THREAD_INTERFACE+@DistributedTags.NIO:Runnable:SimulationParametersListener:SocketChannelConnectListener:SocketChannelWriteListener:SocketChannelReadListener,an:abstract:simulation:parameters:bean:distributed:tags:server:remote:interface:distributed:tags:rmi:distributed:tags:server:remote:interface:distributed:tags:rmi:remote:distributed:tags:server:remote:interface:distributed:tags:distributed:tags:server:remote:interface:distributed:tags:simulation:parameters:listener:property:change:listener:event:listener:simulation:parameters:listener:distributed:tags:read:thread:interface:distributed:tags:nio:distributed:tags:read:thread:interface:distributed:tags:nio:simulation:parameters:listener:socket:channel:connect:listener:socket:channel:write:listener:socket:channel:read:listener,port.ATracingConnectionListener,a:tracing:connection:listener,port.ATracingConnectionListener,a:tracing:connection:listener,ATracingConnectionListener,a:tracing:connection:listener
client.ClientConfigurer,client,@@DistributedTags.CLIENT_CONFIGURER+@DistributedTags.RMI+@DistributedTags.GIPC+@DistributedTags.CLIENT_CONFIGURER+@DistributedTags.RMI+@DistributedTags.GIPC+@DistributedTags.NIO,distributed:tags:client:distributed:tags:rmi:distributed:tags:distributed:tags:client:distributed:tags:rmi:distributed:tags:distributed:tags:nio,performLookupGIPC,perform,AnAbstractSimulationParametersBean:@@DistributedTags.SERVER_REMOTE_INTERFACE+@DistributedTags.RMI+@DistributedTags.SERVER_REMOTE_INTERFACE+@DistributedTags.RMI:Remote:@@DistributedTags.SERVER_REMOTE_INTERFACE+@DistributedTags.GIPC+@DistributedTags.SERVER_REMOTE_INTERFACE+@DistributedTags.GIPC:SimulationParametersListener:PropertyChangeListener:EventListener:SimulationParametersListener:@DistributedTags.READ_THREAD_INTERFACE+@DistributedTags.NIO:Runnable:@DistributedTags.READ_THREAD_INTERFACE+@DistributedTags.NIO:Runnable:SimulationParametersListener:SocketChannelConnectListener:SocketChannelWriteListener:SocketChannelReadListener,an:abstract:simulation:parameters:bean:distributed:tags:server:remote:interface:distributed:tags:rmi:distributed:tags:server:remote:interface:distributed:tags:rmi:remote:distributed:tags:server:remote:interface:distributed:tags:distributed:tags:server:remote:interface:distributed:tags:simulation:parameters:listener:property:change:listener:event:listener:simulation:parameters:listener:distributed:tags:read:thread:interface:distributed:tags:nio:distributed:tags:read:thread:interface:distributed:tags:nio:simulation:parameters:listener:socket:channel:connect:listener:socket:channel:write:listener:socket:channel:read:listener,inputport.rpc.GIPCRegistry,registry,inputport.rpc.GIPCRegistry,registry,getInputPort,get:input:port
client.ClientConfigurer,client,@@DistributedTags.CLIENT_CONFIGURER+@DistributedTags.RMI+@DistributedTags.GIPC+@DistributedTags.CLIENT_CONFIGURER+@DistributedTags.RMI+@DistributedTags.GIPC+@DistributedTags.NIO,distributed:tags:client:distributed:tags:rmi:distributed:tags:distributed:tags:client:distributed:tags:rmi:distributed:tags:distributed:tags:nio,performLookupGIPC,perform,AnAbstractSimulationParametersBean:@@DistributedTags.SERVER_REMOTE_INTERFACE+@DistributedTags.RMI+@DistributedTags.SERVER_REMOTE_INTERFACE+@DistributedTags.RMI:Remote:@@DistributedTags.SERVER_REMOTE_INTERFACE+@DistributedTags.GIPC+@DistributedTags.SERVER_REMOTE_INTERFACE+@DistributedTags.GIPC:SimulationParametersListener:PropertyChangeListener:EventListener:SimulationParametersListener:@DistributedTags.READ_THREAD_INTERFACE+@DistributedTags.NIO:Runnable:@DistributedTags.READ_THREAD_INTERFACE+@DistributedTags.NIO:Runnable:SimulationParametersListener:SocketChannelConnectListener:SocketChannelWriteListener:SocketChannelReadListener,an:abstract:simulation:parameters:bean:distributed:tags:server:remote:interface:distributed:tags:rmi:distributed:tags:server:remote:interface:distributed:tags:rmi:remote:distributed:tags:server:remote:interface:distributed:tags:distributed:tags:server:remote:interface:distributed:tags:simulation:parameters:listener:property:change:listener:event:listener:simulation:parameters:listener:distributed:tags:read:thread:interface:distributed:tags:nio:distributed:tags:read:thread:interface:distributed:tags:nio:simulation:parameters:listener:socket:channel:connect:listener:socket:channel:write:listener:socket:channel:read:listener,util.trace.port.rpc.gipc.GIPCObjectLookedUp,object:looked:up,util.trace.port.rpc.gipc.GIPCObjectLookedUp,object:looked:up,newCase,new:case
client.ClientConfigurer,client,@@DistributedTags.CLIENT_CONFIGURER+@DistributedTags.RMI+@DistributedTags.GIPC+@DistributedTags.CLIENT_CONFIGURER+@DistributedTags.RMI+@DistributedTags.GIPC+@DistributedTags.NIO,distributed:tags:client:distributed:tags:rmi:distributed:tags:distributed:tags:client:distributed:tags:rmi:distributed:tags:distributed:tags:nio,performLookupGIPC,perform,AnAbstractSimulationParametersBean:@@DistributedTags.SERVER_REMOTE_INTERFACE+@DistributedTags.RMI+@DistributedTags.SERVER_REMOTE_INTERFACE+@DistributedTags.RMI:Remote:@@DistributedTags.SERVER_REMOTE_INTERFACE+@DistributedTags.GIPC+@DistributedTags.SERVER_REMOTE_INTERFACE+@DistributedTags.GIPC:SimulationParametersListener:PropertyChangeListener:EventListener:SimulationParametersListener:@DistributedTags.READ_THREAD_INTERFACE+@DistributedTags.NIO:Runnable:@DistributedTags.READ_THREAD_INTERFACE+@DistributedTags.NIO:Runnable:SimulationParametersListener:SocketChannelConnectListener:SocketChannelWriteListener:SocketChannelReadListener,an:abstract:simulation:parameters:bean:distributed:tags:server:remote:interface:distributed:tags:rmi:distributed:tags:server:remote:interface:distributed:tags:rmi:remote:distributed:tags:server:remote:interface:distributed:tags:distributed:tags:server:remote:interface:distributed:tags:simulation:parameters:listener:property:change:listener:event:listener:simulation:parameters:listener:distributed:tags:read:thread:interface:distributed:tags:nio:distributed:tags:read:thread:interface:distributed:tags:nio:simulation:parameters:listener:socket:channel:connect:listener:socket:channel:write:listener:socket:channel:read:listener,client.ClientConfigurer,client,@@DistributedTags.CLIENT_CONFIGURER+@DistributedTags.RMI+@DistributedTags.GIPC+@DistributedTags.CLIENT_CONFIGURER+@DistributedTags.RMI+@DistributedTags.GIPC+@DistributedTags.NIO,distributed:tags:client:distributed:tags:rmi:distributed:tags:distributed:tags:client:distributed:tags:rmi:distributed:tags:distributed:tags:nio,getClass,get:class
client.ClientConfigurer,client,@@DistributedTags.CLIENT_CONFIGURER+@DistributedTags.RMI+@DistributedTags.GIPC+@DistributedTags.CLIENT_CONFIGURER+@DistributedTags.RMI+@DistributedTags.GIPC+@DistributedTags.NIO,distributed:tags:client:distributed:tags:rmi:distributed:tags:distributed:tags:client:distributed:tags:rmi:distributed:tags:distributed:tags:nio,setupNIO,setup:nio,AnAbstractSimulationParametersBean:@@DistributedTags.SERVER_REMOTE_INTERFACE+@DistributedTags.RMI+@DistributedTags.SERVER_REMOTE_INTERFACE+@DistributedTags.RMI:Remote:@@DistributedTags.SERVER_REMOTE_INTERFACE+@DistributedTags.GIPC+@DistributedTags.SERVER_REMOTE_INTERFACE+@DistributedTags.GIPC:SimulationParametersListener:PropertyChangeListener:EventListener:SimulationParametersListener:@DistributedTags.READ_THREAD_INTERFACE+@DistributedTags.NIO:Runnable:@DistributedTags.READ_THREAD_INTERFACE+@DistributedTags.NIO:Runnable:SimulationParametersListener:SocketChannelConnectListener:SocketChannelWriteListener:SocketChannelReadListener,an:abstract:simulation:parameters:bean:distributed:tags:server:remote:interface:distributed:tags:rmi:distributed:tags:server:remote:interface:distributed:tags:rmi:remote:distributed:tags:server:remote:interface:distributed:tags:distributed:tags:server:remote:interface:distributed:tags:simulation:parameters:listener:property:change:listener:event:listener:simulation:parameters:listener:distributed:tags:read:thread:interface:distributed:tags:nio:distributed:tags:read:thread:interface:distributed:tags:nio:simulation:parameters:listener:socket:channel:connect:listener:socket:channel:write:listener:socket:channel:read:listener,assignments.util.mainArgs.ClientArgsProcessor,client:args:processor,assignments.util.mainArgs.ClientArgsProcessor,client:args:processor,getNIOServerPort,get:nio:server:port
client.ClientConfigurer,client,@@DistributedTags.CLIENT_CONFIGURER+@DistributedTags.RMI+@DistributedTags.GIPC+@DistributedTags.CLIENT_CONFIGURER+@DistributedTags.RMI+@DistributedTags.GIPC+@DistributedTags.NIO,distributed:tags:client:distributed:tags:rmi:distributed:tags:distributed:tags:client:distributed:tags:rmi:distributed:tags:distributed:tags:nio,setupNIO,setup:nio,AnAbstractSimulationParametersBean:@@DistributedTags.SERVER_REMOTE_INTERFACE+@DistributedTags.RMI+@DistributedTags.SERVER_REMOTE_INTERFACE+@DistributedTags.RMI:Remote:@@DistributedTags.SERVER_REMOTE_INTERFACE+@DistributedTags.GIPC+@DistributedTags.SERVER_REMOTE_INTERFACE+@DistributedTags.GIPC:SimulationParametersListener:PropertyChangeListener:EventListener:SimulationParametersListener:@DistributedTags.READ_THREAD_INTERFACE+@DistributedTags.NIO:Runnable:@DistributedTags.READ_THREAD_INTERFACE+@DistributedTags.NIO:Runnable:SimulationParametersListener:SocketChannelConnectListener:SocketChannelWriteListener:SocketChannelReadListener,an:abstract:simulation:parameters:bean:distributed:tags:server:remote:interface:distributed:tags:rmi:distributed:tags:server:remote:interface:distributed:tags:rmi:remote:distributed:tags:server:remote:interface:distributed:tags:distributed:tags:server:remote:interface:distributed:tags:simulation:parameters:listener:property:change:listener:event:listener:simulation:parameters:listener:distributed:tags:read:thread:interface:distributed:tags:nio:distributed:tags:read:thread:interface:distributed:tags:nio:simulation:parameters:listener:socket:channel:connect:listener:socket:channel:write:listener:socket:channel:read:listener,java.nio.channels.SocketChannel,socket:channel,java.nio.channels.SocketChannel,socket:channel,open,open
client.ClientConfigurer,client,@@DistributedTags.CLIENT_CONFIGURER+@DistributedTags.RMI+@DistributedTags.GIPC+@DistributedTags.CLIENT_CONFIGURER+@DistributedTags.RMI+@DistributedTags.GIPC+@DistributedTags.NIO,distributed:tags:client:distributed:tags:rmi:distributed:tags:distributed:tags:client:distributed:tags:rmi:distributed:tags:distributed:tags:nio,setupNIO,setup:nio,AnAbstractSimulationParametersBean:@@DistributedTags.SERVER_REMOTE_INTERFACE+@DistributedTags.RMI+@DistributedTags.SERVER_REMOTE_INTERFACE+@DistributedTags.RMI:Remote:@@DistributedTags.SERVER_REMOTE_INTERFACE+@DistributedTags.GIPC+@DistributedTags.SERVER_REMOTE_INTERFACE+@DistributedTags.GIPC:SimulationParametersListener:PropertyChangeListener:EventListener:SimulationParametersListener:@DistributedTags.READ_THREAD_INTERFACE+@DistributedTags.NIO:Runnable:@DistributedTags.READ_THREAD_INTERFACE+@DistributedTags.NIO:Runnable:SimulationParametersListener:SocketChannelConnectListener:SocketChannelWriteListener:SocketChannelReadListener,an:abstract:simulation:parameters:bean:distributed:tags:server:remote:interface:distributed:tags:rmi:distributed:tags:server:remote:interface:distributed:tags:rmi:remote:distributed:tags:server:remote:interface:distributed:tags:distributed:tags:server:remote:interface:distributed:tags:simulation:parameters:listener:property:change:listener:event:listener:simulation:parameters:listener:distributed:tags:read:thread:interface:distributed:tags:nio:distributed:tags:read:thread:interface:distributed:tags:nio:simulation:parameters:listener:socket:channel:connect:listener:socket:channel:write:listener:socket:channel:read:listener,java.net.InetAddress,address,java.net.InetAddress,address,getByName,get:by:name
client.ClientConfigurer,client,@@DistributedTags.CLIENT_CONFIGURER+@DistributedTags.RMI+@DistributedTags.GIPC+@DistributedTags.CLIENT_CONFIGURER+@DistributedTags.RMI+@DistributedTags.GIPC+@DistributedTags.NIO,distributed:tags:client:distributed:tags:rmi:distributed:tags:distributed:tags:client:distributed:tags:rmi:distributed:tags:distributed:tags:nio,setupNIO,setup:nio,AnAbstractSimulationParametersBean:@@DistributedTags.SERVER_REMOTE_INTERFACE+@DistributedTags.RMI+@DistributedTags.SERVER_REMOTE_INTERFACE+@DistributedTags.RMI:Remote:@@DistributedTags.SERVER_REMOTE_INTERFACE+@DistributedTags.GIPC+@DistributedTags.SERVER_REMOTE_INTERFACE+@DistributedTags.GIPC:SimulationParametersListener:PropertyChangeListener:EventListener:SimulationParametersListener:@DistributedTags.READ_THREAD_INTERFACE+@DistributedTags.NIO:Runnable:@DistributedTags.READ_THREAD_INTERFACE+@DistributedTags.NIO:Runnable:SimulationParametersListener:SocketChannelConnectListener:SocketChannelWriteListener:SocketChannelReadListener,an:abstract:simulation:parameters:bean:distributed:tags:server:remote:interface:distributed:tags:rmi:distributed:tags:server:remote:interface:distributed:tags:rmi:remote:distributed:tags:server:remote:interface:distributed:tags:distributed:tags:server:remote:interface:distributed:tags:simulation:parameters:listener:property:change:listener:event:listener:simulation:parameters:listener:distributed:tags:read:thread:interface:distributed:tags:nio:distributed:tags:read:thread:interface:distributed:tags:nio:simulation:parameters:listener:socket:channel:connect:listener:socket:channel:write:listener:socket:channel:read:listener,inputport.nio.manager.NIOManager,nio:manager,inputport.nio.manager.NIOManager,nio:manager,connect,connect
client.ClientConfigurer,client,@@DistributedTags.CLIENT_CONFIGURER+@DistributedTags.RMI+@DistributedTags.GIPC+@DistributedTags.CLIENT_CONFIGURER+@DistributedTags.RMI+@DistributedTags.GIPC+@DistributedTags.NIO,distributed:tags:client:distributed:tags:rmi:distributed:tags:distributed:tags:client:distributed:tags:rmi:distributed:tags:distributed:tags:nio,setupNIO,setup:nio,AnAbstractSimulationParametersBean:@@DistributedTags.SERVER_REMOTE_INTERFACE+@DistributedTags.RMI+@DistributedTags.SERVER_REMOTE_INTERFACE+@DistributedTags.RMI:Remote:@@DistributedTags.SERVER_REMOTE_INTERFACE+@DistributedTags.GIPC+@DistributedTags.SERVER_REMOTE_INTERFACE+@DistributedTags.GIPC:SimulationParametersListener:PropertyChangeListener:EventListener:SimulationParametersListener:@DistributedTags.READ_THREAD_INTERFACE+@DistributedTags.NIO:Runnable:@DistributedTags.READ_THREAD_INTERFACE+@DistributedTags.NIO:Runnable:SimulationParametersListener:SocketChannelConnectListener:SocketChannelWriteListener:SocketChannelReadListener,an:abstract:simulation:parameters:bean:distributed:tags:server:remote:interface:distributed:tags:rmi:distributed:tags:server:remote:interface:distributed:tags:rmi:remote:distributed:tags:server:remote:interface:distributed:tags:distributed:tags:server:remote:interface:distributed:tags:simulation:parameters:listener:property:change:listener:event:listener:simulation:parameters:listener:distributed:tags:read:thread:interface:distributed:tags:nio:distributed:tags:read:thread:interface:distributed:tags:nio:simulation:parameters:listener:socket:channel:connect:listener:socket:channel:write:listener:socket:channel:read:listener,inputport.nio.manager.NIOManager,nio:manager,inputport.nio.manager.NIOManager,nio:manager,addReadListener,add:read:listener
client.ClientConfigurer,client,@@DistributedTags.CLIENT_CONFIGURER+@DistributedTags.RMI+@DistributedTags.GIPC+@DistributedTags.CLIENT_CONFIGURER+@DistributedTags.RMI+@DistributedTags.GIPC+@DistributedTags.NIO,distributed:tags:client:distributed:tags:rmi:distributed:tags:distributed:tags:client:distributed:tags:rmi:distributed:tags:distributed:tags:nio,notConnected,not:connected,AnAbstractSimulationParametersBean:@@DistributedTags.SERVER_REMOTE_INTERFACE+@DistributedTags.RMI+@DistributedTags.SERVER_REMOTE_INTERFACE+@DistributedTags.RMI:Remote:@@DistributedTags.SERVER_REMOTE_INTERFACE+@DistributedTags.GIPC+@DistributedTags.SERVER_REMOTE_INTERFACE+@DistributedTags.GIPC:SimulationParametersListener:PropertyChangeListener:EventListener:SimulationParametersListener:@DistributedTags.READ_THREAD_INTERFACE+@DistributedTags.NIO:Runnable:@DistributedTags.READ_THREAD_INTERFACE+@DistributedTags.NIO:Runnable:SimulationParametersListener:SocketChannelConnectListener:SocketChannelWriteListener:SocketChannelReadListener,an:abstract:simulation:parameters:bean:distributed:tags:server:remote:interface:distributed:tags:rmi:distributed:tags:server:remote:interface:distributed:tags:rmi:remote:distributed:tags:server:remote:interface:distributed:tags:distributed:tags:server:remote:interface:distributed:tags:simulation:parameters:listener:property:change:listener:event:listener:simulation:parameters:listener:distributed:tags:read:thread:interface:distributed:tags:nio:distributed:tags:read:thread:interface:distributed:tags:nio:simulation:parameters:listener:socket:channel:connect:listener:socket:channel:write:listener:socket:channel:read:listener,Exception,exception,java.lang.Exception,exception,printStackTrace,print:stack:trace
client.ClientConfigurer,client,@@DistributedTags.CLIENT_CONFIGURER+@DistributedTags.RMI+@DistributedTags.GIPC+@DistributedTags.CLIENT_CONFIGURER+@DistributedTags.RMI+@DistributedTags.GIPC+@DistributedTags.NIO,distributed:tags:client:distributed:tags:rmi:distributed:tags:distributed:tags:client:distributed:tags:rmi:distributed:tags:distributed:tags:nio,socketChannelRead,socket:channel:read,AnAbstractSimulationParametersBean:@@DistributedTags.SERVER_REMOTE_INTERFACE+@DistributedTags.RMI+@DistributedTags.SERVER_REMOTE_INTERFACE+@DistributedTags.RMI:Remote:@@DistributedTags.SERVER_REMOTE_INTERFACE+@DistributedTags.GIPC+@DistributedTags.SERVER_REMOTE_INTERFACE+@DistributedTags.GIPC:SimulationParametersListener:PropertyChangeListener:EventListener:SimulationParametersListener:@DistributedTags.READ_THREAD_INTERFACE+@DistributedTags.NIO:Runnable:@DistributedTags.READ_THREAD_INTERFACE+@DistributedTags.NIO:Runnable:SimulationParametersListener:SocketChannelConnectListener:SocketChannelWriteListener:SocketChannelReadListener,an:abstract:simulation:parameters:bean:distributed:tags:server:remote:interface:distributed:tags:rmi:distributed:tags:server:remote:interface:distributed:tags:rmi:remote:distributed:tags:server:remote:interface:distributed:tags:distributed:tags:server:remote:interface:distributed:tags:simulation:parameters:listener:property:change:listener:event:listener:simulation:parameters:listener:distributed:tags:read:thread:interface:distributed:tags:nio:distributed:tags:read:thread:interface:distributed:tags:nio:simulation:parameters:listener:socket:channel:connect:listener:socket:channel:write:listener:socket:channel:read:listener,assignments.util.MiscAssignmentUtils,assignment,assignments.util.MiscAssignmentUtils,assignment,deepDuplicate,deep:duplicate
client.ClientConfigurer,client,@@DistributedTags.CLIENT_CONFIGURER+@DistributedTags.RMI+@DistributedTags.GIPC+@DistributedTags.CLIENT_CONFIGURER+@DistributedTags.RMI+@DistributedTags.GIPC+@DistributedTags.NIO,distributed:tags:client:distributed:tags:rmi:distributed:tags:distributed:tags:client:distributed:tags:rmi:distributed:tags:distributed:tags:nio,socketChannelRead,socket:channel:read,AnAbstractSimulationParametersBean:@@DistributedTags.SERVER_REMOTE_INTERFACE+@DistributedTags.RMI+@DistributedTags.SERVER_REMOTE_INTERFACE+@DistributedTags.RMI:Remote:@@DistributedTags.SERVER_REMOTE_INTERFACE+@DistributedTags.GIPC+@DistributedTags.SERVER_REMOTE_INTERFACE+@DistributedTags.GIPC:SimulationParametersListener:PropertyChangeListener:EventListener:SimulationParametersListener:@DistributedTags.READ_THREAD_INTERFACE+@DistributedTags.NIO:Runnable:@DistributedTags.READ_THREAD_INTERFACE+@DistributedTags.NIO:Runnable:SimulationParametersListener:SocketChannelConnectListener:SocketChannelWriteListener:SocketChannelReadListener,an:abstract:simulation:parameters:bean:distributed:tags:server:remote:interface:distributed:tags:rmi:distributed:tags:server:remote:interface:distributed:tags:rmi:remote:distributed:tags:server:remote:interface:distributed:tags:distributed:tags:server:remote:interface:distributed:tags:simulation:parameters:listener:property:change:listener:event:listener:simulation:parameters:listener:distributed:tags:read:thread:interface:distributed:tags:nio:distributed:tags:read:thread:interface:distributed:tags:nio:simulation:parameters:listener:socket:channel:connect:listener:socket:channel:write:listener:socket:channel:read:listener,java.util.concurrent.ArrayBlockingQueue,array:blocking:queue,java.util.concurrent.ArrayBlockingQueue,array:blocking:queue,add,add
broadcast.Main,main,@@DistributedTags.SERVER+@DistributedTags.RMI+@DistributedTags.GIPC+@DistributedTags.SERVER+@DistributedTags.RMI+@DistributedTags.GIPC+@DistributedTags.NIO,distributed:tags:server:distributed:tags:rmi:distributed:tags:distributed:tags:server:distributed:tags:rmi:distributed:tags:distributed:tags:nio,main,main,AnAbstractSimulationParametersBean:@@DistributedTags.SERVER_REMOTE_INTERFACE+@DistributedTags.RMI+@DistributedTags.SERVER_REMOTE_INTERFACE+@DistributedTags.RMI:Remote:@@DistributedTags.SERVER_REMOTE_INTERFACE+@DistributedTags.GIPC+@DistributedTags.SERVER_REMOTE_INTERFACE+@DistributedTags.GIPC:SimulationParametersListener:PropertyChangeListener:EventListener:SimulationParametersListener:@DistributedTags.READ_THREAD_INTERFACE+@DistributedTags.NIO:Runnable:@DistributedTags.READ_THREAD_INTERFACE+@DistributedTags.NIO:Runnable:SimulationParametersListener:SocketChannelConnectListener:SocketChannelWriteListener:SocketChannelReadListener,an:abstract:simulation:parameters:bean:distributed:tags:server:remote:interface:distributed:tags:rmi:distributed:tags:server:remote:interface:distributed:tags:rmi:remote:distributed:tags:server:remote:interface:distributed:tags:distributed:tags:server:remote:interface:distributed:tags:simulation:parameters:listener:property:change:listener:event:listener:simulation:parameters:listener:distributed:tags:read:thread:interface:distributed:tags:nio:distributed:tags:read:thread:interface:distributed:tags:nio:simulation:parameters:listener:socket:channel:connect:listener:socket:channel:write:listener:socket:channel:read:listener,assignments.util.mainArgs.ServerArgsProcessor,server:args:processor,assignments.util.mainArgs.ServerArgsProcessor,server:args:processor,getRegistryHost,get:registry:host
broadcast.Main,main,@@DistributedTags.SERVER+@DistributedTags.RMI+@DistributedTags.GIPC+@DistributedTags.SERVER+@DistributedTags.RMI+@DistributedTags.GIPC+@DistributedTags.NIO,distributed:tags:server:distributed:tags:rmi:distributed:tags:distributed:tags:server:distributed:tags:rmi:distributed:tags:distributed:tags:nio,main,main,AnAbstractSimulationParametersBean:@@DistributedTags.SERVER_REMOTE_INTERFACE+@DistributedTags.RMI+@DistributedTags.SERVER_REMOTE_INTERFACE+@DistributedTags.RMI:Remote:@@DistributedTags.SERVER_REMOTE_INTERFACE+@DistributedTags.GIPC+@DistributedTags.SERVER_REMOTE_INTERFACE+@DistributedTags.GIPC:SimulationParametersListener:PropertyChangeListener:EventListener:SimulationParametersListener:@DistributedTags.READ_THREAD_INTERFACE+@DistributedTags.NIO:Runnable:@DistributedTags.READ_THREAD_INTERFACE+@DistributedTags.NIO:Runnable:SimulationParametersListener:SocketChannelConnectListener:SocketChannelWriteListener:SocketChannelReadListener,an:abstract:simulation:parameters:bean:distributed:tags:server:remote:interface:distributed:tags:rmi:distributed:tags:server:remote:interface:distributed:tags:rmi:remote:distributed:tags:server:remote:interface:distributed:tags:distributed:tags:server:remote:interface:distributed:tags:simulation:parameters:listener:property:change:listener:event:listener:simulation:parameters:listener:distributed:tags:read:thread:interface:distributed:tags:nio:distributed:tags:read:thread:interface:distributed:tags:nio:simulation:parameters:listener:socket:channel:connect:listener:socket:channel:write:listener:socket:channel:read:listener,assignments.util.mainArgs.ServerArgsProcessor,server:args:processor,assignments.util.mainArgs.ServerArgsProcessor,server:args:processor,getRegistryPort,get:registry:port
broadcast.Main,main,@@DistributedTags.SERVER+@DistributedTags.RMI+@DistributedTags.GIPC+@DistributedTags.SERVER+@DistributedTags.RMI+@DistributedTags.GIPC+@DistributedTags.NIO,distributed:tags:server:distributed:tags:rmi:distributed:tags:distributed:tags:server:distributed:tags:rmi:distributed:tags:distributed:tags:nio,main,main,AnAbstractSimulationParametersBean:@@DistributedTags.SERVER_REMOTE_INTERFACE+@DistributedTags.RMI+@DistributedTags.SERVER_REMOTE_INTERFACE+@DistributedTags.RMI:Remote:@@DistributedTags.SERVER_REMOTE_INTERFACE+@DistributedTags.GIPC+@DistributedTags.SERVER_REMOTE_INTERFACE+@DistributedTags.GIPC:SimulationParametersListener:PropertyChangeListener:EventListener:SimulationParametersListener:@DistributedTags.READ_THREAD_INTERFACE+@DistributedTags.NIO:Runnable:@DistributedTags.READ_THREAD_INTERFACE+@DistributedTags.NIO:Runnable:SimulationParametersListener:SocketChannelConnectListener:SocketChannelWriteListener:SocketChannelReadListener,an:abstract:simulation:parameters:bean:distributed:tags:server:remote:interface:distributed:tags:rmi:distributed:tags:server:remote:interface:distributed:tags:rmi:remote:distributed:tags:server:remote:interface:distributed:tags:distributed:tags:server:remote:interface:distributed:tags:simulation:parameters:listener:property:change:listener:event:listener:simulation:parameters:listener:distributed:tags:read:thread:interface:distributed:tags:nio:distributed:tags:read:thread:interface:distributed:tags:nio:simulation:parameters:listener:socket:channel:connect:listener:socket:channel:write:listener:socket:channel:read:listener,broadcast.CoupledServerSimulation,coupled:server:simulation,@@DistributedTags.SERVER_REMOTE_OBJECT+@DistributedTags.RMI+@DistributedTags.GIPC+@DistributedTags.SERVER_REMOTE_OBJECT+@DistributedTags.RMI+@DistributedTags.GIPC,distributed:tags:server:remote:object:distributed:tags:rmi:distributed:tags:distributed:tags:server:remote:object:distributed:tags:rmi:distributed:tags,CoupledServerSimulation,coupled:server:simulation
broadcast.Main,main,@@DistributedTags.SERVER+@DistributedTags.RMI+@DistributedTags.GIPC+@DistributedTags.SERVER+@DistributedTags.RMI+@DistributedTags.GIPC+@DistributedTags.NIO,distributed:tags:server:distributed:tags:rmi:distributed:tags:distributed:tags:server:distributed:tags:rmi:distributed:tags:distributed:tags:nio,main,main,AnAbstractSimulationParametersBean:@@DistributedTags.SERVER_REMOTE_INTERFACE+@DistributedTags.RMI+@DistributedTags.SERVER_REMOTE_INTERFACE+@DistributedTags.RMI:Remote:@@DistributedTags.SERVER_REMOTE_INTERFACE+@DistributedTags.GIPC+@DistributedTags.SERVER_REMOTE_INTERFACE+@DistributedTags.GIPC:SimulationParametersListener:PropertyChangeListener:EventListener:SimulationParametersListener:@DistributedTags.READ_THREAD_INTERFACE+@DistributedTags.NIO:Runnable:@DistributedTags.READ_THREAD_INTERFACE+@DistributedTags.NIO:Runnable:SimulationParametersListener:SocketChannelConnectListener:SocketChannelWriteListener:SocketChannelReadListener,an:abstract:simulation:parameters:bean:distributed:tags:server:remote:interface:distributed:tags:rmi:distributed:tags:server:remote:interface:distributed:tags:rmi:remote:distributed:tags:server:remote:interface:distributed:tags:distributed:tags:server:remote:interface:distributed:tags:simulation:parameters:listener:property:change:listener:event:listener:simulation:parameters:listener:distributed:tags:read:thread:interface:distributed:tags:nio:distributed:tags:read:thread:interface:distributed:tags:nio:simulation:parameters:listener:socket:channel:connect:listener:socket:channel:write:listener:socket:channel:read:listener,broadcast.CoupledServerSimulation,coupled:server:simulation,@@DistributedTags.SERVER_REMOTE_OBJECT+@DistributedTags.RMI+@DistributedTags.GIPC+@DistributedTags.SERVER_REMOTE_OBJECT+@DistributedTags.RMI+@DistributedTags.GIPC,distributed:tags:server:remote:object:distributed:tags:rmi:distributed:tags:distributed:tags:server:remote:object:distributed:tags:rmi:distributed:tags,setupConnection,setup:connection
broadcast.Main,main,@@DistributedTags.SERVER+@DistributedTags.RMI+@DistributedTags.GIPC+@DistributedTags.SERVER+@DistributedTags.RMI+@DistributedTags.GIPC+@DistributedTags.NIO,distributed:tags:server:distributed:tags:rmi:distributed:tags:distributed:tags:server:distributed:tags:rmi:distributed:tags:distributed:tags:nio,main,main,AnAbstractSimulationParametersBean:@@DistributedTags.SERVER_REMOTE_INTERFACE+@DistributedTags.RMI+@DistributedTags.SERVER_REMOTE_INTERFACE+@DistributedTags.RMI:Remote:@@DistributedTags.SERVER_REMOTE_INTERFACE+@DistributedTags.GIPC+@DistributedTags.SERVER_REMOTE_INTERFACE+@DistributedTags.GIPC:SimulationParametersListener:PropertyChangeListener:EventListener:SimulationParametersListener:@DistributedTags.READ_THREAD_INTERFACE+@DistributedTags.NIO:Runnable:@DistributedTags.READ_THREAD_INTERFACE+@DistributedTags.NIO:Runnable:SimulationParametersListener:SocketChannelConnectListener:SocketChannelWriteListener:SocketChannelReadListener,an:abstract:simulation:parameters:bean:distributed:tags:server:remote:interface:distributed:tags:rmi:distributed:tags:server:remote:interface:distributed:tags:rmi:remote:distributed:tags:server:remote:interface:distributed:tags:distributed:tags:server:remote:interface:distributed:tags:simulation:parameters:listener:property:change:listener:event:listener:simulation:parameters:listener:distributed:tags:read:thread:interface:distributed:tags:nio:distributed:tags:read:thread:interface:distributed:tags:nio:simulation:parameters:listener:socket:channel:connect:listener:socket:channel:write:listener:socket:channel:read:listener,util.trace.port.rpc.rmi.RMIObjectRegistered,rmi:object:registered,util.trace.port.rpc.rmi.RMIObjectRegistered,rmi:object:registered,newCase,new:case
broadcast.Main,main,@@DistributedTags.SERVER+@DistributedTags.RMI+@DistributedTags.GIPC+@DistributedTags.SERVER+@DistributedTags.RMI+@DistributedTags.GIPC+@DistributedTags.NIO,distributed:tags:server:distributed:tags:rmi:distributed:tags:distributed:tags:server:distributed:tags:rmi:distributed:tags:distributed:tags:nio,main,main,AnAbstractSimulationParametersBean:@@DistributedTags.SERVER_REMOTE_INTERFACE+@DistributedTags.RMI+@DistributedTags.SERVER_REMOTE_INTERFACE+@DistributedTags.RMI:Remote:@@DistributedTags.SERVER_REMOTE_INTERFACE+@DistributedTags.GIPC+@DistributedTags.SERVER_REMOTE_INTERFACE+@DistributedTags.GIPC:SimulationParametersListener:PropertyChangeListener:EventListener:SimulationParametersListener:@DistributedTags.READ_THREAD_INTERFACE+@DistributedTags.NIO:Runnable:@DistributedTags.READ_THREAD_INTERFACE+@DistributedTags.NIO:Runnable:SimulationParametersListener:SocketChannelConnectListener:SocketChannelWriteListener:SocketChannelReadListener,an:abstract:simulation:parameters:bean:distributed:tags:server:remote:interface:distributed:tags:rmi:distributed:tags:server:remote:interface:distributed:tags:rmi:remote:distributed:tags:server:remote:interface:distributed:tags:distributed:tags:server:remote:interface:distributed:tags:simulation:parameters:listener:property:change:listener:event:listener:simulation:parameters:listener:distributed:tags:read:thread:interface:distributed:tags:nio:distributed:tags:read:thread:interface:distributed:tags:nio:simulation:parameters:listener:socket:channel:connect:listener:socket:channel:write:listener:socket:channel:read:listener,java.rmi.server.UnicastRemoteObject,remote:object,java.rmi.server.UnicastRemoteObject,remote:object,exportObject,export:object
broadcast.Main,main,@@DistributedTags.SERVER+@DistributedTags.RMI+@DistributedTags.GIPC+@DistributedTags.SERVER+@DistributedTags.RMI+@DistributedTags.GIPC+@DistributedTags.NIO,distributed:tags:server:distributed:tags:rmi:distributed:tags:distributed:tags:server:distributed:tags:rmi:distributed:tags:distributed:tags:nio,main,main,AnAbstractSimulationParametersBean:@@DistributedTags.SERVER_REMOTE_INTERFACE+@DistributedTags.RMI+@DistributedTags.SERVER_REMOTE_INTERFACE+@DistributedTags.RMI:Remote:@@DistributedTags.SERVER_REMOTE_INTERFACE+@DistributedTags.GIPC+@DistributedTags.SERVER_REMOTE_INTERFACE+@DistributedTags.GIPC:SimulationParametersListener:PropertyChangeListener:EventListener:SimulationParametersListener:@DistributedTags.READ_THREAD_INTERFACE+@DistributedTags.NIO:Runnable:@DistributedTags.READ_THREAD_INTERFACE+@DistributedTags.NIO:Runnable:SimulationParametersListener:SocketChannelConnectListener:SocketChannelWriteListener:SocketChannelReadListener,an:abstract:simulation:parameters:bean:distributed:tags:server:remote:interface:distributed:tags:rmi:distributed:tags:server:remote:interface:distributed:tags:rmi:remote:distributed:tags:server:remote:interface:distributed:tags:distributed:tags:server:remote:interface:distributed:tags:simulation:parameters:listener:property:change:listener:event:listener:simulation:parameters:listener:distributed:tags:read:thread:interface:distributed:tags:nio:distributed:tags:read:thread:interface:distributed:tags:nio:simulation:parameters:listener:socket:channel:connect:listener:socket:channel:write:listener:socket:channel:read:listener,broadcast.CoupledServerSimulation,coupled:server:simulation,@@DistributedTags.SERVER_REMOTE_OBJECT+@DistributedTags.RMI+@DistributedTags.GIPC+@DistributedTags.SERVER_REMOTE_OBJECT+@DistributedTags.RMI+@DistributedTags.GIPC,distributed:tags:server:remote:object:distributed:tags:rmi:distributed:tags:distributed:tags:server:remote:object:distributed:tags:rmi:distributed:tags,performRebind,perform:rebind
broadcast.Main,main,@@DistributedTags.SERVER+@DistributedTags.RMI+@DistributedTags.GIPC+@DistributedTags.SERVER+@DistributedTags.RMI+@DistributedTags.GIPC+@DistributedTags.NIO,distributed:tags:server:distributed:tags:rmi:distributed:tags:distributed:tags:server:distributed:tags:rmi:distributed:tags:distributed:tags:nio,main,main,AnAbstractSimulationParametersBean:@@DistributedTags.SERVER_REMOTE_INTERFACE+@DistributedTags.RMI+@DistributedTags.SERVER_REMOTE_INTERFACE+@DistributedTags.RMI:Remote:@@DistributedTags.SERVER_REMOTE_INTERFACE+@DistributedTags.GIPC+@DistributedTags.SERVER_REMOTE_INTERFACE+@DistributedTags.GIPC:SimulationParametersListener:PropertyChangeListener:EventListener:SimulationParametersListener:@DistributedTags.READ_THREAD_INTERFACE+@DistributedTags.NIO:Runnable:@DistributedTags.READ_THREAD_INTERFACE+@DistributedTags.NIO:Runnable:SimulationParametersListener:SocketChannelConnectListener:SocketChannelWriteListener:SocketChannelReadListener,an:abstract:simulation:parameters:bean:distributed:tags:server:remote:interface:distributed:tags:rmi:distributed:tags:server:remote:interface:distributed:tags:rmi:remote:distributed:tags:server:remote:interface:distributed:tags:distributed:tags:server:remote:interface:distributed:tags:simulation:parameters:listener:property:change:listener:event:listener:simulation:parameters:listener:distributed:tags:read:thread:interface:distributed:tags:nio:distributed:tags:read:thread:interface:distributed:tags:nio:simulation:parameters:listener:socket:channel:connect:listener:socket:channel:write:listener:socket:channel:read:listener,broadcast.CoupledServerSimulation,coupled:server:simulation,@@DistributedTags.SERVER_REMOTE_OBJECT+@DistributedTags.RMI+@DistributedTags.GIPC+@DistributedTags.SERVER_REMOTE_OBJECT+@DistributedTags.RMI+@DistributedTags.GIPC,distributed:tags:server:remote:object:distributed:tags:rmi:distributed:tags:distributed:tags:server:remote:object:distributed:tags:rmi:distributed:tags,setupConnectionGIPC,setup:connection
broadcast.Main,main,@@DistributedTags.SERVER+@DistributedTags.RMI+@DistributedTags.GIPC+@DistributedTags.SERVER+@DistributedTags.RMI+@DistributedTags.GIPC+@DistributedTags.NIO,distributed:tags:server:distributed:tags:rmi:distributed:tags:distributed:tags:server:distributed:tags:rmi:distributed:tags:distributed:tags:nio,main,main,AnAbstractSimulationParametersBean:@@DistributedTags.SERVER_REMOTE_INTERFACE+@DistributedTags.RMI+@DistributedTags.SERVER_REMOTE_INTERFACE+@DistributedTags.RMI:Remote:@@DistributedTags.SERVER_REMOTE_INTERFACE+@DistributedTags.GIPC+@DistributedTags.SERVER_REMOTE_INTERFACE+@DistributedTags.GIPC:SimulationParametersListener:PropertyChangeListener:EventListener:SimulationParametersListener:@DistributedTags.READ_THREAD_INTERFACE+@DistributedTags.NIO:Runnable:@DistributedTags.READ_THREAD_INTERFACE+@DistributedTags.NIO:Runnable:SimulationParametersListener:SocketChannelConnectListener:SocketChannelWriteListener:SocketChannelReadListener,an:abstract:simulation:parameters:bean:distributed:tags:server:remote:interface:distributed:tags:rmi:distributed:tags:server:remote:interface:distributed:tags:rmi:remote:distributed:tags:server:remote:interface:distributed:tags:distributed:tags:server:remote:interface:distributed:tags:simulation:parameters:listener:property:change:listener:event:listener:simulation:parameters:listener:distributed:tags:read:thread:interface:distributed:tags:nio:distributed:tags:read:thread:interface:distributed:tags:nio:simulation:parameters:listener:socket:channel:connect:listener:socket:channel:write:listener:socket:channel:read:listener,util.trace.port.rpc.gipc.GIPCObjectRegistered,object:registered,util.trace.port.rpc.gipc.GIPCObjectRegistered,object:registered,newCase,new:case
broadcast.Main,main,@@DistributedTags.SERVER+@DistributedTags.RMI+@DistributedTags.GIPC+@DistributedTags.SERVER+@DistributedTags.RMI+@DistributedTags.GIPC+@DistributedTags.NIO,distributed:tags:server:distributed:tags:rmi:distributed:tags:distributed:tags:server:distributed:tags:rmi:distributed:tags:distributed:tags:nio,main,main,AnAbstractSimulationParametersBean:@@DistributedTags.SERVER_REMOTE_INTERFACE+@DistributedTags.RMI+@DistributedTags.SERVER_REMOTE_INTERFACE+@DistributedTags.RMI:Remote:@@DistributedTags.SERVER_REMOTE_INTERFACE+@DistributedTags.GIPC+@DistributedTags.SERVER_REMOTE_INTERFACE+@DistributedTags.GIPC:SimulationParametersListener:PropertyChangeListener:EventListener:SimulationParametersListener:@DistributedTags.READ_THREAD_INTERFACE+@DistributedTags.NIO:Runnable:@DistributedTags.READ_THREAD_INTERFACE+@DistributedTags.NIO:Runnable:SimulationParametersListener:SocketChannelConnectListener:SocketChannelWriteListener:SocketChannelReadListener,an:abstract:simulation:parameters:bean:distributed:tags:server:remote:interface:distributed:tags:rmi:distributed:tags:server:remote:interface:distributed:tags:rmi:remote:distributed:tags:server:remote:interface:distributed:tags:distributed:tags:server:remote:interface:distributed:tags:simulation:parameters:listener:property:change:listener:event:listener:simulation:parameters:listener:distributed:tags:read:thread:interface:distributed:tags:nio:distributed:tags:read:thread:interface:distributed:tags:nio:simulation:parameters:listener:socket:channel:connect:listener:socket:channel:write:listener:socket:channel:read:listener,broadcast.CoupledServerSimulation,coupled:server:simulation,@@DistributedTags.SERVER_REMOTE_OBJECT+@DistributedTags.RMI+@DistributedTags.GIPC+@DistributedTags.SERVER_REMOTE_OBJECT+@DistributedTags.RMI+@DistributedTags.GIPC,distributed:tags:server:remote:object:distributed:tags:rmi:distributed:tags:distributed:tags:server:remote:object:distributed:tags:rmi:distributed:tags,performRebindGIPC,perform:rebind
broadcast.Main,main,@@DistributedTags.SERVER+@DistributedTags.RMI+@DistributedTags.GIPC+@DistributedTags.SERVER+@DistributedTags.RMI+@DistributedTags.GIPC+@DistributedTags.NIO,distributed:tags:server:distributed:tags:rmi:distributed:tags:distributed:tags:server:distributed:tags:rmi:distributed:tags:distributed:tags:nio,main,main,AnAbstractSimulationParametersBean:@@DistributedTags.SERVER_REMOTE_INTERFACE+@DistributedTags.RMI+@DistributedTags.SERVER_REMOTE_INTERFACE+@DistributedTags.RMI:Remote:@@DistributedTags.SERVER_REMOTE_INTERFACE+@DistributedTags.GIPC+@DistributedTags.SERVER_REMOTE_INTERFACE+@DistributedTags.GIPC:SimulationParametersListener:PropertyChangeListener:EventListener:SimulationParametersListener:@DistributedTags.READ_THREAD_INTERFACE+@DistributedTags.NIO:Runnable:@DistributedTags.READ_THREAD_INTERFACE+@DistributedTags.NIO:Runnable:SimulationParametersListener:SocketChannelConnectListener:SocketChannelWriteListener:SocketChannelReadListener,an:abstract:simulation:parameters:bean:distributed:tags:server:remote:interface:distributed:tags:rmi:distributed:tags:server:remote:interface:distributed:tags:rmi:remote:distributed:tags:server:remote:interface:distributed:tags:distributed:tags:server:remote:interface:distributed:tags:simulation:parameters:listener:property:change:listener:event:listener:simulation:parameters:listener:distributed:tags:read:thread:interface:distributed:tags:nio:distributed:tags:read:thread:interface:distributed:tags:nio:simulation:parameters:listener:socket:channel:connect:listener:socket:channel:write:listener:socket:channel:read:listener,java.rmi.RemoteException,remote:exception,java.rmi.RemoteException,remote:exception,printStackTrace,print:stack:trace
broadcast.Main,main,@@DistributedTags.SERVER+@DistributedTags.RMI+@DistributedTags.GIPC+@DistributedTags.SERVER+@DistributedTags.RMI+@DistributedTags.GIPC+@DistributedTags.NIO,distributed:tags:server:distributed:tags:rmi:distributed:tags:distributed:tags:server:distributed:tags:rmi:distributed:tags:distributed:tags:nio,main,main,AnAbstractSimulationParametersBean:@@DistributedTags.SERVER_REMOTE_INTERFACE+@DistributedTags.RMI+@DistributedTags.SERVER_REMOTE_INTERFACE+@DistributedTags.RMI:Remote:@@DistributedTags.SERVER_REMOTE_INTERFACE+@DistributedTags.GIPC+@DistributedTags.SERVER_REMOTE_INTERFACE+@DistributedTags.GIPC:SimulationParametersListener:PropertyChangeListener:EventListener:SimulationParametersListener:@DistributedTags.READ_THREAD_INTERFACE+@DistributedTags.NIO:Runnable:@DistributedTags.READ_THREAD_INTERFACE+@DistributedTags.NIO:Runnable:SimulationParametersListener:SocketChannelConnectListener:SocketChannelWriteListener:SocketChannelReadListener,an:abstract:simulation:parameters:bean:distributed:tags:server:remote:interface:distributed:tags:rmi:distributed:tags:server:remote:interface:distributed:tags:rmi:remote:distributed:tags:server:remote:interface:distributed:tags:distributed:tags:server:remote:interface:distributed:tags:simulation:parameters:listener:property:change:listener:event:listener:simulation:parameters:listener:distributed:tags:read:thread:interface:distributed:tags:nio:distributed:tags:read:thread:interface:distributed:tags:nio:simulation:parameters:listener:socket:channel:connect:listener:socket:channel:write:listener:socket:channel:read:listener,broadcast.CoupledServerSimulation,coupled:server:simulation,@@DistributedTags.SERVER_REMOTE_OBJECT+@DistributedTags.RMI+@DistributedTags.GIPC+@DistributedTags.SERVER_REMOTE_OBJECT+@DistributedTags.RMI+@DistributedTags.GIPC,distributed:tags:server:remote:object:distributed:tags:rmi:distributed:tags:distributed:tags:server:remote:object:distributed:tags:rmi:distributed:tags,setupNIO,setup:nio
broadcast.Main,main,@@DistributedTags.SERVER+@DistributedTags.RMI+@DistributedTags.GIPC+@DistributedTags.SERVER+@DistributedTags.RMI+@DistributedTags.GIPC+@DistributedTags.NIO,distributed:tags:server:distributed:tags:rmi:distributed:tags:distributed:tags:server:distributed:tags:rmi:distributed:tags:distributed:tags:nio,main,main,AnAbstractSimulationParametersBean:@@DistributedTags.SERVER_REMOTE_INTERFACE+@DistributedTags.RMI+@DistributedTags.SERVER_REMOTE_INTERFACE+@DistributedTags.RMI:Remote:@@DistributedTags.SERVER_REMOTE_INTERFACE+@DistributedTags.GIPC+@DistributedTags.SERVER_REMOTE_INTERFACE+@DistributedTags.GIPC:SimulationParametersListener:PropertyChangeListener:EventListener:SimulationParametersListener:@DistributedTags.READ_THREAD_INTERFACE+@DistributedTags.NIO:Runnable:@DistributedTags.READ_THREAD_INTERFACE+@DistributedTags.NIO:Runnable:SimulationParametersListener:SocketChannelConnectListener:SocketChannelWriteListener:SocketChannelReadListener,an:abstract:simulation:parameters:bean:distributed:tags:server:remote:interface:distributed:tags:rmi:distributed:tags:server:remote:interface:distributed:tags:rmi:remote:distributed:tags:server:remote:interface:distributed:tags:distributed:tags:server:remote:interface:distributed:tags:simulation:parameters:listener:property:change:listener:event:listener:simulation:parameters:listener:distributed:tags:read:thread:interface:distributed:tags:nio:distributed:tags:read:thread:interface:distributed:tags:nio:simulation:parameters:listener:socket:channel:connect:listener:socket:channel:write:listener:socket:channel:read:listener,broadcast.CoupledServerSimulation,coupled:server:simulation,@@DistributedTags.SERVER_REMOTE_OBJECT+@DistributedTags.RMI+@DistributedTags.GIPC+@DistributedTags.SERVER_REMOTE_OBJECT+@DistributedTags.RMI+@DistributedTags.GIPC,distributed:tags:server:remote:object:distributed:tags:rmi:distributed:tags:distributed:tags:server:remote:object:distributed:tags:rmi:distributed:tags,startReadingThread,start:reading:thread
broadcast.Main,main,@@DistributedTags.SERVER+@DistributedTags.RMI+@DistributedTags.GIPC+@DistributedTags.SERVER+@DistributedTags.RMI+@DistributedTags.GIPC+@DistributedTags.NIO,distributed:tags:server:distributed:tags:rmi:distributed:tags:distributed:tags:server:distributed:tags:rmi:distributed:tags:distributed:tags:nio,main,main,AnAbstractSimulationParametersBean:@@DistributedTags.SERVER_REMOTE_INTERFACE+@DistributedTags.RMI+@DistributedTags.SERVER_REMOTE_INTERFACE+@DistributedTags.RMI:Remote:@@DistributedTags.SERVER_REMOTE_INTERFACE+@DistributedTags.GIPC+@DistributedTags.SERVER_REMOTE_INTERFACE+@DistributedTags.GIPC:SimulationParametersListener:PropertyChangeListener:EventListener:SimulationParametersListener:@DistributedTags.READ_THREAD_INTERFACE+@DistributedTags.NIO:Runnable:@DistributedTags.READ_THREAD_INTERFACE+@DistributedTags.NIO:Runnable:SimulationParametersListener:SocketChannelConnectListener:SocketChannelWriteListener:SocketChannelReadListener,an:abstract:simulation:parameters:bean:distributed:tags:server:remote:interface:distributed:tags:rmi:distributed:tags:server:remote:interface:distributed:tags:rmi:remote:distributed:tags:server:remote:interface:distributed:tags:distributed:tags:server:remote:interface:distributed:tags:simulation:parameters:listener:property:change:listener:event:listener:simulation:parameters:listener:distributed:tags:read:thread:interface:distributed:tags:nio:distributed:tags:read:thread:interface:distributed:tags:nio:simulation:parameters:listener:socket:channel:connect:listener:socket:channel:write:listener:socket:channel:read:listener,broadcast.CoupledServerSimulation,coupled:server:simulation,@@DistributedTags.SERVER_REMOTE_OBJECT+@DistributedTags.RMI+@DistributedTags.GIPC+@DistributedTags.SERVER_REMOTE_OBJECT+@DistributedTags.RMI+@DistributedTags.GIPC,distributed:tags:server:remote:object:distributed:tags:rmi:distributed:tags:distributed:tags:server:remote:object:distributed:tags:rmi:distributed:tags,start,start
comp533.Main,main,Main,main,main,main,AnAbstractSimulationParametersBean:@@DistributedTags.SERVER_REMOTE_INTERFACE+@DistributedTags.RMI+@DistributedTags.SERVER_REMOTE_INTERFACE+@DistributedTags.RMI:Remote:@@DistributedTags.SERVER_REMOTE_INTERFACE+@DistributedTags.GIPC+@DistributedTags.SERVER_REMOTE_INTERFACE+@DistributedTags.GIPC:SimulationParametersListener:PropertyChangeListener:EventListener:SimulationParametersListener:@DistributedTags.READ_THREAD_INTERFACE+@DistributedTags.NIO:Runnable:@DistributedTags.READ_THREAD_INTERFACE+@DistributedTags.NIO:Runnable:SimulationParametersListener:SocketChannelConnectListener:SocketChannelWriteListener:SocketChannelReadListener,an:abstract:simulation:parameters:bean:distributed:tags:server:remote:interface:distributed:tags:rmi:distributed:tags:server:remote:interface:distributed:tags:rmi:remote:distributed:tags:server:remote:interface:distributed:tags:distributed:tags:server:remote:interface:distributed:tags:simulation:parameters:listener:property:change:listener:event:listener:simulation:parameters:listener:distributed:tags:read:thread:interface:distributed:tags:nio:distributed:tags:read:thread:interface:distributed:tags:nio:simulation:parameters:listener:socket:channel:connect:listener:socket:channel:write:listener:socket:channel:read:listener,main.BeauAndersonFinalProject,beau:anderson:final:project,main.BeauAndersonFinalProject,beau:anderson:final:project,main,main
registry.Registry,registry,Registry,registry,setTracing,set:tracing,AnAbstractSimulationParametersBean:@@DistributedTags.SERVER_REMOTE_INTERFACE+@DistributedTags.RMI+@DistributedTags.SERVER_REMOTE_INTERFACE+@DistributedTags.RMI:Remote:@@DistributedTags.SERVER_REMOTE_INTERFACE+@DistributedTags.GIPC+@DistributedTags.SERVER_REMOTE_INTERFACE+@DistributedTags.GIPC:SimulationParametersListener:PropertyChangeListener:EventListener:SimulationParametersListener:@DistributedTags.READ_THREAD_INTERFACE+@DistributedTags.NIO:Runnable:@DistributedTags.READ_THREAD_INTERFACE+@DistributedTags.NIO:Runnable:SimulationParametersListener:SocketChannelConnectListener:SocketChannelWriteListener:SocketChannelReadListener:SimulationParametersListener,an:abstract:simulation:parameters:bean:distributed:tags:server:remote:interface:distributed:tags:rmi:distributed:tags:server:remote:interface:distributed:tags:rmi:remote:distributed:tags:server:remote:interface:distributed:tags:distributed:tags:server:remote:interface:distributed:tags:simulation:parameters:listener:property:change:listener:event:listener:simulation:parameters:listener:distributed:tags:read:thread:interface:distributed:tags:nio:distributed:tags:read:thread:interface:distributed:tags:nio:simulation:parameters:listener:socket:channel:connect:listener:socket:channel:write:listener:socket:channel:read:listener:simulation:parameters:listener,util.trace.port.PortTraceUtility,port:trace:utility,util.trace.port.PortTraceUtility,port:trace:utility,setTracing,set:tracing
registry.Registry,registry,Registry,registry,setTracing,set:tracing,AnAbstractSimulationParametersBean:@@DistributedTags.SERVER_REMOTE_INTERFACE+@DistributedTags.RMI+@DistributedTags.SERVER_REMOTE_INTERFACE+@DistributedTags.RMI:Remote:@@DistributedTags.SERVER_REMOTE_INTERFACE+@DistributedTags.GIPC+@DistributedTags.SERVER_REMOTE_INTERFACE+@DistributedTags.GIPC:SimulationParametersListener:PropertyChangeListener:EventListener:SimulationParametersListener:@DistributedTags.READ_THREAD_INTERFACE+@DistributedTags.NIO:Runnable:@DistributedTags.READ_THREAD_INTERFACE+@DistributedTags.NIO:Runnable:SimulationParametersListener:SocketChannelConnectListener:SocketChannelWriteListener:SocketChannelReadListener:SimulationParametersListener,an:abstract:simulation:parameters:bean:distributed:tags:server:remote:interface:distributed:tags:rmi:distributed:tags:server:remote:interface:distributed:tags:rmi:remote:distributed:tags:server:remote:interface:distributed:tags:distributed:tags:server:remote:interface:distributed:tags:simulation:parameters:listener:property:change:listener:event:listener:simulation:parameters:listener:distributed:tags:read:thread:interface:distributed:tags:nio:distributed:tags:read:thread:interface:distributed:tags:nio:simulation:parameters:listener:socket:channel:connect:listener:socket:channel:write:listener:socket:channel:read:listener:simulation:parameters:listener,util.trace.port.rpc.rmi.RMITraceUtility,rmi:trace:utility,util.trace.port.rpc.rmi.RMITraceUtility,rmi:trace:utility,setTracing,set:tracing
registry.Registry,registry,Registry,registry,setTracing,set:tracing,AnAbstractSimulationParametersBean:@@DistributedTags.SERVER_REMOTE_INTERFACE+@DistributedTags.RMI+@DistributedTags.SERVER_REMOTE_INTERFACE+@DistributedTags.RMI:Remote:@@DistributedTags.SERVER_REMOTE_INTERFACE+@DistributedTags.GIPC+@DistributedTags.SERVER_REMOTE_INTERFACE+@DistributedTags.GIPC:SimulationParametersListener:PropertyChangeListener:EventListener:SimulationParametersListener:@DistributedTags.READ_THREAD_INTERFACE+@DistributedTags.NIO:Runnable:@DistributedTags.READ_THREAD_INTERFACE+@DistributedTags.NIO:Runnable:SimulationParametersListener:SocketChannelConnectListener:SocketChannelWriteListener:SocketChannelReadListener:SimulationParametersListener,an:abstract:simulation:parameters:bean:distributed:tags:server:remote:interface:distributed:tags:rmi:distributed:tags:server:remote:interface:distributed:tags:rmi:remote:distributed:tags:server:remote:interface:distributed:tags:distributed:tags:server:remote:interface:distributed:tags:simulation:parameters:listener:property:change:listener:event:listener:simulation:parameters:listener:distributed:tags:read:thread:interface:distributed:tags:nio:distributed:tags:read:thread:interface:distributed:tags:nio:simulation:parameters:listener:socket:channel:connect:listener:socket:channel:write:listener:socket:channel:read:listener:simulation:parameters:listener,util.trace.port.nio.NIOTraceUtility,nio:trace:utility,util.trace.port.nio.NIOTraceUtility,nio:trace:utility,setTracing,set:tracing
registry.Registry,registry,Registry,registry,setTracing,set:tracing,AnAbstractSimulationParametersBean:@@DistributedTags.SERVER_REMOTE_INTERFACE+@DistributedTags.RMI+@DistributedTags.SERVER_REMOTE_INTERFACE+@DistributedTags.RMI:Remote:@@DistributedTags.SERVER_REMOTE_INTERFACE+@DistributedTags.GIPC+@DistributedTags.SERVER_REMOTE_INTERFACE+@DistributedTags.GIPC:SimulationParametersListener:PropertyChangeListener:EventListener:SimulationParametersListener:@DistributedTags.READ_THREAD_INTERFACE+@DistributedTags.NIO:Runnable:@DistributedTags.READ_THREAD_INTERFACE+@DistributedTags.NIO:Runnable:SimulationParametersListener:SocketChannelConnectListener:SocketChannelWriteListener:SocketChannelReadListener:SimulationParametersListener,an:abstract:simulation:parameters:bean:distributed:tags:server:remote:interface:distributed:tags:rmi:distributed:tags:server:remote:interface:distributed:tags:rmi:remote:distributed:tags:server:remote:interface:distributed:tags:distributed:tags:server:remote:interface:distributed:tags:simulation:parameters:listener:property:change:listener:event:listener:simulation:parameters:listener:distributed:tags:read:thread:interface:distributed:tags:nio:distributed:tags:read:thread:interface:distributed:tags:nio:simulation:parameters:listener:socket:channel:connect:listener:socket:channel:write:listener:socket:channel:read:listener:simulation:parameters:listener,util.trace.factories.FactoryTraceUtility,factory:trace:utility,util.trace.factories.FactoryTraceUtility,factory:trace:utility,setTracing,set:tracing
registry.Registry,registry,Registry,registry,setTracing,set:tracing,AnAbstractSimulationParametersBean:@@DistributedTags.SERVER_REMOTE_INTERFACE+@DistributedTags.RMI+@DistributedTags.SERVER_REMOTE_INTERFACE+@DistributedTags.RMI:Remote:@@DistributedTags.SERVER_REMOTE_INTERFACE+@DistributedTags.GIPC+@DistributedTags.SERVER_REMOTE_INTERFACE+@DistributedTags.GIPC:SimulationParametersListener:PropertyChangeListener:EventListener:SimulationParametersListener:@DistributedTags.READ_THREAD_INTERFACE+@DistributedTags.NIO:Runnable:@DistributedTags.READ_THREAD_INTERFACE+@DistributedTags.NIO:Runnable:SimulationParametersListener:SocketChannelConnectListener:SocketChannelWriteListener:SocketChannelReadListener:SimulationParametersListener,an:abstract:simulation:parameters:bean:distributed:tags:server:remote:interface:distributed:tags:rmi:distributed:tags:server:remote:interface:distributed:tags:rmi:remote:distributed:tags:server:remote:interface:distributed:tags:distributed:tags:server:remote:interface:distributed:tags:simulation:parameters:listener:property:change:listener:event:listener:simulation:parameters:listener:distributed:tags:read:thread:interface:distributed:tags:nio:distributed:tags:read:thread:interface:distributed:tags:nio:simulation:parameters:listener:socket:channel:connect:listener:socket:channel:write:listener:socket:channel:read:listener:simulation:parameters:listener,util.trace.port.consensus.ConsensusTraceUtility,consensus:trace:utility,util.trace.port.consensus.ConsensusTraceUtility,consensus:trace:utility,setTracing,set:tracing
registry.Registry,registry,Registry,registry,setTracing,set:tracing,AnAbstractSimulationParametersBean:@@DistributedTags.SERVER_REMOTE_INTERFACE+@DistributedTags.RMI+@DistributedTags.SERVER_REMOTE_INTERFACE+@DistributedTags.RMI:Remote:@@DistributedTags.SERVER_REMOTE_INTERFACE+@DistributedTags.GIPC+@DistributedTags.SERVER_REMOTE_INTERFACE+@DistributedTags.GIPC:SimulationParametersListener:PropertyChangeListener:EventListener:SimulationParametersListener:@DistributedTags.READ_THREAD_INTERFACE+@DistributedTags.NIO:Runnable:@DistributedTags.READ_THREAD_INTERFACE+@DistributedTags.NIO:Runnable:SimulationParametersListener:SocketChannelConnectListener:SocketChannelWriteListener:SocketChannelReadListener:SimulationParametersListener,an:abstract:simulation:parameters:bean:distributed:tags:server:remote:interface:distributed:tags:rmi:distributed:tags:server:remote:interface:distributed:tags:rmi:remote:distributed:tags:server:remote:interface:distributed:tags:distributed:tags:server:remote:interface:distributed:tags:simulation:parameters:listener:property:change:listener:event:listener:simulation:parameters:listener:distributed:tags:read:thread:interface:distributed:tags:nio:distributed:tags:read:thread:interface:distributed:tags:nio:simulation:parameters:listener:socket:channel:connect:listener:socket:channel:write:listener:socket:channel:read:listener:simulation:parameters:listener,util.trace.misc.ThreadDelayed,thread:delayed,util.trace.misc.ThreadDelayed,thread:delayed,enablePrint,enable:print
registry.Registry,registry,Registry,registry,createRegistry,create:registry,AnAbstractSimulationParametersBean:@@DistributedTags.SERVER_REMOTE_INTERFACE+@DistributedTags.RMI+@DistributedTags.SERVER_REMOTE_INTERFACE+@DistributedTags.RMI:Remote:@@DistributedTags.SERVER_REMOTE_INTERFACE+@DistributedTags.GIPC+@DistributedTags.SERVER_REMOTE_INTERFACE+@DistributedTags.GIPC:SimulationParametersListener:PropertyChangeListener:EventListener:SimulationParametersListener:@DistributedTags.READ_THREAD_INTERFACE+@DistributedTags.NIO:Runnable:@DistributedTags.READ_THREAD_INTERFACE+@DistributedTags.NIO:Runnable:SimulationParametersListener:SocketChannelConnectListener:SocketChannelWriteListener:SocketChannelReadListener:SimulationParametersListener,an:abstract:simulation:parameters:bean:distributed:tags:server:remote:interface:distributed:tags:rmi:distributed:tags:server:remote:interface:distributed:tags:rmi:remote:distributed:tags:server:remote:interface:distributed:tags:distributed:tags:server:remote:interface:distributed:tags:simulation:parameters:listener:property:change:listener:event:listener:simulation:parameters:listener:distributed:tags:read:thread:interface:distributed:tags:nio:distributed:tags:read:thread:interface:distributed:tags:nio:simulation:parameters:listener:socket:channel:connect:listener:socket:channel:write:listener:socket:channel:read:listener:simulation:parameters:listener,util.trace.port.rpc.rmi.RMITraceUtility,rmi:trace:utility,util.trace.port.rpc.rmi.RMITraceUtility,rmi:trace:utility,setTracing,set:tracing
registry.Registry,registry,Registry,registry,createRegistry,create:registry,AnAbstractSimulationParametersBean:@@DistributedTags.SERVER_REMOTE_INTERFACE+@DistributedTags.RMI+@DistributedTags.SERVER_REMOTE_INTERFACE+@DistributedTags.RMI:Remote:@@DistributedTags.SERVER_REMOTE_INTERFACE+@DistributedTags.GIPC+@DistributedTags.SERVER_REMOTE_INTERFACE+@DistributedTags.GIPC:SimulationParametersListener:PropertyChangeListener:EventListener:SimulationParametersListener:@DistributedTags.READ_THREAD_INTERFACE+@DistributedTags.NIO:Runnable:@DistributedTags.READ_THREAD_INTERFACE+@DistributedTags.NIO:Runnable:SimulationParametersListener:SocketChannelConnectListener:SocketChannelWriteListener:SocketChannelReadListener:SimulationParametersListener,an:abstract:simulation:parameters:bean:distributed:tags:server:remote:interface:distributed:tags:rmi:distributed:tags:server:remote:interface:distributed:tags:rmi:remote:distributed:tags:server:remote:interface:distributed:tags:distributed:tags:server:remote:interface:distributed:tags:simulation:parameters:listener:property:change:listener:event:listener:simulation:parameters:listener:distributed:tags:read:thread:interface:distributed:tags:nio:distributed:tags:read:thread:interface:distributed:tags:nio:simulation:parameters:listener:socket:channel:connect:listener:socket:channel:write:listener:socket:channel:read:listener:simulation:parameters:listener,java.rmi.registry.LocateRegistry,locate:registry,java.rmi.registry.LocateRegistry,locate:registry,createRegistry,create:registry
registry.Registry,registry,Registry,registry,createRegistry,create:registry,AnAbstractSimulationParametersBean:@@DistributedTags.SERVER_REMOTE_INTERFACE+@DistributedTags.RMI+@DistributedTags.SERVER_REMOTE_INTERFACE+@DistributedTags.RMI:Remote:@@DistributedTags.SERVER_REMOTE_INTERFACE+@DistributedTags.GIPC+@DistributedTags.SERVER_REMOTE_INTERFACE+@DistributedTags.GIPC:SimulationParametersListener:PropertyChangeListener:EventListener:SimulationParametersListener:@DistributedTags.READ_THREAD_INTERFACE+@DistributedTags.NIO:Runnable:@DistributedTags.READ_THREAD_INTERFACE+@DistributedTags.NIO:Runnable:SimulationParametersListener:SocketChannelConnectListener:SocketChannelWriteListener:SocketChannelReadListener:SimulationParametersListener,an:abstract:simulation:parameters:bean:distributed:tags:server:remote:interface:distributed:tags:rmi:distributed:tags:server:remote:interface:distributed:tags:rmi:remote:distributed:tags:server:remote:interface:distributed:tags:distributed:tags:server:remote:interface:distributed:tags:simulation:parameters:listener:property:change:listener:event:listener:simulation:parameters:listener:distributed:tags:read:thread:interface:distributed:tags:nio:distributed:tags:read:thread:interface:distributed:tags:nio:simulation:parameters:listener:socket:channel:connect:listener:socket:channel:write:listener:socket:channel:read:listener:simulation:parameters:listener,util.trace.port.rpc.rmi.RMIRegistryCreated,rmi:registry:created,util.trace.port.rpc.rmi.RMIRegistryCreated,rmi:registry:created,newCase,new:case
client.CoupledClientSimulation,coupled:client:simulation,@@DistributedTags.CLIENT_REMOTE_OBJECT+@DistributedTags.RMI+@DistributedTags.GIPC+@DistributedTags.CLIENT_REMOTE_OBJECT+@DistributedTags.RMI+@DistributedTags.GIPC,distributed:tags:client:remote:object:distributed:tags:rmi:distributed:tags:distributed:tags:client:remote:object:distributed:tags:rmi:distributed:tags,simulationCommand,simulation:command,AnAbstractSimulationParametersBean:@@DistributedTags.SERVER_REMOTE_INTERFACE+@DistributedTags.RMI+@DistributedTags.SERVER_REMOTE_INTERFACE+@DistributedTags.RMI:Remote:@@DistributedTags.SERVER_REMOTE_INTERFACE+@DistributedTags.GIPC+@DistributedTags.SERVER_REMOTE_INTERFACE+@DistributedTags.GIPC:SimulationParametersListener:PropertyChangeListener:EventListener:SimulationParametersListener:@DistributedTags.READ_THREAD_INTERFACE+@DistributedTags.NIO:Runnable:@DistributedTags.READ_THREAD_INTERFACE+@DistributedTags.NIO:Runnable:SimulationParametersListener:SocketChannelConnectListener:SocketChannelWriteListener:SocketChannelReadListener:SimulationParametersListener:AnAbstractSimulationParametersBean:@@DistributedTags.CLIENT_REMOTE_INTERFACE+@DistributedTags.RMI+@DistributedTags.CLIENT_REMOTE_INTERFACE+@DistributedTags.RMI:Remote:@@DistributedTags.CLIENT_REMOTE_INTERFACE+@DistributedTags.GIPC+@DistributedTags.CLIENT_REMOTE_INTERFACE+@DistributedTags.GIPC:SimulationParametersListener,an:abstract:simulation:parameters:bean:distributed:tags:server:remote:interface:distributed:tags:rmi:distributed:tags:server:remote:interface:distributed:tags:rmi:remote:distributed:tags:server:remote:interface:distributed:tags:distributed:tags:server:remote:interface:distributed:tags:simulation:parameters:listener:property:change:listener:event:listener:simulation:parameters:listener:distributed:tags:read:thread:interface:distributed:tags:nio:distributed:tags:read:thread:interface:distributed:tags:nio:simulation:parameters:listener:socket:channel:connect:listener:socket:channel:write:listener:socket:channel:read:listener:simulation:parameters:listener:an:abstract:simulation:parameters:bean:distributed:tags:client:remote:interface:distributed:tags:rmi:distributed:tags:client:remote:interface:distributed:tags:rmi:remote:distributed:tags:client:remote:interface:distributed:tags:distributed:tags:client:remote:interface:distributed:tags:simulation:parameters:listener,assignments.util.inputParameters.AnAbstractSimulationParametersBean,an:abstract:simulation:parameters:bean,assignments.util.inputParameters.AnAbstractSimulationParametersBean,an:abstract:simulation:parameters:bean,getDelay,get:delay
client.CoupledClientSimulation,coupled:client:simulation,@@DistributedTags.CLIENT_REMOTE_OBJECT+@DistributedTags.RMI+@DistributedTags.GIPC+@DistributedTags.CLIENT_REMOTE_OBJECT+@DistributedTags.RMI+@DistributedTags.GIPC,distributed:tags:client:remote:object:distributed:tags:rmi:distributed:tags:distributed:tags:client:remote:object:distributed:tags:rmi:distributed:tags,simulationCommand,simulation:command,AnAbstractSimulationParametersBean:@@DistributedTags.SERVER_REMOTE_INTERFACE+@DistributedTags.RMI+@DistributedTags.SERVER_REMOTE_INTERFACE+@DistributedTags.RMI:Remote:@@DistributedTags.SERVER_REMOTE_INTERFACE+@DistributedTags.GIPC+@DistributedTags.SERVER_REMOTE_INTERFACE+@DistributedTags.GIPC:SimulationParametersListener:PropertyChangeListener:EventListener:SimulationParametersListener:@DistributedTags.READ_THREAD_INTERFACE+@DistributedTags.NIO:Runnable:@DistributedTags.READ_THREAD_INTERFACE+@DistributedTags.NIO:Runnable:SimulationParametersListener:SocketChannelConnectListener:SocketChannelWriteListener:SocketChannelReadListener:SimulationParametersListener:AnAbstractSimulationParametersBean:@@DistributedTags.CLIENT_REMOTE_INTERFACE+@DistributedTags.RMI+@DistributedTags.CLIENT_REMOTE_INTERFACE+@DistributedTags.RMI:Remote:@@DistributedTags.CLIENT_REMOTE_INTERFACE+@DistributedTags.GIPC+@DistributedTags.CLIENT_REMOTE_INTERFACE+@DistributedTags.GIPC:SimulationParametersListener,an:abstract:simulation:parameters:bean:distributed:tags:server:remote:interface:distributed:tags:rmi:distributed:tags:server:remote:interface:distributed:tags:rmi:remote:distributed:tags:server:remote:interface:distributed:tags:distributed:tags:server:remote:interface:distributed:tags:simulation:parameters:listener:property:change:listener:event:listener:simulation:parameters:listener:distributed:tags:read:thread:interface:distributed:tags:nio:distributed:tags:read:thread:interface:distributed:tags:nio:simulation:parameters:listener:socket:channel:connect:listener:socket:channel:write:listener:socket:channel:read:listener:simulation:parameters:listener:an:abstract:simulation:parameters:bean:distributed:tags:client:remote:interface:distributed:tags:rmi:distributed:tags:client:remote:interface:distributed:tags:rmi:remote:distributed:tags:client:remote:interface:distributed:tags:distributed:tags:client:remote:interface:distributed:tags:simulation:parameters:listener,util.misc.ThreadSupport,thread:support,util.misc.ThreadSupport,thread:support,sleep,sleep
client.CoupledClientSimulation,coupled:client:simulation,@@DistributedTags.CLIENT_REMOTE_OBJECT+@DistributedTags.RMI+@DistributedTags.GIPC+@DistributedTags.CLIENT_REMOTE_OBJECT+@DistributedTags.RMI+@DistributedTags.GIPC,distributed:tags:client:remote:object:distributed:tags:rmi:distributed:tags:distributed:tags:client:remote:object:distributed:tags:rmi:distributed:tags,simulationCommand,simulation:command,AnAbstractSimulationParametersBean:@@DistributedTags.SERVER_REMOTE_INTERFACE+@DistributedTags.RMI+@DistributedTags.SERVER_REMOTE_INTERFACE+@DistributedTags.RMI:Remote:@@DistributedTags.SERVER_REMOTE_INTERFACE+@DistributedTags.GIPC+@DistributedTags.SERVER_REMOTE_INTERFACE+@DistributedTags.GIPC:SimulationParametersListener:PropertyChangeListener:EventListener:SimulationParametersListener:@DistributedTags.READ_THREAD_INTERFACE+@DistributedTags.NIO:Runnable:@DistributedTags.READ_THREAD_INTERFACE+@DistributedTags.NIO:Runnable:SimulationParametersListener:SocketChannelConnectListener:SocketChannelWriteListener:SocketChannelReadListener:SimulationParametersListener:AnAbstractSimulationParametersBean:@@DistributedTags.CLIENT_REMOTE_INTERFACE+@DistributedTags.RMI+@DistributedTags.CLIENT_REMOTE_INTERFACE+@DistributedTags.RMI:Remote:@@DistributedTags.CLIENT_REMOTE_INTERFACE+@DistributedTags.GIPC+@DistributedTags.CLIENT_REMOTE_INTERFACE+@DistributedTags.GIPC:SimulationParametersListener,an:abstract:simulation:parameters:bean:distributed:tags:server:remote:interface:distributed:tags:rmi:distributed:tags:server:remote:interface:distributed:tags:rmi:remote:distributed:tags:server:remote:interface:distributed:tags:distributed:tags:server:remote:interface:distributed:tags:simulation:parameters:listener:property:change:listener:event:listener:simulation:parameters:listener:distributed:tags:read:thread:interface:distributed:tags:nio:distributed:tags:read:thread:interface:distributed:tags:nio:simulation:parameters:listener:socket:channel:connect:listener:socket:channel:write:listener:socket:channel:read:listener:simulation:parameters:listener:an:abstract:simulation:parameters:bean:distributed:tags:client:remote:interface:distributed:tags:rmi:distributed:tags:client:remote:interface:distributed:tags:rmi:remote:distributed:tags:client:remote:interface:distributed:tags:distributed:tags:client:remote:interface:distributed:tags:simulation:parameters:listener,stringProcessors.HalloweenCommandProcessor,halloween:command:processor,stringProcessors.HalloweenCommandProcessor,halloween:command:processor,setInputString,set:input:string
client.CoupledClientSimulation,coupled:client:simulation,@@DistributedTags.CLIENT_REMOTE_OBJECT+@DistributedTags.RMI+@DistributedTags.GIPC+@DistributedTags.CLIENT_REMOTE_OBJECT+@DistributedTags.RMI+@DistributedTags.GIPC,distributed:tags:client:remote:object:distributed:tags:rmi:distributed:tags:distributed:tags:client:remote:object:distributed:tags:rmi:distributed:tags,trace,trace,AnAbstractSimulationParametersBean:@@DistributedTags.SERVER_REMOTE_INTERFACE+@DistributedTags.RMI+@DistributedTags.SERVER_REMOTE_INTERFACE+@DistributedTags.RMI:Remote:@@DistributedTags.SERVER_REMOTE_INTERFACE+@DistributedTags.GIPC+@DistributedTags.SERVER_REMOTE_INTERFACE+@DistributedTags.GIPC:SimulationParametersListener:PropertyChangeListener:EventListener:SimulationParametersListener:@DistributedTags.READ_THREAD_INTERFACE+@DistributedTags.NIO:Runnable:@DistributedTags.READ_THREAD_INTERFACE+@DistributedTags.NIO:Runnable:SimulationParametersListener:SocketChannelConnectListener:SocketChannelWriteListener:SocketChannelReadListener:SimulationParametersListener:AnAbstractSimulationParametersBean:@@DistributedTags.CLIENT_REMOTE_INTERFACE+@DistributedTags.RMI+@DistributedTags.CLIENT_REMOTE_INTERFACE+@DistributedTags.RMI:Remote:@@DistributedTags.CLIENT_REMOTE_INTERFACE+@DistributedTags.GIPC+@DistributedTags.CLIENT_REMOTE_INTERFACE+@DistributedTags.GIPC:SimulationParametersListener,an:abstract:simulation:parameters:bean:distributed:tags:server:remote:interface:distributed:tags:rmi:distributed:tags:server:remote:interface:distributed:tags:rmi:remote:distributed:tags:server:remote:interface:distributed:tags:distributed:tags:server:remote:interface:distributed:tags:simulation:parameters:listener:property:change:listener:event:listener:simulation:parameters:listener:distributed:tags:read:thread:interface:distributed:tags:nio:distributed:tags:read:thread:interface:distributed:tags:nio:simulation:parameters:listener:socket:channel:connect:listener:socket:channel:write:listener:socket:channel:read:listener:simulation:parameters:listener:an:abstract:simulation:parameters:bean:distributed:tags:client:remote:interface:distributed:tags:rmi:distributed:tags:client:remote:interface:distributed:tags:rmi:remote:distributed:tags:client:remote:interface:distributed:tags:distributed:tags:client:remote:interface:distributed:tags:simulation:parameters:listener,client.CoupledClientSimulation,coupled:client:simulation,@@DistributedTags.CLIENT_REMOTE_OBJECT+@DistributedTags.RMI+@DistributedTags.GIPC+@DistributedTags.CLIENT_REMOTE_OBJECT+@DistributedTags.RMI+@DistributedTags.GIPC,distributed:tags:client:remote:object:distributed:tags:rmi:distributed:tags:distributed:tags:client:remote:object:distributed:tags:rmi:distributed:tags,trace,trace
client.CoupledClientSimulation,coupled:client:simulation,@@DistributedTags.CLIENT_REMOTE_OBJECT+@DistributedTags.RMI+@DistributedTags.GIPC+@DistributedTags.CLIENT_REMOTE_OBJECT+@DistributedTags.RMI+@DistributedTags.GIPC,distributed:tags:client:remote:object:distributed:tags:rmi:distributed:tags:distributed:tags:client:remote:object:distributed:tags:rmi:distributed:tags,trace,trace,AnAbstractSimulationParametersBean:@@DistributedTags.SERVER_REMOTE_INTERFACE+@DistributedTags.RMI+@DistributedTags.SERVER_REMOTE_INTERFACE+@DistributedTags.RMI:Remote:@@DistributedTags.SERVER_REMOTE_INTERFACE+@DistributedTags.GIPC+@DistributedTags.SERVER_REMOTE_INTERFACE+@DistributedTags.GIPC:SimulationParametersListener:PropertyChangeListener:EventListener:SimulationParametersListener:@DistributedTags.READ_THREAD_INTERFACE+@DistributedTags.NIO:Runnable:@DistributedTags.READ_THREAD_INTERFACE+@DistributedTags.NIO:Runnable:SimulationParametersListener:SocketChannelConnectListener:SocketChannelWriteListener:SocketChannelReadListener:SimulationParametersListener:AnAbstractSimulationParametersBean:@@DistributedTags.CLIENT_REMOTE_INTERFACE+@DistributedTags.RMI+@DistributedTags.CLIENT_REMOTE_INTERFACE+@DistributedTags.RMI:Remote:@@DistributedTags.CLIENT_REMOTE_INTERFACE+@DistributedTags.GIPC+@DistributedTags.CLIENT_REMOTE_INTERFACE+@DistributedTags.GIPC:SimulationParametersListener,an:abstract:simulation:parameters:bean:distributed:tags:server:remote:interface:distributed:tags:rmi:distributed:tags:server:remote:interface:distributed:tags:rmi:remote:distributed:tags:server:remote:interface:distributed:tags:distributed:tags:server:remote:interface:distributed:tags:simulation:parameters:listener:property:change:listener:event:listener:simulation:parameters:listener:distributed:tags:read:thread:interface:distributed:tags:nio:distributed:tags:read:thread:interface:distributed:tags:nio:simulation:parameters:listener:socket:channel:connect:listener:socket:channel:write:listener:socket:channel:read:listener:simulation:parameters:listener:an:abstract:simulation:parameters:bean:distributed:tags:client:remote:interface:distributed:tags:rmi:distributed:tags:client:remote:interface:distributed:tags:rmi:remote:distributed:tags:client:remote:interface:distributed:tags:distributed:tags:client:remote:interface:distributed:tags:simulation:parameters:listener,util.trace.Tracer,tracer,util.trace.Tracer,tracer,showInfo,show:info
client.CoupledClientSimulation,coupled:client:simulation,@@DistributedTags.CLIENT_REMOTE_OBJECT+@DistributedTags.RMI+@DistributedTags.GIPC+@DistributedTags.CLIENT_REMOTE_OBJECT+@DistributedTags.RMI+@DistributedTags.GIPC,distributed:tags:client:remote:object:distributed:tags:rmi:distributed:tags:distributed:tags:client:remote:object:distributed:tags:rmi:distributed:tags,trace,trace,AnAbstractSimulationParametersBean:@@DistributedTags.SERVER_REMOTE_INTERFACE+@DistributedTags.RMI+@DistributedTags.SERVER_REMOTE_INTERFACE+@DistributedTags.RMI:Remote:@@DistributedTags.SERVER_REMOTE_INTERFACE+@DistributedTags.GIPC+@DistributedTags.SERVER_REMOTE_INTERFACE+@DistributedTags.GIPC:SimulationParametersListener:PropertyChangeListener:EventListener:SimulationParametersListener:@DistributedTags.READ_THREAD_INTERFACE+@DistributedTags.NIO:Runnable:@DistributedTags.READ_THREAD_INTERFACE+@DistributedTags.NIO:Runnable:SimulationParametersListener:SocketChannelConnectListener:SocketChannelWriteListener:SocketChannelReadListener:SimulationParametersListener:AnAbstractSimulationParametersBean:@@DistributedTags.CLIENT_REMOTE_INTERFACE+@DistributedTags.RMI+@DistributedTags.CLIENT_REMOTE_INTERFACE+@DistributedTags.RMI:Remote:@@DistributedTags.CLIENT_REMOTE_INTERFACE+@DistributedTags.GIPC+@DistributedTags.CLIENT_REMOTE_INTERFACE+@DistributedTags.GIPC:SimulationParametersListener,an:abstract:simulation:parameters:bean:distributed:tags:server:remote:interface:distributed:tags:rmi:distributed:tags:server:remote:interface:distributed:tags:rmi:remote:distributed:tags:server:remote:interface:distributed:tags:distributed:tags:server:remote:interface:distributed:tags:simulation:parameters:listener:property:change:listener:event:listener:simulation:parameters:listener:distributed:tags:read:thread:interface:distributed:tags:nio:distributed:tags:read:thread:interface:distributed:tags:nio:simulation:parameters:listener:socket:channel:connect:listener:socket:channel:write:listener:socket:channel:read:listener:simulation:parameters:listener:an:abstract:simulation:parameters:bean:distributed:tags:client:remote:interface:distributed:tags:rmi:distributed:tags:client:remote:interface:distributed:tags:rmi:remote:distributed:tags:client:remote:interface:distributed:tags:distributed:tags:client:remote:interface:distributed:tags:simulation:parameters:listener,assignments.util.inputParameters.AnAbstractSimulationParametersBean,an:abstract:simulation:parameters:bean,assignments.util.inputParameters.AnAbstractSimulationParametersBean,an:abstract:simulation:parameters:bean,isTrace,is:trace
client.CoupledClientSimulation,coupled:client:simulation,@@DistributedTags.CLIENT_REMOTE_OBJECT+@DistributedTags.RMI+@DistributedTags.GIPC+@DistributedTags.CLIENT_REMOTE_OBJECT+@DistributedTags.RMI+@DistributedTags.GIPC,distributed:tags:client:remote:object:distributed:tags:rmi:distributed:tags:distributed:tags:client:remote:object:distributed:tags:rmi:distributed:tags,setTracing,set:tracing,AnAbstractSimulationParametersBean:@@DistributedTags.SERVER_REMOTE_INTERFACE+@DistributedTags.RMI+@DistributedTags.SERVER_REMOTE_INTERFACE+@DistributedTags.RMI:Remote:@@DistributedTags.SERVER_REMOTE_INTERFACE+@DistributedTags.GIPC+@DistributedTags.SERVER_REMOTE_INTERFACE+@DistributedTags.GIPC:SimulationParametersListener:PropertyChangeListener:EventListener:SimulationParametersListener:@DistributedTags.READ_THREAD_INTERFACE+@DistributedTags.NIO:Runnable:@DistributedTags.READ_THREAD_INTERFACE+@DistributedTags.NIO:Runnable:SimulationParametersListener:SocketChannelConnectListener:SocketChannelWriteListener:SocketChannelReadListener:SimulationParametersListener:AnAbstractSimulationParametersBean:@@DistributedTags.CLIENT_REMOTE_INTERFACE+@DistributedTags.RMI+@DistributedTags.CLIENT_REMOTE_INTERFACE+@DistributedTags.RMI:Remote:@@DistributedTags.CLIENT_REMOTE_INTERFACE+@DistributedTags.GIPC+@DistributedTags.CLIENT_REMOTE_INTERFACE+@DistributedTags.GIPC:SimulationParametersListener,an:abstract:simulation:parameters:bean:distributed:tags:server:remote:interface:distributed:tags:rmi:distributed:tags:server:remote:interface:distributed:tags:rmi:remote:distributed:tags:server:remote:interface:distributed:tags:distributed:tags:server:remote:interface:distributed:tags:simulation:parameters:listener:property:change:listener:event:listener:simulation:parameters:listener:distributed:tags:read:thread:interface:distributed:tags:nio:distributed:tags:read:thread:interface:distributed:tags:nio:simulation:parameters:listener:socket:channel:connect:listener:socket:channel:write:listener:socket:channel:read:listener:simulation:parameters:listener:an:abstract:simulation:parameters:bean:distributed:tags:client:remote:interface:distributed:tags:rmi:distributed:tags:client:remote:interface:distributed:tags:rmi:remote:distributed:tags:client:remote:interface:distributed:tags:distributed:tags:client:remote:interface:distributed:tags:simulation:parameters:listener,util.trace.factories.FactoryTraceUtility,factory:trace:utility,util.trace.factories.FactoryTraceUtility,factory:trace:utility,setTracing,set:tracing
client.CoupledClientSimulation,coupled:client:simulation,@@DistributedTags.CLIENT_REMOTE_OBJECT+@DistributedTags.RMI+@DistributedTags.GIPC+@DistributedTags.CLIENT_REMOTE_OBJECT+@DistributedTags.RMI+@DistributedTags.GIPC,distributed:tags:client:remote:object:distributed:tags:rmi:distributed:tags:distributed:tags:client:remote:object:distributed:tags:rmi:distributed:tags,setTracing,set:tracing,AnAbstractSimulationParametersBean:@@DistributedTags.SERVER_REMOTE_INTERFACE+@DistributedTags.RMI+@DistributedTags.SERVER_REMOTE_INTERFACE+@DistributedTags.RMI:Remote:@@DistributedTags.SERVER_REMOTE_INTERFACE+@DistributedTags.GIPC+@DistributedTags.SERVER_REMOTE_INTERFACE+@DistributedTags.GIPC:SimulationParametersListener:PropertyChangeListener:EventListener:SimulationParametersListener:@DistributedTags.READ_THREAD_INTERFACE+@DistributedTags.NIO:Runnable:@DistributedTags.READ_THREAD_INTERFACE+@DistributedTags.NIO:Runnable:SimulationParametersListener:SocketChannelConnectListener:SocketChannelWriteListener:SocketChannelReadListener:SimulationParametersListener:AnAbstractSimulationParametersBean:@@DistributedTags.CLIENT_REMOTE_INTERFACE+@DistributedTags.RMI+@DistributedTags.CLIENT_REMOTE_INTERFACE+@DistributedTags.RMI:Remote:@@DistributedTags.CLIENT_REMOTE_INTERFACE+@DistributedTags.GIPC+@DistributedTags.CLIENT_REMOTE_INTERFACE+@DistributedTags.GIPC:SimulationParametersListener,an:abstract:simulation:parameters:bean:distributed:tags:server:remote:interface:distributed:tags:rmi:distributed:tags:server:remote:interface:distributed:tags:rmi:remote:distributed:tags:server:remote:interface:distributed:tags:distributed:tags:server:remote:interface:distributed:tags:simulation:parameters:listener:property:change:listener:event:listener:simulation:parameters:listener:distributed:tags:read:thread:interface:distributed:tags:nio:distributed:tags:read:thread:interface:distributed:tags:nio:simulation:parameters:listener:socket:channel:connect:listener:socket:channel:write:listener:socket:channel:read:listener:simulation:parameters:listener:an:abstract:simulation:parameters:bean:distributed:tags:client:remote:interface:distributed:tags:rmi:distributed:tags:client:remote:interface:distributed:tags:rmi:remote:distributed:tags:client:remote:interface:distributed:tags:distributed:tags:client:remote:interface:distributed:tags:simulation:parameters:listener,util.trace.bean.BeanTraceUtility,bean:trace:utility,util.trace.bean.BeanTraceUtility,bean:trace:utility,setTracing,set:tracing
client.CoupledClientSimulation,coupled:client:simulation,@@DistributedTags.CLIENT_REMOTE_OBJECT+@DistributedTags.RMI+@DistributedTags.GIPC+@DistributedTags.CLIENT_REMOTE_OBJECT+@DistributedTags.RMI+@DistributedTags.GIPC,distributed:tags:client:remote:object:distributed:tags:rmi:distributed:tags:distributed:tags:client:remote:object:distributed:tags:rmi:distributed:tags,setTracing,set:tracing,AnAbstractSimulationParametersBean:@@DistributedTags.SERVER_REMOTE_INTERFACE+@DistributedTags.RMI+@DistributedTags.SERVER_REMOTE_INTERFACE+@DistributedTags.RMI:Remote:@@DistributedTags.SERVER_REMOTE_INTERFACE+@DistributedTags.GIPC+@DistributedTags.SERVER_REMOTE_INTERFACE+@DistributedTags.GIPC:SimulationParametersListener:PropertyChangeListener:EventListener:SimulationParametersListener:@DistributedTags.READ_THREAD_INTERFACE+@DistributedTags.NIO:Runnable:@DistributedTags.READ_THREAD_INTERFACE+@DistributedTags.NIO:Runnable:SimulationParametersListener:SocketChannelConnectListener:SocketChannelWriteListener:SocketChannelReadListener:SimulationParametersListener:AnAbstractSimulationParametersBean:@@DistributedTags.CLIENT_REMOTE_INTERFACE+@DistributedTags.RMI+@DistributedTags.CLIENT_REMOTE_INTERFACE+@DistributedTags.RMI:Remote:@@DistributedTags.CLIENT_REMOTE_INTERFACE+@DistributedTags.GIPC+@DistributedTags.CLIENT_REMOTE_INTERFACE+@DistributedTags.GIPC:SimulationParametersListener,an:abstract:simulation:parameters:bean:distributed:tags:server:remote:interface:distributed:tags:rmi:distributed:tags:server:remote:interface:distributed:tags:rmi:remote:distributed:tags:server:remote:interface:distributed:tags:distributed:tags:server:remote:interface:distributed:tags:simulation:parameters:listener:property:change:listener:event:listener:simulation:parameters:listener:distributed:tags:read:thread:interface:distributed:tags:nio:distributed:tags:read:thread:interface:distributed:tags:nio:simulation:parameters:listener:socket:channel:connect:listener:socket:channel:write:listener:socket:channel:read:listener:simulation:parameters:listener:an:abstract:simulation:parameters:bean:distributed:tags:client:remote:interface:distributed:tags:rmi:distributed:tags:client:remote:interface:distributed:tags:rmi:remote:distributed:tags:client:remote:interface:distributed:tags:distributed:tags:client:remote:interface:distributed:tags:simulation:parameters:listener,util.trace.port.rpc.rmi.RMITraceUtility,rmi:trace:utility,util.trace.port.rpc.rmi.RMITraceUtility,rmi:trace:utility,setTracing,set:tracing
client.CoupledClientSimulation,coupled:client:simulation,@@DistributedTags.CLIENT_REMOTE_OBJECT+@DistributedTags.RMI+@DistributedTags.GIPC+@DistributedTags.CLIENT_REMOTE_OBJECT+@DistributedTags.RMI+@DistributedTags.GIPC,distributed:tags:client:remote:object:distributed:tags:rmi:distributed:tags:distributed:tags:client:remote:object:distributed:tags:rmi:distributed:tags,setTracing,set:tracing,AnAbstractSimulationParametersBean:@@DistributedTags.SERVER_REMOTE_INTERFACE+@DistributedTags.RMI+@DistributedTags.SERVER_REMOTE_INTERFACE+@DistributedTags.RMI:Remote:@@DistributedTags.SERVER_REMOTE_INTERFACE+@DistributedTags.GIPC+@DistributedTags.SERVER_REMOTE_INTERFACE+@DistributedTags.GIPC:SimulationParametersListener:PropertyChangeListener:EventListener:SimulationParametersListener:@DistributedTags.READ_THREAD_INTERFACE+@DistributedTags.NIO:Runnable:@DistributedTags.READ_THREAD_INTERFACE+@DistributedTags.NIO:Runnable:SimulationParametersListener:SocketChannelConnectListener:SocketChannelWriteListener:SocketChannelReadListener:SimulationParametersListener:AnAbstractSimulationParametersBean:@@DistributedTags.CLIENT_REMOTE_INTERFACE+@DistributedTags.RMI+@DistributedTags.CLIENT_REMOTE_INTERFACE+@DistributedTags.RMI:Remote:@@DistributedTags.CLIENT_REMOTE_INTERFACE+@DistributedTags.GIPC+@DistributedTags.CLIENT_REMOTE_INTERFACE+@DistributedTags.GIPC:SimulationParametersListener,an:abstract:simulation:parameters:bean:distributed:tags:server:remote:interface:distributed:tags:rmi:distributed:tags:server:remote:interface:distributed:tags:rmi:remote:distributed:tags:server:remote:interface:distributed:tags:distributed:tags:server:remote:interface:distributed:tags:simulation:parameters:listener:property:change:listener:event:listener:simulation:parameters:listener:distributed:tags:read:thread:interface:distributed:tags:nio:distributed:tags:read:thread:interface:distributed:tags:nio:simulation:parameters:listener:socket:channel:connect:listener:socket:channel:write:listener:socket:channel:read:listener:simulation:parameters:listener:an:abstract:simulation:parameters:bean:distributed:tags:client:remote:interface:distributed:tags:rmi:distributed:tags:client:remote:interface:distributed:tags:rmi:remote:distributed:tags:client:remote:interface:distributed:tags:distributed:tags:client:remote:interface:distributed:tags:simulation:parameters:listener,util.trace.port.consensus.ConsensusTraceUtility,consensus:trace:utility,util.trace.port.consensus.ConsensusTraceUtility,consensus:trace:utility,setTracing,set:tracing
client.CoupledClientSimulation,coupled:client:simulation,@@DistributedTags.CLIENT_REMOTE_OBJECT+@DistributedTags.RMI+@DistributedTags.GIPC+@DistributedTags.CLIENT_REMOTE_OBJECT+@DistributedTags.RMI+@DistributedTags.GIPC,distributed:tags:client:remote:object:distributed:tags:rmi:distributed:tags:distributed:tags:client:remote:object:distributed:tags:rmi:distributed:tags,setTracing,set:tracing,AnAbstractSimulationParametersBean:@@DistributedTags.SERVER_REMOTE_INTERFACE+@DistributedTags.RMI+@DistributedTags.SERVER_REMOTE_INTERFACE+@DistributedTags.RMI:Remote:@@DistributedTags.SERVER_REMOTE_INTERFACE+@DistributedTags.GIPC+@DistributedTags.SERVER_REMOTE_INTERFACE+@DistributedTags.GIPC:SimulationParametersListener:PropertyChangeListener:EventListener:SimulationParametersListener:@DistributedTags.READ_THREAD_INTERFACE+@DistributedTags.NIO:Runnable:@DistributedTags.READ_THREAD_INTERFACE+@DistributedTags.NIO:Runnable:SimulationParametersListener:SocketChannelConnectListener:SocketChannelWriteListener:SocketChannelReadListener:SimulationParametersListener:AnAbstractSimulationParametersBean:@@DistributedTags.CLIENT_REMOTE_INTERFACE+@DistributedTags.RMI+@DistributedTags.CLIENT_REMOTE_INTERFACE+@DistributedTags.RMI:Remote:@@DistributedTags.CLIENT_REMOTE_INTERFACE+@DistributedTags.GIPC+@DistributedTags.CLIENT_REMOTE_INTERFACE+@DistributedTags.GIPC:SimulationParametersListener,an:abstract:simulation:parameters:bean:distributed:tags:server:remote:interface:distributed:tags:rmi:distributed:tags:server:remote:interface:distributed:tags:rmi:remote:distributed:tags:server:remote:interface:distributed:tags:distributed:tags:server:remote:interface:distributed:tags:simulation:parameters:listener:property:change:listener:event:listener:simulation:parameters:listener:distributed:tags:read:thread:interface:distributed:tags:nio:distributed:tags:read:thread:interface:distributed:tags:nio:simulation:parameters:listener:socket:channel:connect:listener:socket:channel:write:listener:socket:channel:read:listener:simulation:parameters:listener:an:abstract:simulation:parameters:bean:distributed:tags:client:remote:interface:distributed:tags:rmi:distributed:tags:client:remote:interface:distributed:tags:rmi:remote:distributed:tags:client:remote:interface:distributed:tags:distributed:tags:client:remote:interface:distributed:tags:simulation:parameters:listener,util.trace.misc.ThreadDelayed,thread:delayed,util.trace.misc.ThreadDelayed,thread:delayed,enablePrint,enable:print
client.CoupledClientSimulation,coupled:client:simulation,@@DistributedTags.CLIENT_REMOTE_OBJECT+@DistributedTags.RMI+@DistributedTags.GIPC+@DistributedTags.CLIENT_REMOTE_OBJECT+@DistributedTags.RMI+@DistributedTags.GIPC,distributed:tags:client:remote:object:distributed:tags:rmi:distributed:tags:distributed:tags:client:remote:object:distributed:tags:rmi:distributed:tags,setTracing,set:tracing,AnAbstractSimulationParametersBean:@@DistributedTags.SERVER_REMOTE_INTERFACE+@DistributedTags.RMI+@DistributedTags.SERVER_REMOTE_INTERFACE+@DistributedTags.RMI:Remote:@@DistributedTags.SERVER_REMOTE_INTERFACE+@DistributedTags.GIPC+@DistributedTags.SERVER_REMOTE_INTERFACE+@DistributedTags.GIPC:SimulationParametersListener:PropertyChangeListener:EventListener:SimulationParametersListener:@DistributedTags.READ_THREAD_INTERFACE+@DistributedTags.NIO:Runnable:@DistributedTags.READ_THREAD_INTERFACE+@DistributedTags.NIO:Runnable:SimulationParametersListener:SocketChannelConnectListener:SocketChannelWriteListener:SocketChannelReadListener:SimulationParametersListener:AnAbstractSimulationParametersBean:@@DistributedTags.CLIENT_REMOTE_INTERFACE+@DistributedTags.RMI+@DistributedTags.CLIENT_REMOTE_INTERFACE+@DistributedTags.RMI:Remote:@@DistributedTags.CLIENT_REMOTE_INTERFACE+@DistributedTags.GIPC+@DistributedTags.CLIENT_REMOTE_INTERFACE+@DistributedTags.GIPC:SimulationParametersListener,an:abstract:simulation:parameters:bean:distributed:tags:server:remote:interface:distributed:tags:rmi:distributed:tags:server:remote:interface:distributed:tags:rmi:remote:distributed:tags:server:remote:interface:distributed:tags:distributed:tags:server:remote:interface:distributed:tags:simulation:parameters:listener:property:change:listener:event:listener:simulation:parameters:listener:distributed:tags:read:thread:interface:distributed:tags:nio:distributed:tags:read:thread:interface:distributed:tags:nio:simulation:parameters:listener:socket:channel:connect:listener:socket:channel:write:listener:socket:channel:read:listener:simulation:parameters:listener:an:abstract:simulation:parameters:bean:distributed:tags:client:remote:interface:distributed:tags:rmi:distributed:tags:client:remote:interface:distributed:tags:rmi:remote:distributed:tags:client:remote:interface:distributed:tags:distributed:tags:client:remote:interface:distributed:tags:simulation:parameters:listener,util.trace.port.rpc.gipc.GIPCRPCTraceUtility,trace:utility,util.trace.port.rpc.gipc.GIPCRPCTraceUtility,trace:utility,setTracing,set:tracing
client.CoupledClientSimulation,coupled:client:simulation,@@DistributedTags.CLIENT_REMOTE_OBJECT+@DistributedTags.RMI+@DistributedTags.GIPC+@DistributedTags.CLIENT_REMOTE_OBJECT+@DistributedTags.RMI+@DistributedTags.GIPC,distributed:tags:client:remote:object:distributed:tags:rmi:distributed:tags:distributed:tags:client:remote:object:distributed:tags:rmi:distributed:tags,setTracing,set:tracing,AnAbstractSimulationParametersBean:@@DistributedTags.SERVER_REMOTE_INTERFACE+@DistributedTags.RMI+@DistributedTags.SERVER_REMOTE_INTERFACE+@DistributedTags.RMI:Remote:@@DistributedTags.SERVER_REMOTE_INTERFACE+@DistributedTags.GIPC+@DistributedTags.SERVER_REMOTE_INTERFACE+@DistributedTags.GIPC:SimulationParametersListener:PropertyChangeListener:EventListener:SimulationParametersListener:@DistributedTags.READ_THREAD_INTERFACE+@DistributedTags.NIO:Runnable:@DistributedTags.READ_THREAD_INTERFACE+@DistributedTags.NIO:Runnable:SimulationParametersListener:SocketChannelConnectListener:SocketChannelWriteListener:SocketChannelReadListener:SimulationParametersListener:AnAbstractSimulationParametersBean:@@DistributedTags.CLIENT_REMOTE_INTERFACE+@DistributedTags.RMI+@DistributedTags.CLIENT_REMOTE_INTERFACE+@DistributedTags.RMI:Remote:@@DistributedTags.CLIENT_REMOTE_INTERFACE+@DistributedTags.GIPC+@DistributedTags.CLIENT_REMOTE_INTERFACE+@DistributedTags.GIPC:SimulationParametersListener,an:abstract:simulation:parameters:bean:distributed:tags:server:remote:interface:distributed:tags:rmi:distributed:tags:server:remote:interface:distributed:tags:rmi:remote:distributed:tags:server:remote:interface:distributed:tags:distributed:tags:server:remote:interface:distributed:tags:simulation:parameters:listener:property:change:listener:event:listener:simulation:parameters:listener:distributed:tags:read:thread:interface:distributed:tags:nio:distributed:tags:read:thread:interface:distributed:tags:nio:simulation:parameters:listener:socket:channel:connect:listener:socket:channel:write:listener:socket:channel:read:listener:simulation:parameters:listener:an:abstract:simulation:parameters:bean:distributed:tags:client:remote:interface:distributed:tags:rmi:distributed:tags:client:remote:interface:distributed:tags:rmi:remote:distributed:tags:client:remote:interface:distributed:tags:distributed:tags:client:remote:interface:distributed:tags:simulation:parameters:listener,util.trace.port.nio.NIOTraceUtility,nio:trace:utility,util.trace.port.nio.NIOTraceUtility,nio:trace:utility,setTracing,set:tracing
client.CoupledClientSimulation,coupled:client:simulation,@@DistributedTags.CLIENT_REMOTE_OBJECT+@DistributedTags.RMI+@DistributedTags.GIPC+@DistributedTags.CLIENT_REMOTE_OBJECT+@DistributedTags.RMI+@DistributedTags.GIPC,distributed:tags:client:remote:object:distributed:tags:rmi:distributed:tags:distributed:tags:client:remote:object:distributed:tags:rmi:distributed:tags,setTracing,set:tracing,AnAbstractSimulationParametersBean:@@DistributedTags.SERVER_REMOTE_INTERFACE+@DistributedTags.RMI+@DistributedTags.SERVER_REMOTE_INTERFACE+@DistributedTags.RMI:Remote:@@DistributedTags.SERVER_REMOTE_INTERFACE+@DistributedTags.GIPC+@DistributedTags.SERVER_REMOTE_INTERFACE+@DistributedTags.GIPC:SimulationParametersListener:PropertyChangeListener:EventListener:SimulationParametersListener:@DistributedTags.READ_THREAD_INTERFACE+@DistributedTags.NIO:Runnable:@DistributedTags.READ_THREAD_INTERFACE+@DistributedTags.NIO:Runnable:SimulationParametersListener:SocketChannelConnectListener:SocketChannelWriteListener:SocketChannelReadListener:SimulationParametersListener:AnAbstractSimulationParametersBean:@@DistributedTags.CLIENT_REMOTE_INTERFACE+@DistributedTags.RMI+@DistributedTags.CLIENT_REMOTE_INTERFACE+@DistributedTags.RMI:Remote:@@DistributedTags.CLIENT_REMOTE_INTERFACE+@DistributedTags.GIPC+@DistributedTags.CLIENT_REMOTE_INTERFACE+@DistributedTags.GIPC:SimulationParametersListener,an:abstract:simulation:parameters:bean:distributed:tags:server:remote:interface:distributed:tags:rmi:distributed:tags:server:remote:interface:distributed:tags:rmi:remote:distributed:tags:server:remote:interface:distributed:tags:distributed:tags:server:remote:interface:distributed:tags:simulation:parameters:listener:property:change:listener:event:listener:simulation:parameters:listener:distributed:tags:read:thread:interface:distributed:tags:nio:distributed:tags:read:thread:interface:distributed:tags:nio:simulation:parameters:listener:socket:channel:connect:listener:socket:channel:write:listener:socket:channel:read:listener:simulation:parameters:listener:an:abstract:simulation:parameters:bean:distributed:tags:client:remote:interface:distributed:tags:rmi:distributed:tags:client:remote:interface:distributed:tags:rmi:remote:distributed:tags:client:remote:interface:distributed:tags:distributed:tags:client:remote:interface:distributed:tags:simulation:parameters:listener,client.CoupledClientSimulation,coupled:client:simulation,@@DistributedTags.CLIENT_REMOTE_OBJECT+@DistributedTags.RMI+@DistributedTags.GIPC+@DistributedTags.CLIENT_REMOTE_OBJECT+@DistributedTags.RMI+@DistributedTags.GIPC,distributed:tags:client:remote:object:distributed:tags:rmi:distributed:tags:distributed:tags:client:remote:object:distributed:tags:rmi:distributed:tags,trace,trace
client.CoupledClientSimulation,coupled:client:simulation,@@DistributedTags.CLIENT_REMOTE_OBJECT+@DistributedTags.RMI+@DistributedTags.GIPC+@DistributedTags.CLIENT_REMOTE_OBJECT+@DistributedTags.RMI+@DistributedTags.GIPC,distributed:tags:client:remote:object:distributed:tags:rmi:distributed:tags:distributed:tags:client:remote:object:distributed:tags:rmi:distributed:tags,quit,quit,AnAbstractSimulationParametersBean:@@DistributedTags.SERVER_REMOTE_INTERFACE+@DistributedTags.RMI+@DistributedTags.SERVER_REMOTE_INTERFACE+@DistributedTags.RMI:Remote:@@DistributedTags.SERVER_REMOTE_INTERFACE+@DistributedTags.GIPC+@DistributedTags.SERVER_REMOTE_INTERFACE+@DistributedTags.GIPC:SimulationParametersListener:PropertyChangeListener:EventListener:SimulationParametersListener:@DistributedTags.READ_THREAD_INTERFACE+@DistributedTags.NIO:Runnable:@DistributedTags.READ_THREAD_INTERFACE+@DistributedTags.NIO:Runnable:SimulationParametersListener:SocketChannelConnectListener:SocketChannelWriteListener:SocketChannelReadListener:SimulationParametersListener:AnAbstractSimulationParametersBean:@@DistributedTags.CLIENT_REMOTE_INTERFACE+@DistributedTags.RMI+@DistributedTags.CLIENT_REMOTE_INTERFACE+@DistributedTags.RMI:Remote:@@DistributedTags.CLIENT_REMOTE_INTERFACE+@DistributedTags.GIPC+@DistributedTags.CLIENT_REMOTE_INTERFACE+@DistributedTags.GIPC:SimulationParametersListener,an:abstract:simulation:parameters:bean:distributed:tags:server:remote:interface:distributed:tags:rmi:distributed:tags:server:remote:interface:distributed:tags:rmi:remote:distributed:tags:server:remote:interface:distributed:tags:distributed:tags:server:remote:interface:distributed:tags:simulation:parameters:listener:property:change:listener:event:listener:simulation:parameters:listener:distributed:tags:read:thread:interface:distributed:tags:nio:distributed:tags:read:thread:interface:distributed:tags:nio:simulation:parameters:listener:socket:channel:connect:listener:socket:channel:write:listener:socket:channel:read:listener:simulation:parameters:listener:an:abstract:simulation:parameters:bean:distributed:tags:client:remote:interface:distributed:tags:rmi:distributed:tags:client:remote:interface:distributed:tags:rmi:remote:distributed:tags:client:remote:interface:distributed:tags:distributed:tags:client:remote:interface:distributed:tags:simulation:parameters:listener,System,system,java.lang.System,system,exit,exit
client.CoupledClientSimulation,coupled:client:simulation,@@DistributedTags.CLIENT_REMOTE_OBJECT+@DistributedTags.RMI+@DistributedTags.GIPC+@DistributedTags.CLIENT_REMOTE_OBJECT+@DistributedTags.RMI+@DistributedTags.GIPC,distributed:tags:client:remote:object:distributed:tags:rmi:distributed:tags:distributed:tags:client:remote:object:distributed:tags:rmi:distributed:tags,processArgsCustom,process:args:custom,AnAbstractSimulationParametersBean:@@DistributedTags.SERVER_REMOTE_INTERFACE+@DistributedTags.RMI+@DistributedTags.SERVER_REMOTE_INTERFACE+@DistributedTags.RMI:Remote:@@DistributedTags.SERVER_REMOTE_INTERFACE+@DistributedTags.GIPC+@DistributedTags.SERVER_REMOTE_INTERFACE+@DistributedTags.GIPC:SimulationParametersListener:PropertyChangeListener:EventListener:SimulationParametersListener:@DistributedTags.READ_THREAD_INTERFACE+@DistributedTags.NIO:Runnable:@DistributedTags.READ_THREAD_INTERFACE+@DistributedTags.NIO:Runnable:SimulationParametersListener:SocketChannelConnectListener:SocketChannelWriteListener:SocketChannelReadListener:SimulationParametersListener:AnAbstractSimulationParametersBean:@@DistributedTags.CLIENT_REMOTE_INTERFACE+@DistributedTags.RMI+@DistributedTags.CLIENT_REMOTE_INTERFACE+@DistributedTags.RMI:Remote:@@DistributedTags.CLIENT_REMOTE_INTERFACE+@DistributedTags.GIPC+@DistributedTags.CLIENT_REMOTE_INTERFACE+@DistributedTags.GIPC:SimulationParametersListener,an:abstract:simulation:parameters:bean:distributed:tags:server:remote:interface:distributed:tags:rmi:distributed:tags:server:remote:interface:distributed:tags:rmi:remote:distributed:tags:server:remote:interface:distributed:tags:distributed:tags:server:remote:interface:distributed:tags:simulation:parameters:listener:property:change:listener:event:listener:simulation:parameters:listener:distributed:tags:read:thread:interface:distributed:tags:nio:distributed:tags:read:thread:interface:distributed:tags:nio:simulation:parameters:listener:socket:channel:connect:listener:socket:channel:write:listener:socket:channel:read:listener:simulation:parameters:listener:an:abstract:simulation:parameters:bean:distributed:tags:client:remote:interface:distributed:tags:rmi:distributed:tags:client:remote:interface:distributed:tags:rmi:remote:distributed:tags:client:remote:interface:distributed:tags:distributed:tags:client:remote:interface:distributed:tags:simulation:parameters:listener,java.io.PrintStream,print:stream,java.io.PrintStream,print:stream,println,none
client.CoupledClientSimulation,coupled:client:simulation,@@DistributedTags.CLIENT_REMOTE_OBJECT+@DistributedTags.RMI+@DistributedTags.GIPC+@DistributedTags.CLIENT_REMOTE_OBJECT+@DistributedTags.RMI+@DistributedTags.GIPC,distributed:tags:client:remote:object:distributed:tags:rmi:distributed:tags:distributed:tags:client:remote:object:distributed:tags:rmi:distributed:tags,processArgsCustom,process:args:custom,AnAbstractSimulationParametersBean:@@DistributedTags.SERVER_REMOTE_INTERFACE+@DistributedTags.RMI+@DistributedTags.SERVER_REMOTE_INTERFACE+@DistributedTags.RMI:Remote:@@DistributedTags.SERVER_REMOTE_INTERFACE+@DistributedTags.GIPC+@DistributedTags.SERVER_REMOTE_INTERFACE+@DistributedTags.GIPC:SimulationParametersListener:PropertyChangeListener:EventListener:SimulationParametersListener:@DistributedTags.READ_THREAD_INTERFACE+@DistributedTags.NIO:Runnable:@DistributedTags.READ_THREAD_INTERFACE+@DistributedTags.NIO:Runnable:SimulationParametersListener:SocketChannelConnectListener:SocketChannelWriteListener:SocketChannelReadListener:SimulationParametersListener:AnAbstractSimulationParametersBean:@@DistributedTags.CLIENT_REMOTE_INTERFACE+@DistributedTags.RMI+@DistributedTags.CLIENT_REMOTE_INTERFACE+@DistributedTags.RMI:Remote:@@DistributedTags.CLIENT_REMOTE_INTERFACE+@DistributedTags.GIPC+@DistributedTags.CLIENT_REMOTE_INTERFACE+@DistributedTags.GIPC:SimulationParametersListener,an:abstract:simulation:parameters:bean:distributed:tags:server:remote:interface:distributed:tags:rmi:distributed:tags:server:remote:interface:distributed:tags:rmi:remote:distributed:tags:server:remote:interface:distributed:tags:distributed:tags:server:remote:interface:distributed:tags:simulation:parameters:listener:property:change:listener:event:listener:simulation:parameters:listener:distributed:tags:read:thread:interface:distributed:tags:nio:distributed:tags:read:thread:interface:distributed:tags:nio:simulation:parameters:listener:socket:channel:connect:listener:socket:channel:write:listener:socket:channel:read:listener:simulation:parameters:listener:an:abstract:simulation:parameters:bean:distributed:tags:client:remote:interface:distributed:tags:rmi:distributed:tags:client:remote:interface:distributed:tags:rmi:remote:distributed:tags:client:remote:interface:distributed:tags:distributed:tags:client:remote:interface:distributed:tags:simulation:parameters:listener,assignments.util.mainArgs.ClientArgsProcessor,client:args:processor,assignments.util.mainArgs.ClientArgsProcessor,client:args:processor,getRegistryHost,get:registry:host
client.CoupledClientSimulation,coupled:client:simulation,@@DistributedTags.CLIENT_REMOTE_OBJECT+@DistributedTags.RMI+@DistributedTags.GIPC+@DistributedTags.CLIENT_REMOTE_OBJECT+@DistributedTags.RMI+@DistributedTags.GIPC,distributed:tags:client:remote:object:distributed:tags:rmi:distributed:tags:distributed:tags:client:remote:object:distributed:tags:rmi:distributed:tags,processArgsCustom,process:args:custom,AnAbstractSimulationParametersBean:@@DistributedTags.SERVER_REMOTE_INTERFACE+@DistributedTags.RMI+@DistributedTags.SERVER_REMOTE_INTERFACE+@DistributedTags.RMI:Remote:@@DistributedTags.SERVER_REMOTE_INTERFACE+@DistributedTags.GIPC+@DistributedTags.SERVER_REMOTE_INTERFACE+@DistributedTags.GIPC:SimulationParametersListener:PropertyChangeListener:EventListener:SimulationParametersListener:@DistributedTags.READ_THREAD_INTERFACE+@DistributedTags.NIO:Runnable:@DistributedTags.READ_THREAD_INTERFACE+@DistributedTags.NIO:Runnable:SimulationParametersListener:SocketChannelConnectListener:SocketChannelWriteListener:SocketChannelReadListener:SimulationParametersListener:AnAbstractSimulationParametersBean:@@DistributedTags.CLIENT_REMOTE_INTERFACE+@DistributedTags.RMI+@DistributedTags.CLIENT_REMOTE_INTERFACE+@DistributedTags.RMI:Remote:@@DistributedTags.CLIENT_REMOTE_INTERFACE+@DistributedTags.GIPC+@DistributedTags.CLIENT_REMOTE_INTERFACE+@DistributedTags.GIPC:SimulationParametersListener,an:abstract:simulation:parameters:bean:distributed:tags:server:remote:interface:distributed:tags:rmi:distributed:tags:server:remote:interface:distributed:tags:rmi:remote:distributed:tags:server:remote:interface:distributed:tags:distributed:tags:server:remote:interface:distributed:tags:simulation:parameters:listener:property:change:listener:event:listener:simulation:parameters:listener:distributed:tags:read:thread:interface:distributed:tags:nio:distributed:tags:read:thread:interface:distributed:tags:nio:simulation:parameters:listener:socket:channel:connect:listener:socket:channel:write:listener:socket:channel:read:listener:simulation:parameters:listener:an:abstract:simulation:parameters:bean:distributed:tags:client:remote:interface:distributed:tags:rmi:distributed:tags:client:remote:interface:distributed:tags:rmi:remote:distributed:tags:client:remote:interface:distributed:tags:distributed:tags:client:remote:interface:distributed:tags:simulation:parameters:listener,java.io.PrintStream,print:stream,java.io.PrintStream,print:stream,println,none
client.CoupledClientSimulation,coupled:client:simulation,@@DistributedTags.CLIENT_REMOTE_OBJECT+@DistributedTags.RMI+@DistributedTags.GIPC+@DistributedTags.CLIENT_REMOTE_OBJECT+@DistributedTags.RMI+@DistributedTags.GIPC,distributed:tags:client:remote:object:distributed:tags:rmi:distributed:tags:distributed:tags:client:remote:object:distributed:tags:rmi:distributed:tags,processArgsCustom,process:args:custom,AnAbstractSimulationParametersBean:@@DistributedTags.SERVER_REMOTE_INTERFACE+@DistributedTags.RMI+@DistributedTags.SERVER_REMOTE_INTERFACE+@DistributedTags.RMI:Remote:@@DistributedTags.SERVER_REMOTE_INTERFACE+@DistributedTags.GIPC+@DistributedTags.SERVER_REMOTE_INTERFACE+@DistributedTags.GIPC:SimulationParametersListener:PropertyChangeListener:EventListener:SimulationParametersListener:@DistributedTags.READ_THREAD_INTERFACE+@DistributedTags.NIO:Runnable:@DistributedTags.READ_THREAD_INTERFACE+@DistributedTags.NIO:Runnable:SimulationParametersListener:SocketChannelConnectListener:SocketChannelWriteListener:SocketChannelReadListener:SimulationParametersListener:AnAbstractSimulationParametersBean:@@DistributedTags.CLIENT_REMOTE_INTERFACE+@DistributedTags.RMI+@DistributedTags.CLIENT_REMOTE_INTERFACE+@DistributedTags.RMI:Remote:@@DistributedTags.CLIENT_REMOTE_INTERFACE+@DistributedTags.GIPC+@DistributedTags.CLIENT_REMOTE_INTERFACE+@DistributedTags.GIPC:SimulationParametersListener,an:abstract:simulation:parameters:bean:distributed:tags:server:remote:interface:distributed:tags:rmi:distributed:tags:server:remote:interface:distributed:tags:rmi:remote:distributed:tags:server:remote:interface:distributed:tags:distributed:tags:server:remote:interface:distributed:tags:simulation:parameters:listener:property:change:listener:event:listener:simulation:parameters:listener:distributed:tags:read:thread:interface:distributed:tags:nio:distributed:tags:read:thread:interface:distributed:tags:nio:simulation:parameters:listener:socket:channel:connect:listener:socket:channel:write:listener:socket:channel:read:listener:simulation:parameters:listener:an:abstract:simulation:parameters:bean:distributed:tags:client:remote:interface:distributed:tags:rmi:distributed:tags:client:remote:interface:distributed:tags:rmi:remote:distributed:tags:client:remote:interface:distributed:tags:distributed:tags:client:remote:interface:distributed:tags:simulation:parameters:listener,assignments.util.mainArgs.ClientArgsProcessor,client:args:processor,assignments.util.mainArgs.ClientArgsProcessor,client:args:processor,getRegistryPort,get:registry:port
client.CoupledClientSimulation,coupled:client:simulation,@@DistributedTags.CLIENT_REMOTE_OBJECT+@DistributedTags.RMI+@DistributedTags.GIPC+@DistributedTags.CLIENT_REMOTE_OBJECT+@DistributedTags.RMI+@DistributedTags.GIPC,distributed:tags:client:remote:object:distributed:tags:rmi:distributed:tags:distributed:tags:client:remote:object:distributed:tags:rmi:distributed:tags,processArgsCustom,process:args:custom,AnAbstractSimulationParametersBean:@@DistributedTags.SERVER_REMOTE_INTERFACE+@DistributedTags.RMI+@DistributedTags.SERVER_REMOTE_INTERFACE+@DistributedTags.RMI:Remote:@@DistributedTags.SERVER_REMOTE_INTERFACE+@DistributedTags.GIPC+@DistributedTags.SERVER_REMOTE_INTERFACE+@DistributedTags.GIPC:SimulationParametersListener:PropertyChangeListener:EventListener:SimulationParametersListener:@DistributedTags.READ_THREAD_INTERFACE+@DistributedTags.NIO:Runnable:@DistributedTags.READ_THREAD_INTERFACE+@DistributedTags.NIO:Runnable:SimulationParametersListener:SocketChannelConnectListener:SocketChannelWriteListener:SocketChannelReadListener:SimulationParametersListener:AnAbstractSimulationParametersBean:@@DistributedTags.CLIENT_REMOTE_INTERFACE+@DistributedTags.RMI+@DistributedTags.CLIENT_REMOTE_INTERFACE+@DistributedTags.RMI:Remote:@@DistributedTags.CLIENT_REMOTE_INTERFACE+@DistributedTags.GIPC+@DistributedTags.CLIENT_REMOTE_INTERFACE+@DistributedTags.GIPC:SimulationParametersListener,an:abstract:simulation:parameters:bean:distributed:tags:server:remote:interface:distributed:tags:rmi:distributed:tags:server:remote:interface:distributed:tags:rmi:remote:distributed:tags:server:remote:interface:distributed:tags:distributed:tags:server:remote:interface:distributed:tags:simulation:parameters:listener:property:change:listener:event:listener:simulation:parameters:listener:distributed:tags:read:thread:interface:distributed:tags:nio:distributed:tags:read:thread:interface:distributed:tags:nio:simulation:parameters:listener:socket:channel:connect:listener:socket:channel:write:listener:socket:channel:read:listener:simulation:parameters:listener:an:abstract:simulation:parameters:bean:distributed:tags:client:remote:interface:distributed:tags:rmi:distributed:tags:client:remote:interface:distributed:tags:rmi:remote:distributed:tags:client:remote:interface:distributed:tags:distributed:tags:client:remote:interface:distributed:tags:simulation:parameters:listener,java.io.PrintStream,print:stream,java.io.PrintStream,print:stream,println,none
client.CoupledClientSimulation,coupled:client:simulation,@@DistributedTags.CLIENT_REMOTE_OBJECT+@DistributedTags.RMI+@DistributedTags.GIPC+@DistributedTags.CLIENT_REMOTE_OBJECT+@DistributedTags.RMI+@DistributedTags.GIPC,distributed:tags:client:remote:object:distributed:tags:rmi:distributed:tags:distributed:tags:client:remote:object:distributed:tags:rmi:distributed:tags,processArgsCustom,process:args:custom,AnAbstractSimulationParametersBean:@@DistributedTags.SERVER_REMOTE_INTERFACE+@DistributedTags.RMI+@DistributedTags.SERVER_REMOTE_INTERFACE+@DistributedTags.RMI:Remote:@@DistributedTags.SERVER_REMOTE_INTERFACE+@DistributedTags.GIPC+@DistributedTags.SERVER_REMOTE_INTERFACE+@DistributedTags.GIPC:SimulationParametersListener:PropertyChangeListener:EventListener:SimulationParametersListener:@DistributedTags.READ_THREAD_INTERFACE+@DistributedTags.NIO:Runnable:@DistributedTags.READ_THREAD_INTERFACE+@DistributedTags.NIO:Runnable:SimulationParametersListener:SocketChannelConnectListener:SocketChannelWriteListener:SocketChannelReadListener:SimulationParametersListener:AnAbstractSimulationParametersBean:@@DistributedTags.CLIENT_REMOTE_INTERFACE+@DistributedTags.RMI+@DistributedTags.CLIENT_REMOTE_INTERFACE+@DistributedTags.RMI:Remote:@@DistributedTags.CLIENT_REMOTE_INTERFACE+@DistributedTags.GIPC+@DistributedTags.CLIENT_REMOTE_INTERFACE+@DistributedTags.GIPC:SimulationParametersListener,an:abstract:simulation:parameters:bean:distributed:tags:server:remote:interface:distributed:tags:rmi:distributed:tags:server:remote:interface:distributed:tags:rmi:remote:distributed:tags:server:remote:interface:distributed:tags:distributed:tags:server:remote:interface:distributed:tags:simulation:parameters:listener:property:change:listener:event:listener:simulation:parameters:listener:distributed:tags:read:thread:interface:distributed:tags:nio:distributed:tags:read:thread:interface:distributed:tags:nio:simulation:parameters:listener:socket:channel:connect:listener:socket:channel:write:listener:socket:channel:read:listener:simulation:parameters:listener:an:abstract:simulation:parameters:bean:distributed:tags:client:remote:interface:distributed:tags:rmi:distributed:tags:client:remote:interface:distributed:tags:rmi:remote:distributed:tags:client:remote:interface:distributed:tags:distributed:tags:client:remote:interface:distributed:tags:simulation:parameters:listener,assignments.util.mainArgs.ClientArgsProcessor,client:args:processor,assignments.util.mainArgs.ClientArgsProcessor,client:args:processor,getServerHost,get:server:host
client.CoupledClientSimulation,coupled:client:simulation,@@DistributedTags.CLIENT_REMOTE_OBJECT+@DistributedTags.RMI+@DistributedTags.GIPC+@DistributedTags.CLIENT_REMOTE_OBJECT+@DistributedTags.RMI+@DistributedTags.GIPC,distributed:tags:client:remote:object:distributed:tags:rmi:distributed:tags:distributed:tags:client:remote:object:distributed:tags:rmi:distributed:tags,processArgsCustom,process:args:custom,AnAbstractSimulationParametersBean:@@DistributedTags.SERVER_REMOTE_INTERFACE+@DistributedTags.RMI+@DistributedTags.SERVER_REMOTE_INTERFACE+@DistributedTags.RMI:Remote:@@DistributedTags.SERVER_REMOTE_INTERFACE+@DistributedTags.GIPC+@DistributedTags.SERVER_REMOTE_INTERFACE+@DistributedTags.GIPC:SimulationParametersListener:PropertyChangeListener:EventListener:SimulationParametersListener:@DistributedTags.READ_THREAD_INTERFACE+@DistributedTags.NIO:Runnable:@DistributedTags.READ_THREAD_INTERFACE+@DistributedTags.NIO:Runnable:SimulationParametersListener:SocketChannelConnectListener:SocketChannelWriteListener:SocketChannelReadListener:SimulationParametersListener:AnAbstractSimulationParametersBean:@@DistributedTags.CLIENT_REMOTE_INTERFACE+@DistributedTags.RMI+@DistributedTags.CLIENT_REMOTE_INTERFACE+@DistributedTags.RMI:Remote:@@DistributedTags.CLIENT_REMOTE_INTERFACE+@DistributedTags.GIPC+@DistributedTags.CLIENT_REMOTE_INTERFACE+@DistributedTags.GIPC:SimulationParametersListener,an:abstract:simulation:parameters:bean:distributed:tags:server:remote:interface:distributed:tags:rmi:distributed:tags:server:remote:interface:distributed:tags:rmi:remote:distributed:tags:server:remote:interface:distributed:tags:distributed:tags:server:remote:interface:distributed:tags:simulation:parameters:listener:property:change:listener:event:listener:simulation:parameters:listener:distributed:tags:read:thread:interface:distributed:tags:nio:distributed:tags:read:thread:interface:distributed:tags:nio:simulation:parameters:listener:socket:channel:connect:listener:socket:channel:write:listener:socket:channel:read:listener:simulation:parameters:listener:an:abstract:simulation:parameters:bean:distributed:tags:client:remote:interface:distributed:tags:rmi:distributed:tags:client:remote:interface:distributed:tags:rmi:remote:distributed:tags:client:remote:interface:distributed:tags:distributed:tags:client:remote:interface:distributed:tags:simulation:parameters:listener,java.io.PrintStream,print:stream,java.io.PrintStream,print:stream,println,none
client.CoupledClientSimulation,coupled:client:simulation,@@DistributedTags.CLIENT_REMOTE_OBJECT+@DistributedTags.RMI+@DistributedTags.GIPC+@DistributedTags.CLIENT_REMOTE_OBJECT+@DistributedTags.RMI+@DistributedTags.GIPC,distributed:tags:client:remote:object:distributed:tags:rmi:distributed:tags:distributed:tags:client:remote:object:distributed:tags:rmi:distributed:tags,processArgsCustom,process:args:custom,AnAbstractSimulationParametersBean:@@DistributedTags.SERVER_REMOTE_INTERFACE+@DistributedTags.RMI+@DistributedTags.SERVER_REMOTE_INTERFACE+@DistributedTags.RMI:Remote:@@DistributedTags.SERVER_REMOTE_INTERFACE+@DistributedTags.GIPC+@DistributedTags.SERVER_REMOTE_INTERFACE+@DistributedTags.GIPC:SimulationParametersListener:PropertyChangeListener:EventListener:SimulationParametersListener:@DistributedTags.READ_THREAD_INTERFACE+@DistributedTags.NIO:Runnable:@DistributedTags.READ_THREAD_INTERFACE+@DistributedTags.NIO:Runnable:SimulationParametersListener:SocketChannelConnectListener:SocketChannelWriteListener:SocketChannelReadListener:SimulationParametersListener:AnAbstractSimulationParametersBean:@@DistributedTags.CLIENT_REMOTE_INTERFACE+@DistributedTags.RMI+@DistributedTags.CLIENT_REMOTE_INTERFACE+@DistributedTags.RMI:Remote:@@DistributedTags.CLIENT_REMOTE_INTERFACE+@DistributedTags.GIPC+@DistributedTags.CLIENT_REMOTE_INTERFACE+@DistributedTags.GIPC:SimulationParametersListener,an:abstract:simulation:parameters:bean:distributed:tags:server:remote:interface:distributed:tags:rmi:distributed:tags:server:remote:interface:distributed:tags:rmi:remote:distributed:tags:server:remote:interface:distributed:tags:distributed:tags:server:remote:interface:distributed:tags:simulation:parameters:listener:property:change:listener:event:listener:simulation:parameters:listener:distributed:tags:read:thread:interface:distributed:tags:nio:distributed:tags:read:thread:interface:distributed:tags:nio:simulation:parameters:listener:socket:channel:connect:listener:socket:channel:write:listener:socket:channel:read:listener:simulation:parameters:listener:an:abstract:simulation:parameters:bean:distributed:tags:client:remote:interface:distributed:tags:rmi:distributed:tags:client:remote:interface:distributed:tags:rmi:remote:distributed:tags:client:remote:interface:distributed:tags:distributed:tags:client:remote:interface:distributed:tags:simulation:parameters:listener,assignments.util.mainArgs.ClientArgsProcessor,client:args:processor,assignments.util.mainArgs.ClientArgsProcessor,client:args:processor,getHeadless,get:headless
client.CoupledClientSimulation,coupled:client:simulation,@@DistributedTags.CLIENT_REMOTE_OBJECT+@DistributedTags.RMI+@DistributedTags.GIPC+@DistributedTags.CLIENT_REMOTE_OBJECT+@DistributedTags.RMI+@DistributedTags.GIPC,distributed:tags:client:remote:object:distributed:tags:rmi:distributed:tags:distributed:tags:client:remote:object:distributed:tags:rmi:distributed:tags,processArgsCustom,process:args:custom,AnAbstractSimulationParametersBean:@@DistributedTags.SERVER_REMOTE_INTERFACE+@DistributedTags.RMI+@DistributedTags.SERVER_REMOTE_INTERFACE+@DistributedTags.RMI:Remote:@@DistributedTags.SERVER_REMOTE_INTERFACE+@DistributedTags.GIPC+@DistributedTags.SERVER_REMOTE_INTERFACE+@DistributedTags.GIPC:SimulationParametersListener:PropertyChangeListener:EventListener:SimulationParametersListener:@DistributedTags.READ_THREAD_INTERFACE+@DistributedTags.NIO:Runnable:@DistributedTags.READ_THREAD_INTERFACE+@DistributedTags.NIO:Runnable:SimulationParametersListener:SocketChannelConnectListener:SocketChannelWriteListener:SocketChannelReadListener:SimulationParametersListener:AnAbstractSimulationParametersBean:@@DistributedTags.CLIENT_REMOTE_INTERFACE+@DistributedTags.RMI+@DistributedTags.CLIENT_REMOTE_INTERFACE+@DistributedTags.RMI:Remote:@@DistributedTags.CLIENT_REMOTE_INTERFACE+@DistributedTags.GIPC+@DistributedTags.CLIENT_REMOTE_INTERFACE+@DistributedTags.GIPC:SimulationParametersListener,an:abstract:simulation:parameters:bean:distributed:tags:server:remote:interface:distributed:tags:rmi:distributed:tags:server:remote:interface:distributed:tags:rmi:remote:distributed:tags:server:remote:interface:distributed:tags:distributed:tags:server:remote:interface:distributed:tags:simulation:parameters:listener:property:change:listener:event:listener:simulation:parameters:listener:distributed:tags:read:thread:interface:distributed:tags:nio:distributed:tags:read:thread:interface:distributed:tags:nio:simulation:parameters:listener:socket:channel:connect:listener:socket:channel:write:listener:socket:channel:read:listener:simulation:parameters:listener:an:abstract:simulation:parameters:bean:distributed:tags:client:remote:interface:distributed:tags:rmi:distributed:tags:client:remote:interface:distributed:tags:rmi:remote:distributed:tags:client:remote:interface:distributed:tags:distributed:tags:client:remote:interface:distributed:tags:simulation:parameters:listener,java.io.PrintStream,print:stream,java.io.PrintStream,print:stream,println,none
client.CoupledClientSimulation,coupled:client:simulation,@@DistributedTags.CLIENT_REMOTE_OBJECT+@DistributedTags.RMI+@DistributedTags.GIPC+@DistributedTags.CLIENT_REMOTE_OBJECT+@DistributedTags.RMI+@DistributedTags.GIPC,distributed:tags:client:remote:object:distributed:tags:rmi:distributed:tags:distributed:tags:client:remote:object:distributed:tags:rmi:distributed:tags,processArgsCustom,process:args:custom,AnAbstractSimulationParametersBean:@@DistributedTags.SERVER_REMOTE_INTERFACE+@DistributedTags.RMI+@DistributedTags.SERVER_REMOTE_INTERFACE+@DistributedTags.RMI:Remote:@@DistributedTags.SERVER_REMOTE_INTERFACE+@DistributedTags.GIPC+@DistributedTags.SERVER_REMOTE_INTERFACE+@DistributedTags.GIPC:SimulationParametersListener:PropertyChangeListener:EventListener:SimulationParametersListener:@DistributedTags.READ_THREAD_INTERFACE+@DistributedTags.NIO:Runnable:@DistributedTags.READ_THREAD_INTERFACE+@DistributedTags.NIO:Runnable:SimulationParametersListener:SocketChannelConnectListener:SocketChannelWriteListener:SocketChannelReadListener:SimulationParametersListener:AnAbstractSimulationParametersBean:@@DistributedTags.CLIENT_REMOTE_INTERFACE+@DistributedTags.RMI+@DistributedTags.CLIENT_REMOTE_INTERFACE+@DistributedTags.RMI:Remote:@@DistributedTags.CLIENT_REMOTE_INTERFACE+@DistributedTags.GIPC+@DistributedTags.CLIENT_REMOTE_INTERFACE+@DistributedTags.GIPC:SimulationParametersListener,an:abstract:simulation:parameters:bean:distributed:tags:server:remote:interface:distributed:tags:rmi:distributed:tags:server:remote:interface:distributed:tags:rmi:remote:distributed:tags:server:remote:interface:distributed:tags:distributed:tags:server:remote:interface:distributed:tags:simulation:parameters:listener:property:change:listener:event:listener:simulation:parameters:listener:distributed:tags:read:thread:interface:distributed:tags:nio:distributed:tags:read:thread:interface:distributed:tags:nio:simulation:parameters:listener:socket:channel:connect:listener:socket:channel:write:listener:socket:channel:read:listener:simulation:parameters:listener:an:abstract:simulation:parameters:bean:distributed:tags:client:remote:interface:distributed:tags:rmi:distributed:tags:client:remote:interface:distributed:tags:rmi:remote:distributed:tags:client:remote:interface:distributed:tags:distributed:tags:client:remote:interface:distributed:tags:simulation:parameters:listener,assignments.util.mainArgs.ClientArgsProcessor,client:args:processor,assignments.util.mainArgs.ClientArgsProcessor,client:args:processor,getClientName,get:client:name
client.CoupledClientSimulation,coupled:client:simulation,@@DistributedTags.CLIENT_REMOTE_OBJECT+@DistributedTags.RMI+@DistributedTags.GIPC+@DistributedTags.CLIENT_REMOTE_OBJECT+@DistributedTags.RMI+@DistributedTags.GIPC,distributed:tags:client:remote:object:distributed:tags:rmi:distributed:tags:distributed:tags:client:remote:object:distributed:tags:rmi:distributed:tags,processArgsCustom,process:args:custom,AnAbstractSimulationParametersBean:@@DistributedTags.SERVER_REMOTE_INTERFACE+@DistributedTags.RMI+@DistributedTags.SERVER_REMOTE_INTERFACE+@DistributedTags.RMI:Remote:@@DistributedTags.SERVER_REMOTE_INTERFACE+@DistributedTags.GIPC+@DistributedTags.SERVER_REMOTE_INTERFACE+@DistributedTags.GIPC:SimulationParametersListener:PropertyChangeListener:EventListener:SimulationParametersListener:@DistributedTags.READ_THREAD_INTERFACE+@DistributedTags.NIO:Runnable:@DistributedTags.READ_THREAD_INTERFACE+@DistributedTags.NIO:Runnable:SimulationParametersListener:SocketChannelConnectListener:SocketChannelWriteListener:SocketChannelReadListener:SimulationParametersListener:AnAbstractSimulationParametersBean:@@DistributedTags.CLIENT_REMOTE_INTERFACE+@DistributedTags.RMI+@DistributedTags.CLIENT_REMOTE_INTERFACE+@DistributedTags.RMI:Remote:@@DistributedTags.CLIENT_REMOTE_INTERFACE+@DistributedTags.GIPC+@DistributedTags.CLIENT_REMOTE_INTERFACE+@DistributedTags.GIPC:SimulationParametersListener,an:abstract:simulation:parameters:bean:distributed:tags:server:remote:interface:distributed:tags:rmi:distributed:tags:server:remote:interface:distributed:tags:rmi:remote:distributed:tags:server:remote:interface:distributed:tags:distributed:tags:server:remote:interface:distributed:tags:simulation:parameters:listener:property:change:listener:event:listener:simulation:parameters:listener:distributed:tags:read:thread:interface:distributed:tags:nio:distributed:tags:read:thread:interface:distributed:tags:nio:simulation:parameters:listener:socket:channel:connect:listener:socket:channel:write:listener:socket:channel:read:listener:simulation:parameters:listener:an:abstract:simulation:parameters:bean:distributed:tags:client:remote:interface:distributed:tags:rmi:distributed:tags:client:remote:interface:distributed:tags:rmi:remote:distributed:tags:client:remote:interface:distributed:tags:distributed:tags:client:remote:interface:distributed:tags:simulation:parameters:listener,System,system,java.lang.System,system,setProperty,set:property
client.CoupledClientSimulation,coupled:client:simulation,@@DistributedTags.CLIENT_REMOTE_OBJECT+@DistributedTags.RMI+@DistributedTags.GIPC+@DistributedTags.CLIENT_REMOTE_OBJECT+@DistributedTags.RMI+@DistributedTags.GIPC,distributed:tags:client:remote:object:distributed:tags:rmi:distributed:tags:distributed:tags:client:remote:object:distributed:tags:rmi:distributed:tags,processArgsCustom,process:args:custom,AnAbstractSimulationParametersBean:@@DistributedTags.SERVER_REMOTE_INTERFACE+@DistributedTags.RMI+@DistributedTags.SERVER_REMOTE_INTERFACE+@DistributedTags.RMI:Remote:@@DistributedTags.SERVER_REMOTE_INTERFACE+@DistributedTags.GIPC+@DistributedTags.SERVER_REMOTE_INTERFACE+@DistributedTags.GIPC:SimulationParametersListener:PropertyChangeListener:EventListener:SimulationParametersListener:@DistributedTags.READ_THREAD_INTERFACE+@DistributedTags.NIO:Runnable:@DistributedTags.READ_THREAD_INTERFACE+@DistributedTags.NIO:Runnable:SimulationParametersListener:SocketChannelConnectListener:SocketChannelWriteListener:SocketChannelReadListener:SimulationParametersListener:AnAbstractSimulationParametersBean:@@DistributedTags.CLIENT_REMOTE_INTERFACE+@DistributedTags.RMI+@DistributedTags.CLIENT_REMOTE_INTERFACE+@DistributedTags.RMI:Remote:@@DistributedTags.CLIENT_REMOTE_INTERFACE+@DistributedTags.GIPC+@DistributedTags.CLIENT_REMOTE_INTERFACE+@DistributedTags.GIPC:SimulationParametersListener,an:abstract:simulation:parameters:bean:distributed:tags:server:remote:interface:distributed:tags:rmi:distributed:tags:server:remote:interface:distributed:tags:rmi:remote:distributed:tags:server:remote:interface:distributed:tags:distributed:tags:server:remote:interface:distributed:tags:simulation:parameters:listener:property:change:listener:event:listener:simulation:parameters:listener:distributed:tags:read:thread:interface:distributed:tags:nio:distributed:tags:read:thread:interface:distributed:tags:nio:simulation:parameters:listener:socket:channel:connect:listener:socket:channel:write:listener:socket:channel:read:listener:simulation:parameters:listener:an:abstract:simulation:parameters:bean:distributed:tags:client:remote:interface:distributed:tags:rmi:distributed:tags:client:remote:interface:distributed:tags:rmi:remote:distributed:tags:client:remote:interface:distributed:tags:distributed:tags:client:remote:interface:distributed:tags:simulation:parameters:listener,assignments.util.mainArgs.ClientArgsProcessor,client:args:processor,assignments.util.mainArgs.ClientArgsProcessor,client:args:processor,getHeadless,get:headless
client.CoupledClientSimulation,coupled:client:simulation,@@DistributedTags.CLIENT_REMOTE_OBJECT+@DistributedTags.RMI+@DistributedTags.GIPC+@DistributedTags.CLIENT_REMOTE_OBJECT+@DistributedTags.RMI+@DistributedTags.GIPC,distributed:tags:client:remote:object:distributed:tags:rmi:distributed:tags:distributed:tags:client:remote:object:distributed:tags:rmi:distributed:tags,setupNIO,setup:nio,AnAbstractSimulationParametersBean:@@DistributedTags.SERVER_REMOTE_INTERFACE+@DistributedTags.RMI+@DistributedTags.SERVER_REMOTE_INTERFACE+@DistributedTags.RMI:Remote:@@DistributedTags.SERVER_REMOTE_INTERFACE+@DistributedTags.GIPC+@DistributedTags.SERVER_REMOTE_INTERFACE+@DistributedTags.GIPC:SimulationParametersListener:PropertyChangeListener:EventListener:SimulationParametersListener:@DistributedTags.READ_THREAD_INTERFACE+@DistributedTags.NIO:Runnable:@DistributedTags.READ_THREAD_INTERFACE+@DistributedTags.NIO:Runnable:SimulationParametersListener:SocketChannelConnectListener:SocketChannelWriteListener:SocketChannelReadListener:SimulationParametersListener:AnAbstractSimulationParametersBean:@@DistributedTags.CLIENT_REMOTE_INTERFACE+@DistributedTags.RMI+@DistributedTags.CLIENT_REMOTE_INTERFACE+@DistributedTags.RMI:Remote:@@DistributedTags.CLIENT_REMOTE_INTERFACE+@DistributedTags.GIPC+@DistributedTags.CLIENT_REMOTE_INTERFACE+@DistributedTags.GIPC:SimulationParametersListener,an:abstract:simulation:parameters:bean:distributed:tags:server:remote:interface:distributed:tags:rmi:distributed:tags:server:remote:interface:distributed:tags:rmi:remote:distributed:tags:server:remote:interface:distributed:tags:distributed:tags:server:remote:interface:distributed:tags:simulation:parameters:listener:property:change:listener:event:listener:simulation:parameters:listener:distributed:tags:read:thread:interface:distributed:tags:nio:distributed:tags:read:thread:interface:distributed:tags:nio:simulation:parameters:listener:socket:channel:connect:listener:socket:channel:write:listener:socket:channel:read:listener:simulation:parameters:listener:an:abstract:simulation:parameters:bean:distributed:tags:client:remote:interface:distributed:tags:rmi:distributed:tags:client:remote:interface:distributed:tags:rmi:remote:distributed:tags:client:remote:interface:distributed:tags:distributed:tags:client:remote:interface:distributed:tags:simulation:parameters:listener,client.ClientConfigurer,client,@@DistributedTags.CLIENT_CONFIGURER+@DistributedTags.RMI+@DistributedTags.GIPC+@DistributedTags.CLIENT_CONFIGURER+@DistributedTags.RMI+@DistributedTags.GIPC+@DistributedTags.NIO,distributed:tags:client:distributed:tags:rmi:distributed:tags:distributed:tags:client:distributed:tags:rmi:distributed:tags:distributed:tags:nio,setupNIO,setup:nio
client.CoupledClientSimulation,coupled:client:simulation,@@DistributedTags.CLIENT_REMOTE_OBJECT+@DistributedTags.RMI+@DistributedTags.GIPC+@DistributedTags.CLIENT_REMOTE_OBJECT+@DistributedTags.RMI+@DistributedTags.GIPC,distributed:tags:client:remote:object:distributed:tags:rmi:distributed:tags:distributed:tags:client:remote:object:distributed:tags:rmi:distributed:tags,createSimulation1,create:simulation,AnAbstractSimulationParametersBean:@@DistributedTags.SERVER_REMOTE_INTERFACE+@DistributedTags.RMI+@DistributedTags.SERVER_REMOTE_INTERFACE+@DistributedTags.RMI:Remote:@@DistributedTags.SERVER_REMOTE_INTERFACE+@DistributedTags.GIPC+@DistributedTags.SERVER_REMOTE_INTERFACE+@DistributedTags.GIPC:SimulationParametersListener:PropertyChangeListener:EventListener:SimulationParametersListener:@DistributedTags.READ_THREAD_INTERFACE+@DistributedTags.NIO:Runnable:@DistributedTags.READ_THREAD_INTERFACE+@DistributedTags.NIO:Runnable:SimulationParametersListener:SocketChannelConnectListener:SocketChannelWriteListener:SocketChannelReadListener:SimulationParametersListener:AnAbstractSimulationParametersBean:@@DistributedTags.CLIENT_REMOTE_INTERFACE+@DistributedTags.RMI+@DistributedTags.CLIENT_REMOTE_INTERFACE+@DistributedTags.RMI:Remote:@@DistributedTags.CLIENT_REMOTE_INTERFACE+@DistributedTags.GIPC+@DistributedTags.CLIENT_REMOTE_INTERFACE+@DistributedTags.GIPC:SimulationParametersListener,an:abstract:simulation:parameters:bean:distributed:tags:server:remote:interface:distributed:tags:rmi:distributed:tags:server:remote:interface:distributed:tags:rmi:remote:distributed:tags:server:remote:interface:distributed:tags:distributed:tags:server:remote:interface:distributed:tags:simulation:parameters:listener:property:change:listener:event:listener:simulation:parameters:listener:distributed:tags:read:thread:interface:distributed:tags:nio:distributed:tags:read:thread:interface:distributed:tags:nio:simulation:parameters:listener:socket:channel:connect:listener:socket:channel:write:listener:socket:channel:read:listener:simulation:parameters:listener:an:abstract:simulation:parameters:bean:distributed:tags:client:remote:interface:distributed:tags:rmi:distributed:tags:client:remote:interface:distributed:tags:rmi:remote:distributed:tags:client:remote:interface:distributed:tags:distributed:tags:client:remote:interface:distributed:tags:simulation:parameters:listener,main.BeauAndersonFinalProject,beau:anderson:final:project,main.BeauAndersonFinalProject,beau:anderson:final:project,createSimulation,create:simulation
client.CoupledClientSimulation,coupled:client:simulation,@@DistributedTags.CLIENT_REMOTE_OBJECT+@DistributedTags.RMI+@DistributedTags.GIPC+@DistributedTags.CLIENT_REMOTE_OBJECT+@DistributedTags.RMI+@DistributedTags.GIPC,distributed:tags:client:remote:object:distributed:tags:rmi:distributed:tags:distributed:tags:client:remote:object:distributed:tags:rmi:distributed:tags,initCustom,custom,AnAbstractSimulationParametersBean:@@DistributedTags.SERVER_REMOTE_INTERFACE+@DistributedTags.RMI+@DistributedTags.SERVER_REMOTE_INTERFACE+@DistributedTags.RMI:Remote:@@DistributedTags.SERVER_REMOTE_INTERFACE+@DistributedTags.GIPC+@DistributedTags.SERVER_REMOTE_INTERFACE+@DistributedTags.GIPC:SimulationParametersListener:PropertyChangeListener:EventListener:SimulationParametersListener:@DistributedTags.READ_THREAD_INTERFACE+@DistributedTags.NIO:Runnable:@DistributedTags.READ_THREAD_INTERFACE+@DistributedTags.NIO:Runnable:SimulationParametersListener:SocketChannelConnectListener:SocketChannelWriteListener:SocketChannelReadListener:SimulationParametersListener:AnAbstractSimulationParametersBean:@@DistributedTags.CLIENT_REMOTE_INTERFACE+@DistributedTags.RMI+@DistributedTags.CLIENT_REMOTE_INTERFACE+@DistributedTags.RMI:Remote:@@DistributedTags.CLIENT_REMOTE_INTERFACE+@DistributedTags.GIPC+@DistributedTags.CLIENT_REMOTE_INTERFACE+@DistributedTags.GIPC:SimulationParametersListener,an:abstract:simulation:parameters:bean:distributed:tags:server:remote:interface:distributed:tags:rmi:distributed:tags:server:remote:interface:distributed:tags:rmi:remote:distributed:tags:server:remote:interface:distributed:tags:distributed:tags:server:remote:interface:distributed:tags:simulation:parameters:listener:property:change:listener:event:listener:simulation:parameters:listener:distributed:tags:read:thread:interface:distributed:tags:nio:distributed:tags:read:thread:interface:distributed:tags:nio:simulation:parameters:listener:socket:channel:connect:listener:socket:channel:write:listener:socket:channel:read:listener:simulation:parameters:listener:an:abstract:simulation:parameters:bean:distributed:tags:client:remote:interface:distributed:tags:rmi:distributed:tags:client:remote:interface:distributed:tags:rmi:remote:distributed:tags:client:remote:interface:distributed:tags:distributed:tags:client:remote:interface:distributed:tags:simulation:parameters:listener,client.CoupledClientSimulation,coupled:client:simulation,@@DistributedTags.CLIENT_REMOTE_OBJECT+@DistributedTags.RMI+@DistributedTags.GIPC+@DistributedTags.CLIENT_REMOTE_OBJECT+@DistributedTags.RMI+@DistributedTags.GIPC,distributed:tags:client:remote:object:distributed:tags:rmi:distributed:tags:distributed:tags:client:remote:object:distributed:tags:rmi:distributed:tags,setTracing,set:tracing
client.CoupledClientSimulation,coupled:client:simulation,@@DistributedTags.CLIENT_REMOTE_OBJECT+@DistributedTags.RMI+@DistributedTags.GIPC+@DistributedTags.CLIENT_REMOTE_OBJECT+@DistributedTags.RMI+@DistributedTags.GIPC,distributed:tags:client:remote:object:distributed:tags:rmi:distributed:tags:distributed:tags:client:remote:object:distributed:tags:rmi:distributed:tags,initCustom,custom,AnAbstractSimulationParametersBean:@@DistributedTags.SERVER_REMOTE_INTERFACE+@DistributedTags.RMI+@DistributedTags.SERVER_REMOTE_INTERFACE+@DistributedTags.RMI:Remote:@@DistributedTags.SERVER_REMOTE_INTERFACE+@DistributedTags.GIPC+@DistributedTags.SERVER_REMOTE_INTERFACE+@DistributedTags.GIPC:SimulationParametersListener:PropertyChangeListener:EventListener:SimulationParametersListener:@DistributedTags.READ_THREAD_INTERFACE+@DistributedTags.NIO:Runnable:@DistributedTags.READ_THREAD_INTERFACE+@DistributedTags.NIO:Runnable:SimulationParametersListener:SocketChannelConnectListener:SocketChannelWriteListener:SocketChannelReadListener:SimulationParametersListener:AnAbstractSimulationParametersBean:@@DistributedTags.CLIENT_REMOTE_INTERFACE+@DistributedTags.RMI+@DistributedTags.CLIENT_REMOTE_INTERFACE+@DistributedTags.RMI:Remote:@@DistributedTags.CLIENT_REMOTE_INTERFACE+@DistributedTags.GIPC+@DistributedTags.CLIENT_REMOTE_INTERFACE+@DistributedTags.GIPC:SimulationParametersListener,an:abstract:simulation:parameters:bean:distributed:tags:server:remote:interface:distributed:tags:rmi:distributed:tags:server:remote:interface:distributed:tags:rmi:remote:distributed:tags:server:remote:interface:distributed:tags:distributed:tags:server:remote:interface:distributed:tags:simulation:parameters:listener:property:change:listener:event:listener:simulation:parameters:listener:distributed:tags:read:thread:interface:distributed:tags:nio:distributed:tags:read:thread:interface:distributed:tags:nio:simulation:parameters:listener:socket:channel:connect:listener:socket:channel:write:listener:socket:channel:read:listener:simulation:parameters:listener:an:abstract:simulation:parameters:bean:distributed:tags:client:remote:interface:distributed:tags:rmi:distributed:tags:client:remote:interface:distributed:tags:rmi:remote:distributed:tags:client:remote:interface:distributed:tags:distributed:tags:client:remote:interface:distributed:tags:simulation:parameters:listener,client.CoupledClientSimulation,coupled:client:simulation,@@DistributedTags.CLIENT_REMOTE_OBJECT+@DistributedTags.RMI+@DistributedTags.GIPC+@DistributedTags.CLIENT_REMOTE_OBJECT+@DistributedTags.RMI+@DistributedTags.GIPC,distributed:tags:client:remote:object:distributed:tags:rmi:distributed:tags:distributed:tags:client:remote:object:distributed:tags:rmi:distributed:tags,processArgsCustom,process:args:custom
client.CoupledClientSimulation,coupled:client:simulation,@@DistributedTags.CLIENT_REMOTE_OBJECT+@DistributedTags.RMI+@DistributedTags.GIPC+@DistributedTags.CLIENT_REMOTE_OBJECT+@DistributedTags.RMI+@DistributedTags.GIPC,distributed:tags:client:remote:object:distributed:tags:rmi:distributed:tags:distributed:tags:client:remote:object:distributed:tags:rmi:distributed:tags,initCustom,custom,AnAbstractSimulationParametersBean:@@DistributedTags.SERVER_REMOTE_INTERFACE+@DistributedTags.RMI+@DistributedTags.SERVER_REMOTE_INTERFACE+@DistributedTags.RMI:Remote:@@DistributedTags.SERVER_REMOTE_INTERFACE+@DistributedTags.GIPC+@DistributedTags.SERVER_REMOTE_INTERFACE+@DistributedTags.GIPC:SimulationParametersListener:PropertyChangeListener:EventListener:SimulationParametersListener:@DistributedTags.READ_THREAD_INTERFACE+@DistributedTags.NIO:Runnable:@DistributedTags.READ_THREAD_INTERFACE+@DistributedTags.NIO:Runnable:SimulationParametersListener:SocketChannelConnectListener:SocketChannelWriteListener:SocketChannelReadListener:SimulationParametersListener:AnAbstractSimulationParametersBean:@@DistributedTags.CLIENT_REMOTE_INTERFACE+@DistributedTags.RMI+@DistributedTags.CLIENT_REMOTE_INTERFACE+@DistributedTags.RMI:Remote:@@DistributedTags.CLIENT_REMOTE_INTERFACE+@DistributedTags.GIPC+@DistributedTags.CLIENT_REMOTE_INTERFACE+@DistributedTags.GIPC:SimulationParametersListener,an:abstract:simulation:parameters:bean:distributed:tags:server:remote:interface:distributed:tags:rmi:distributed:tags:server:remote:interface:distributed:tags:rmi:remote:distributed:tags:server:remote:interface:distributed:tags:distributed:tags:server:remote:interface:distributed:tags:simulation:parameters:listener:property:change:listener:event:listener:simulation:parameters:listener:distributed:tags:read:thread:interface:distributed:tags:nio:distributed:tags:read:thread:interface:distributed:tags:nio:simulation:parameters:listener:socket:channel:connect:listener:socket:channel:write:listener:socket:channel:read:listener:simulation:parameters:listener:an:abstract:simulation:parameters:bean:distributed:tags:client:remote:interface:distributed:tags:rmi:distributed:tags:client:remote:interface:distributed:tags:rmi:remote:distributed:tags:client:remote:interface:distributed:tags:distributed:tags:client:remote:interface:distributed:tags:simulation:parameters:listener,client.CoupledClientSimulation,coupled:client:simulation,@@DistributedTags.CLIENT_REMOTE_OBJECT+@DistributedTags.RMI+@DistributedTags.GIPC+@DistributedTags.CLIENT_REMOTE_OBJECT+@DistributedTags.RMI+@DistributedTags.GIPC,distributed:tags:client:remote:object:distributed:tags:rmi:distributed:tags:distributed:tags:client:remote:object:distributed:tags:rmi:distributed:tags,createSimulation1,create:simulation
client.CoupledClientSimulation,coupled:client:simulation,@@DistributedTags.CLIENT_REMOTE_OBJECT+@DistributedTags.RMI+@DistributedTags.GIPC+@DistributedTags.CLIENT_REMOTE_OBJECT+@DistributedTags.RMI+@DistributedTags.GIPC,distributed:tags:client:remote:object:distributed:tags:rmi:distributed:tags:distributed:tags:client:remote:object:distributed:tags:rmi:distributed:tags,initCustom,custom,AnAbstractSimulationParametersBean:@@DistributedTags.SERVER_REMOTE_INTERFACE+@DistributedTags.RMI+@DistributedTags.SERVER_REMOTE_INTERFACE+@DistributedTags.RMI:Remote:@@DistributedTags.SERVER_REMOTE_INTERFACE+@DistributedTags.GIPC+@DistributedTags.SERVER_REMOTE_INTERFACE+@DistributedTags.GIPC:SimulationParametersListener:PropertyChangeListener:EventListener:SimulationParametersListener:@DistributedTags.READ_THREAD_INTERFACE+@DistributedTags.NIO:Runnable:@DistributedTags.READ_THREAD_INTERFACE+@DistributedTags.NIO:Runnable:SimulationParametersListener:SocketChannelConnectListener:SocketChannelWriteListener:SocketChannelReadListener:SimulationParametersListener:AnAbstractSimulationParametersBean:@@DistributedTags.CLIENT_REMOTE_INTERFACE+@DistributedTags.RMI+@DistributedTags.CLIENT_REMOTE_INTERFACE+@DistributedTags.RMI:Remote:@@DistributedTags.CLIENT_REMOTE_INTERFACE+@DistributedTags.GIPC+@DistributedTags.CLIENT_REMOTE_INTERFACE+@DistributedTags.GIPC:SimulationParametersListener,an:abstract:simulation:parameters:bean:distributed:tags:server:remote:interface:distributed:tags:rmi:distributed:tags:server:remote:interface:distributed:tags:rmi:remote:distributed:tags:server:remote:interface:distributed:tags:distributed:tags:server:remote:interface:distributed:tags:simulation:parameters:listener:property:change:listener:event:listener:simulation:parameters:listener:distributed:tags:read:thread:interface:distributed:tags:nio:distributed:tags:read:thread:interface:distributed:tags:nio:simulation:parameters:listener:socket:channel:connect:listener:socket:channel:write:listener:socket:channel:read:listener:simulation:parameters:listener:an:abstract:simulation:parameters:bean:distributed:tags:client:remote:interface:distributed:tags:rmi:distributed:tags:client:remote:interface:distributed:tags:rmi:remote:distributed:tags:client:remote:interface:distributed:tags:distributed:tags:client:remote:interface:distributed:tags:simulation:parameters:listener,client.OutCoupler,out:coupler,@@DistributedTags.CLIENT_OUT_COUPLER+@DistributedTags.RMI+@DistributedTags.GIPC+@DistributedTags.CLIENT_OUT_COUPLER+@DistributedTags.RMI+@DistributedTags.GIPC+@DistributedTags.NIO,distributed:tags:client:out:coupler:distributed:tags:rmi:distributed:tags:distributed:tags:client:out:coupler:distributed:tags:rmi:distributed:tags:distributed:tags:nio,OutCoupler,out:coupler
client.CoupledClientSimulation,coupled:client:simulation,@@DistributedTags.CLIENT_REMOTE_OBJECT+@DistributedTags.RMI+@DistributedTags.GIPC+@DistributedTags.CLIENT_REMOTE_OBJECT+@DistributedTags.RMI+@DistributedTags.GIPC,distributed:tags:client:remote:object:distributed:tags:rmi:distributed:tags:distributed:tags:client:remote:object:distributed:tags:rmi:distributed:tags,initCustom,custom,AnAbstractSimulationParametersBean:@@DistributedTags.SERVER_REMOTE_INTERFACE+@DistributedTags.RMI+@DistributedTags.SERVER_REMOTE_INTERFACE+@DistributedTags.RMI:Remote:@@DistributedTags.SERVER_REMOTE_INTERFACE+@DistributedTags.GIPC+@DistributedTags.SERVER_REMOTE_INTERFACE+@DistributedTags.GIPC:SimulationParametersListener:PropertyChangeListener:EventListener:SimulationParametersListener:@DistributedTags.READ_THREAD_INTERFACE+@DistributedTags.NIO:Runnable:@DistributedTags.READ_THREAD_INTERFACE+@DistributedTags.NIO:Runnable:SimulationParametersListener:SocketChannelConnectListener:SocketChannelWriteListener:SocketChannelReadListener:SimulationParametersListener:AnAbstractSimulationParametersBean:@@DistributedTags.CLIENT_REMOTE_INTERFACE+@DistributedTags.RMI+@DistributedTags.CLIENT_REMOTE_INTERFACE+@DistributedTags.RMI:Remote:@@DistributedTags.CLIENT_REMOTE_INTERFACE+@DistributedTags.GIPC+@DistributedTags.CLIENT_REMOTE_INTERFACE+@DistributedTags.GIPC:SimulationParametersListener,an:abstract:simulation:parameters:bean:distributed:tags:server:remote:interface:distributed:tags:rmi:distributed:tags:server:remote:interface:distributed:tags:rmi:remote:distributed:tags:server:remote:interface:distributed:tags:distributed:tags:server:remote:interface:distributed:tags:simulation:parameters:listener:property:change:listener:event:listener:simulation:parameters:listener:distributed:tags:read:thread:interface:distributed:tags:nio:distributed:tags:read:thread:interface:distributed:tags:nio:simulation:parameters:listener:socket:channel:connect:listener:socket:channel:write:listener:socket:channel:read:listener:simulation:parameters:listener:an:abstract:simulation:parameters:bean:distributed:tags:client:remote:interface:distributed:tags:rmi:distributed:tags:client:remote:interface:distributed:tags:rmi:remote:distributed:tags:client:remote:interface:distributed:tags:distributed:tags:client:remote:interface:distributed:tags:simulation:parameters:listener,stringProcessors.HalloweenCommandProcessor,halloween:command:processor,stringProcessors.HalloweenCommandProcessor,halloween:command:processor,addPropertyChangeListener,add:property:change:listener
client.CoupledClientSimulation,coupled:client:simulation,@@DistributedTags.CLIENT_REMOTE_OBJECT+@DistributedTags.RMI+@DistributedTags.GIPC+@DistributedTags.CLIENT_REMOTE_OBJECT+@DistributedTags.RMI+@DistributedTags.GIPC,distributed:tags:client:remote:object:distributed:tags:rmi:distributed:tags:distributed:tags:client:remote:object:distributed:tags:rmi:distributed:tags,startCustom,start:custom,AnAbstractSimulationParametersBean:@@DistributedTags.SERVER_REMOTE_INTERFACE+@DistributedTags.RMI+@DistributedTags.SERVER_REMOTE_INTERFACE+@DistributedTags.RMI:Remote:@@DistributedTags.SERVER_REMOTE_INTERFACE+@DistributedTags.GIPC+@DistributedTags.SERVER_REMOTE_INTERFACE+@DistributedTags.GIPC:SimulationParametersListener:PropertyChangeListener:EventListener:SimulationParametersListener:@DistributedTags.READ_THREAD_INTERFACE+@DistributedTags.NIO:Runnable:@DistributedTags.READ_THREAD_INTERFACE+@DistributedTags.NIO:Runnable:SimulationParametersListener:SocketChannelConnectListener:SocketChannelWriteListener:SocketChannelReadListener:SimulationParametersListener:AnAbstractSimulationParametersBean:@@DistributedTags.CLIENT_REMOTE_INTERFACE+@DistributedTags.RMI+@DistributedTags.CLIENT_REMOTE_INTERFACE+@DistributedTags.RMI:Remote:@@DistributedTags.CLIENT_REMOTE_INTERFACE+@DistributedTags.GIPC+@DistributedTags.CLIENT_REMOTE_INTERFACE+@DistributedTags.GIPC:SimulationParametersListener,an:abstract:simulation:parameters:bean:distributed:tags:server:remote:interface:distributed:tags:rmi:distributed:tags:server:remote:interface:distributed:tags:rmi:remote:distributed:tags:server:remote:interface:distributed:tags:distributed:tags:server:remote:interface:distributed:tags:simulation:parameters:listener:property:change:listener:event:listener:simulation:parameters:listener:distributed:tags:read:thread:interface:distributed:tags:nio:distributed:tags:read:thread:interface:distributed:tags:nio:simulation:parameters:listener:socket:channel:connect:listener:socket:channel:write:listener:socket:channel:read:listener:simulation:parameters:listener:an:abstract:simulation:parameters:bean:distributed:tags:client:remote:interface:distributed:tags:rmi:distributed:tags:client:remote:interface:distributed:tags:rmi:remote:distributed:tags:client:remote:interface:distributed:tags:distributed:tags:client:remote:interface:distributed:tags:simulation:parameters:listener,client.CoupledClientSimulation,coupled:client:simulation,@@DistributedTags.CLIENT_REMOTE_OBJECT+@DistributedTags.RMI+@DistributedTags.GIPC+@DistributedTags.CLIENT_REMOTE_OBJECT+@DistributedTags.RMI+@DistributedTags.GIPC,distributed:tags:client:remote:object:distributed:tags:rmi:distributed:tags:distributed:tags:client:remote:object:distributed:tags:rmi:distributed:tags,initCustom,custom
client.CoupledClientSimulation,coupled:client:simulation,@@DistributedTags.CLIENT_REMOTE_OBJECT+@DistributedTags.RMI+@DistributedTags.GIPC+@DistributedTags.CLIENT_REMOTE_OBJECT+@DistributedTags.RMI+@DistributedTags.GIPC,distributed:tags:client:remote:object:distributed:tags:rmi:distributed:tags:distributed:tags:client:remote:object:distributed:tags:rmi:distributed:tags,startCustom,start:custom,AnAbstractSimulationParametersBean:@@DistributedTags.SERVER_REMOTE_INTERFACE+@DistributedTags.RMI+@DistributedTags.SERVER_REMOTE_INTERFACE+@DistributedTags.RMI:Remote:@@DistributedTags.SERVER_REMOTE_INTERFACE+@DistributedTags.GIPC+@DistributedTags.SERVER_REMOTE_INTERFACE+@DistributedTags.GIPC:SimulationParametersListener:PropertyChangeListener:EventListener:SimulationParametersListener:@DistributedTags.READ_THREAD_INTERFACE+@DistributedTags.NIO:Runnable:@DistributedTags.READ_THREAD_INTERFACE+@DistributedTags.NIO:Runnable:SimulationParametersListener:SocketChannelConnectListener:SocketChannelWriteListener:SocketChannelReadListener:SimulationParametersListener:AnAbstractSimulationParametersBean:@@DistributedTags.CLIENT_REMOTE_INTERFACE+@DistributedTags.RMI+@DistributedTags.CLIENT_REMOTE_INTERFACE+@DistributedTags.RMI:Remote:@@DistributedTags.CLIENT_REMOTE_INTERFACE+@DistributedTags.GIPC+@DistributedTags.CLIENT_REMOTE_INTERFACE+@DistributedTags.GIPC:SimulationParametersListener,an:abstract:simulation:parameters:bean:distributed:tags:server:remote:interface:distributed:tags:rmi:distributed:tags:server:remote:interface:distributed:tags:rmi:remote:distributed:tags:server:remote:interface:distributed:tags:distributed:tags:server:remote:interface:distributed:tags:simulation:parameters:listener:property:change:listener:event:listener:simulation:parameters:listener:distributed:tags:read:thread:interface:distributed:tags:nio:distributed:tags:read:thread:interface:distributed:tags:nio:simulation:parameters:listener:socket:channel:connect:listener:socket:channel:write:listener:socket:channel:read:listener:simulation:parameters:listener:an:abstract:simulation:parameters:bean:distributed:tags:client:remote:interface:distributed:tags:rmi:distributed:tags:client:remote:interface:distributed:tags:rmi:remote:distributed:tags:client:remote:interface:distributed:tags:distributed:tags:client:remote:interface:distributed:tags:simulation:parameters:listener,util.interactiveMethodInvocation.SimulationParametersControllerFactory,simulation:parameters:controller:factory,util.interactiveMethodInvocation.SimulationParametersControllerFactory,simulation:parameters:controller:factory,addSimulationParameterListener,add:simulation:parameter:listener
client.CoupledClientSimulation,coupled:client:simulation,@@DistributedTags.CLIENT_REMOTE_OBJECT+@DistributedTags.RMI+@DistributedTags.GIPC+@DistributedTags.CLIENT_REMOTE_OBJECT+@DistributedTags.RMI+@DistributedTags.GIPC,distributed:tags:client:remote:object:distributed:tags:rmi:distributed:tags:distributed:tags:client:remote:object:distributed:tags:rmi:distributed:tags,startCustom,start:custom,AnAbstractSimulationParametersBean:@@DistributedTags.SERVER_REMOTE_INTERFACE+@DistributedTags.RMI+@DistributedTags.SERVER_REMOTE_INTERFACE+@DistributedTags.RMI:Remote:@@DistributedTags.SERVER_REMOTE_INTERFACE+@DistributedTags.GIPC+@DistributedTags.SERVER_REMOTE_INTERFACE+@DistributedTags.GIPC:SimulationParametersListener:PropertyChangeListener:EventListener:SimulationParametersListener:@DistributedTags.READ_THREAD_INTERFACE+@DistributedTags.NIO:Runnable:@DistributedTags.READ_THREAD_INTERFACE+@DistributedTags.NIO:Runnable:SimulationParametersListener:SocketChannelConnectListener:SocketChannelWriteListener:SocketChannelReadListener:SimulationParametersListener:AnAbstractSimulationParametersBean:@@DistributedTags.CLIENT_REMOTE_INTERFACE+@DistributedTags.RMI+@DistributedTags.CLIENT_REMOTE_INTERFACE+@DistributedTags.RMI:Remote:@@DistributedTags.CLIENT_REMOTE_INTERFACE+@DistributedTags.GIPC+@DistributedTags.CLIENT_REMOTE_INTERFACE+@DistributedTags.GIPC:SimulationParametersListener,an:abstract:simulation:parameters:bean:distributed:tags:server:remote:interface:distributed:tags:rmi:distributed:tags:server:remote:interface:distributed:tags:rmi:remote:distributed:tags:server:remote:interface:distributed:tags:distributed:tags:server:remote:interface:distributed:tags:simulation:parameters:listener:property:change:listener:event:listener:simulation:parameters:listener:distributed:tags:read:thread:interface:distributed:tags:nio:distributed:tags:read:thread:interface:distributed:tags:nio:simulation:parameters:listener:socket:channel:connect:listener:socket:channel:write:listener:socket:channel:read:listener:simulation:parameters:listener:an:abstract:simulation:parameters:bean:distributed:tags:client:remote:interface:distributed:tags:rmi:distributed:tags:client:remote:interface:distributed:tags:rmi:remote:distributed:tags:client:remote:interface:distributed:tags:distributed:tags:client:remote:interface:distributed:tags:simulation:parameters:listener,util.interactiveMethodInvocation.SimulationParametersControllerFactory,simulation:parameters:controller:factory,util.interactiveMethodInvocation.SimulationParametersControllerFactory,simulation:parameters:controller:factory,getSingleton,get:singleton
client.CoupledClientSimulation,coupled:client:simulation,@@DistributedTags.CLIENT_REMOTE_OBJECT+@DistributedTags.RMI+@DistributedTags.GIPC+@DistributedTags.CLIENT_REMOTE_OBJECT+@DistributedTags.RMI+@DistributedTags.GIPC,distributed:tags:client:remote:object:distributed:tags:rmi:distributed:tags:distributed:tags:client:remote:object:distributed:tags:rmi:distributed:tags,startCustom,start:custom,AnAbstractSimulationParametersBean:@@DistributedTags.SERVER_REMOTE_INTERFACE+@DistributedTags.RMI+@DistributedTags.SERVER_REMOTE_INTERFACE+@DistributedTags.RMI:Remote:@@DistributedTags.SERVER_REMOTE_INTERFACE+@DistributedTags.GIPC+@DistributedTags.SERVER_REMOTE_INTERFACE+@DistributedTags.GIPC:SimulationParametersListener:PropertyChangeListener:EventListener:SimulationParametersListener:@DistributedTags.READ_THREAD_INTERFACE+@DistributedTags.NIO:Runnable:@DistributedTags.READ_THREAD_INTERFACE+@DistributedTags.NIO:Runnable:SimulationParametersListener:SocketChannelConnectListener:SocketChannelWriteListener:SocketChannelReadListener:SimulationParametersListener:AnAbstractSimulationParametersBean:@@DistributedTags.CLIENT_REMOTE_INTERFACE+@DistributedTags.RMI+@DistributedTags.CLIENT_REMOTE_INTERFACE+@DistributedTags.RMI:Remote:@@DistributedTags.CLIENT_REMOTE_INTERFACE+@DistributedTags.GIPC+@DistributedTags.CLIENT_REMOTE_INTERFACE+@DistributedTags.GIPC:SimulationParametersListener,an:abstract:simulation:parameters:bean:distributed:tags:server:remote:interface:distributed:tags:rmi:distributed:tags:server:remote:interface:distributed:tags:rmi:remote:distributed:tags:server:remote:interface:distributed:tags:distributed:tags:server:remote:interface:distributed:tags:simulation:parameters:listener:property:change:listener:event:listener:simulation:parameters:listener:distributed:tags:read:thread:interface:distributed:tags:nio:distributed:tags:read:thread:interface:distributed:tags:nio:simulation:parameters:listener:socket:channel:connect:listener:socket:channel:write:listener:socket:channel:read:listener:simulation:parameters:listener:an:abstract:simulation:parameters:bean:distributed:tags:client:remote:interface:distributed:tags:rmi:distributed:tags:client:remote:interface:distributed:tags:rmi:remote:distributed:tags:client:remote:interface:distributed:tags:distributed:tags:client:remote:interface:distributed:tags:simulation:parameters:listener,util.interactiveMethodInvocation.SimulationParametersControllerFactory,simulation:parameters:controller:factory,util.interactiveMethodInvocation.SimulationParametersControllerFactory,simulation:parameters:controller:factory,processCommands,process:commands
client.CoupledClientSimulation,coupled:client:simulation,@@DistributedTags.CLIENT_REMOTE_OBJECT+@DistributedTags.RMI+@DistributedTags.GIPC+@DistributedTags.CLIENT_REMOTE_OBJECT+@DistributedTags.RMI+@DistributedTags.GIPC,distributed:tags:client:remote:object:distributed:tags:rmi:distributed:tags:distributed:tags:client:remote:object:distributed:tags:rmi:distributed:tags,startCustom,start:custom,AnAbstractSimulationParametersBean:@@DistributedTags.SERVER_REMOTE_INTERFACE+@DistributedTags.RMI+@DistributedTags.SERVER_REMOTE_INTERFACE+@DistributedTags.RMI:Remote:@@DistributedTags.SERVER_REMOTE_INTERFACE+@DistributedTags.GIPC+@DistributedTags.SERVER_REMOTE_INTERFACE+@DistributedTags.GIPC:SimulationParametersListener:PropertyChangeListener:EventListener:SimulationParametersListener:@DistributedTags.READ_THREAD_INTERFACE+@DistributedTags.NIO:Runnable:@DistributedTags.READ_THREAD_INTERFACE+@DistributedTags.NIO:Runnable:SimulationParametersListener:SocketChannelConnectListener:SocketChannelWriteListener:SocketChannelReadListener:SimulationParametersListener:AnAbstractSimulationParametersBean:@@DistributedTags.CLIENT_REMOTE_INTERFACE+@DistributedTags.RMI+@DistributedTags.CLIENT_REMOTE_INTERFACE+@DistributedTags.RMI:Remote:@@DistributedTags.CLIENT_REMOTE_INTERFACE+@DistributedTags.GIPC+@DistributedTags.CLIENT_REMOTE_INTERFACE+@DistributedTags.GIPC:SimulationParametersListener,an:abstract:simulation:parameters:bean:distributed:tags:server:remote:interface:distributed:tags:rmi:distributed:tags:server:remote:interface:distributed:tags:rmi:remote:distributed:tags:server:remote:interface:distributed:tags:distributed:tags:server:remote:interface:distributed:tags:simulation:parameters:listener:property:change:listener:event:listener:simulation:parameters:listener:distributed:tags:read:thread:interface:distributed:tags:nio:distributed:tags:read:thread:interface:distributed:tags:nio:simulation:parameters:listener:socket:channel:connect:listener:socket:channel:write:listener:socket:channel:read:listener:simulation:parameters:listener:an:abstract:simulation:parameters:bean:distributed:tags:client:remote:interface:distributed:tags:rmi:distributed:tags:client:remote:interface:distributed:tags:rmi:remote:distributed:tags:client:remote:interface:distributed:tags:distributed:tags:client:remote:interface:distributed:tags:simulation:parameters:listener,util.interactiveMethodInvocation.SimulationParametersControllerFactory,simulation:parameters:controller:factory,util.interactiveMethodInvocation.SimulationParametersControllerFactory,simulation:parameters:controller:factory,getSingleton,get:singleton
client.CoupledClientSimulation,coupled:client:simulation,@@DistributedTags.CLIENT_REMOTE_OBJECT+@DistributedTags.RMI+@DistributedTags.GIPC+@DistributedTags.CLIENT_REMOTE_OBJECT+@DistributedTags.RMI+@DistributedTags.GIPC,distributed:tags:client:remote:object:distributed:tags:rmi:distributed:tags:distributed:tags:client:remote:object:distributed:tags:rmi:distributed:tags,notifyNewCommand,notify:new:command,AnAbstractSimulationParametersBean:@@DistributedTags.SERVER_REMOTE_INTERFACE+@DistributedTags.RMI+@DistributedTags.SERVER_REMOTE_INTERFACE+@DistributedTags.RMI:Remote:@@DistributedTags.SERVER_REMOTE_INTERFACE+@DistributedTags.GIPC+@DistributedTags.SERVER_REMOTE_INTERFACE+@DistributedTags.GIPC:SimulationParametersListener:PropertyChangeListener:EventListener:SimulationParametersListener:@DistributedTags.READ_THREAD_INTERFACE+@DistributedTags.NIO:Runnable:@DistributedTags.READ_THREAD_INTERFACE+@DistributedTags.NIO:Runnable:SimulationParametersListener:SocketChannelConnectListener:SocketChannelWriteListener:SocketChannelReadListener:SimulationParametersListener:AnAbstractSimulationParametersBean:@@DistributedTags.CLIENT_REMOTE_INTERFACE+@DistributedTags.RMI+@DistributedTags.CLIENT_REMOTE_INTERFACE+@DistributedTags.RMI:Remote:@@DistributedTags.CLIENT_REMOTE_INTERFACE+@DistributedTags.GIPC+@DistributedTags.CLIENT_REMOTE_INTERFACE+@DistributedTags.GIPC:SimulationParametersListener,an:abstract:simulation:parameters:bean:distributed:tags:server:remote:interface:distributed:tags:rmi:distributed:tags:server:remote:interface:distributed:tags:rmi:remote:distributed:tags:server:remote:interface:distributed:tags:distributed:tags:server:remote:interface:distributed:tags:simulation:parameters:listener:property:change:listener:event:listener:simulation:parameters:listener:distributed:tags:read:thread:interface:distributed:tags:nio:distributed:tags:read:thread:interface:distributed:tags:nio:simulation:parameters:listener:socket:channel:connect:listener:socket:channel:write:listener:socket:channel:read:listener:simulation:parameters:listener:an:abstract:simulation:parameters:bean:distributed:tags:client:remote:interface:distributed:tags:rmi:distributed:tags:client:remote:interface:distributed:tags:rmi:remote:distributed:tags:client:remote:interface:distributed:tags:distributed:tags:client:remote:interface:distributed:tags:simulation:parameters:listener,util.trace.port.consensus.ProposalLearnedNotificationReceived,proposal:learned:notification:received,util.trace.port.consensus.ProposalLearnedNotificationReceived,proposal:learned:notification:received,newCase,new:case
client.CoupledClientSimulation,coupled:client:simulation,@@DistributedTags.CLIENT_REMOTE_OBJECT+@DistributedTags.RMI+@DistributedTags.GIPC+@DistributedTags.CLIENT_REMOTE_OBJECT+@DistributedTags.RMI+@DistributedTags.GIPC,distributed:tags:client:remote:object:distributed:tags:rmi:distributed:tags:distributed:tags:client:remote:object:distributed:tags:rmi:distributed:tags,notifyNewCommand,notify:new:command,AnAbstractSimulationParametersBean:@@DistributedTags.SERVER_REMOTE_INTERFACE+@DistributedTags.RMI+@DistributedTags.SERVER_REMOTE_INTERFACE+@DistributedTags.RMI:Remote:@@DistributedTags.SERVER_REMOTE_INTERFACE+@DistributedTags.GIPC+@DistributedTags.SERVER_REMOTE_INTERFACE+@DistributedTags.GIPC:SimulationParametersListener:PropertyChangeListener:EventListener:SimulationParametersListener:@DistributedTags.READ_THREAD_INTERFACE+@DistributedTags.NIO:Runnable:@DistributedTags.READ_THREAD_INTERFACE+@DistributedTags.NIO:Runnable:SimulationParametersListener:SocketChannelConnectListener:SocketChannelWriteListener:SocketChannelReadListener:SimulationParametersListener:AnAbstractSimulationParametersBean:@@DistributedTags.CLIENT_REMOTE_INTERFACE+@DistributedTags.RMI+@DistributedTags.CLIENT_REMOTE_INTERFACE+@DistributedTags.RMI:Remote:@@DistributedTags.CLIENT_REMOTE_INTERFACE+@DistributedTags.GIPC+@DistributedTags.CLIENT_REMOTE_INTERFACE+@DistributedTags.GIPC:SimulationParametersListener,an:abstract:simulation:parameters:bean:distributed:tags:server:remote:interface:distributed:tags:rmi:distributed:tags:server:remote:interface:distributed:tags:rmi:remote:distributed:tags:server:remote:interface:distributed:tags:distributed:tags:server:remote:interface:distributed:tags:simulation:parameters:listener:property:change:listener:event:listener:simulation:parameters:listener:distributed:tags:read:thread:interface:distributed:tags:nio:distributed:tags:read:thread:interface:distributed:tags:nio:simulation:parameters:listener:socket:channel:connect:listener:socket:channel:write:listener:socket:channel:read:listener:simulation:parameters:listener:an:abstract:simulation:parameters:bean:distributed:tags:client:remote:interface:distributed:tags:rmi:distributed:tags:client:remote:interface:distributed:tags:rmi:remote:distributed:tags:client:remote:interface:distributed:tags:distributed:tags:client:remote:interface:distributed:tags:simulation:parameters:listener,util.trace.port.consensus.ProposedStateSet,proposed:state:set,util.trace.port.consensus.ProposedStateSet,proposed:state:set,newCase,new:case
client.CoupledClientSimulation,coupled:client:simulation,@@DistributedTags.CLIENT_REMOTE_OBJECT+@DistributedTags.RMI+@DistributedTags.GIPC+@DistributedTags.CLIENT_REMOTE_OBJECT+@DistributedTags.RMI+@DistributedTags.GIPC,distributed:tags:client:remote:object:distributed:tags:rmi:distributed:tags:distributed:tags:client:remote:object:distributed:tags:rmi:distributed:tags,notifyNewCommand,notify:new:command,AnAbstractSimulationParametersBean:@@DistributedTags.SERVER_REMOTE_INTERFACE+@DistributedTags.RMI+@DistributedTags.SERVER_REMOTE_INTERFACE+@DistributedTags.RMI:Remote:@@DistributedTags.SERVER_REMOTE_INTERFACE+@DistributedTags.GIPC+@DistributedTags.SERVER_REMOTE_INTERFACE+@DistributedTags.GIPC:SimulationParametersListener:PropertyChangeListener:EventListener:SimulationParametersListener:@DistributedTags.READ_THREAD_INTERFACE+@DistributedTags.NIO:Runnable:@DistributedTags.READ_THREAD_INTERFACE+@DistributedTags.NIO:Runnable:SimulationParametersListener:SocketChannelConnectListener:SocketChannelWriteListener:SocketChannelReadListener:SimulationParametersListener:AnAbstractSimulationParametersBean:@@DistributedTags.CLIENT_REMOTE_INTERFACE+@DistributedTags.RMI+@DistributedTags.CLIENT_REMOTE_INTERFACE+@DistributedTags.RMI:Remote:@@DistributedTags.CLIENT_REMOTE_INTERFACE+@DistributedTags.GIPC+@DistributedTags.CLIENT_REMOTE_INTERFACE+@DistributedTags.GIPC:SimulationParametersListener,an:abstract:simulation:parameters:bean:distributed:tags:server:remote:interface:distributed:tags:rmi:distributed:tags:server:remote:interface:distributed:tags:rmi:remote:distributed:tags:server:remote:interface:distributed:tags:distributed:tags:server:remote:interface:distributed:tags:simulation:parameters:listener:property:change:listener:event:listener:simulation:parameters:listener:distributed:tags:read:thread:interface:distributed:tags:nio:distributed:tags:read:thread:interface:distributed:tags:nio:simulation:parameters:listener:socket:channel:connect:listener:socket:channel:write:listener:socket:channel:read:listener:simulation:parameters:listener:an:abstract:simulation:parameters:bean:distributed:tags:client:remote:interface:distributed:tags:rmi:distributed:tags:client:remote:interface:distributed:tags:rmi:remote:distributed:tags:client:remote:interface:distributed:tags:distributed:tags:client:remote:interface:distributed:tags:simulation:parameters:listener,stringProcessors.HalloweenCommandProcessor,halloween:command:processor,stringProcessors.HalloweenCommandProcessor,halloween:command:processor,processCommand,process:command
client.CoupledClientSimulation,coupled:client:simulation,@@DistributedTags.CLIENT_REMOTE_OBJECT+@DistributedTags.RMI+@DistributedTags.GIPC+@DistributedTags.CLIENT_REMOTE_OBJECT+@DistributedTags.RMI+@DistributedTags.GIPC,distributed:tags:client:remote:object:distributed:tags:rmi:distributed:tags:distributed:tags:client:remote:object:distributed:tags:rmi:distributed:tags,notifyNewCommandGIPC,notify:new:command,AnAbstractSimulationParametersBean:@@DistributedTags.SERVER_REMOTE_INTERFACE+@DistributedTags.RMI+@DistributedTags.SERVER_REMOTE_INTERFACE+@DistributedTags.RMI:Remote:@@DistributedTags.SERVER_REMOTE_INTERFACE+@DistributedTags.GIPC+@DistributedTags.SERVER_REMOTE_INTERFACE+@DistributedTags.GIPC:SimulationParametersListener:PropertyChangeListener:EventListener:SimulationParametersListener:@DistributedTags.READ_THREAD_INTERFACE+@DistributedTags.NIO:Runnable:@DistributedTags.READ_THREAD_INTERFACE+@DistributedTags.NIO:Runnable:SimulationParametersListener:SocketChannelConnectListener:SocketChannelWriteListener:SocketChannelReadListener:SimulationParametersListener:AnAbstractSimulationParametersBean:@@DistributedTags.CLIENT_REMOTE_INTERFACE+@DistributedTags.RMI+@DistributedTags.CLIENT_REMOTE_INTERFACE+@DistributedTags.RMI:Remote:@@DistributedTags.CLIENT_REMOTE_INTERFACE+@DistributedTags.GIPC+@DistributedTags.CLIENT_REMOTE_INTERFACE+@DistributedTags.GIPC:SimulationParametersListener,an:abstract:simulation:parameters:bean:distributed:tags:server:remote:interface:distributed:tags:rmi:distributed:tags:server:remote:interface:distributed:tags:rmi:remote:distributed:tags:server:remote:interface:distributed:tags:distributed:tags:server:remote:interface:distributed:tags:simulation:parameters:listener:property:change:listener:event:listener:simulation:parameters:listener:distributed:tags:read:thread:interface:distributed:tags:nio:distributed:tags:read:thread:interface:distributed:tags:nio:simulation:parameters:listener:socket:channel:connect:listener:socket:channel:write:listener:socket:channel:read:listener:simulation:parameters:listener:an:abstract:simulation:parameters:bean:distributed:tags:client:remote:interface:distributed:tags:rmi:distributed:tags:client:remote:interface:distributed:tags:rmi:remote:distributed:tags:client:remote:interface:distributed:tags:distributed:tags:client:remote:interface:distributed:tags:simulation:parameters:listener,util.trace.port.consensus.ProposalLearnedNotificationReceived,proposal:learned:notification:received,util.trace.port.consensus.ProposalLearnedNotificationReceived,proposal:learned:notification:received,newCase,new:case
client.CoupledClientSimulation,coupled:client:simulation,@@DistributedTags.CLIENT_REMOTE_OBJECT+@DistributedTags.RMI+@DistributedTags.GIPC+@DistributedTags.CLIENT_REMOTE_OBJECT+@DistributedTags.RMI+@DistributedTags.GIPC,distributed:tags:client:remote:object:distributed:tags:rmi:distributed:tags:distributed:tags:client:remote:object:distributed:tags:rmi:distributed:tags,notifyNewCommandGIPC,notify:new:command,AnAbstractSimulationParametersBean:@@DistributedTags.SERVER_REMOTE_INTERFACE+@DistributedTags.RMI+@DistributedTags.SERVER_REMOTE_INTERFACE+@DistributedTags.RMI:Remote:@@DistributedTags.SERVER_REMOTE_INTERFACE+@DistributedTags.GIPC+@DistributedTags.SERVER_REMOTE_INTERFACE+@DistributedTags.GIPC:SimulationParametersListener:PropertyChangeListener:EventListener:SimulationParametersListener:@DistributedTags.READ_THREAD_INTERFACE+@DistributedTags.NIO:Runnable:@DistributedTags.READ_THREAD_INTERFACE+@DistributedTags.NIO:Runnable:SimulationParametersListener:SocketChannelConnectListener:SocketChannelWriteListener:SocketChannelReadListener:SimulationParametersListener:AnAbstractSimulationParametersBean:@@DistributedTags.CLIENT_REMOTE_INTERFACE+@DistributedTags.RMI+@DistributedTags.CLIENT_REMOTE_INTERFACE+@DistributedTags.RMI:Remote:@@DistributedTags.CLIENT_REMOTE_INTERFACE+@DistributedTags.GIPC+@DistributedTags.CLIENT_REMOTE_INTERFACE+@DistributedTags.GIPC:SimulationParametersListener,an:abstract:simulation:parameters:bean:distributed:tags:server:remote:interface:distributed:tags:rmi:distributed:tags:server:remote:interface:distributed:tags:rmi:remote:distributed:tags:server:remote:interface:distributed:tags:distributed:tags:server:remote:interface:distributed:tags:simulation:parameters:listener:property:change:listener:event:listener:simulation:parameters:listener:distributed:tags:read:thread:interface:distributed:tags:nio:distributed:tags:read:thread:interface:distributed:tags:nio:simulation:parameters:listener:socket:channel:connect:listener:socket:channel:write:listener:socket:channel:read:listener:simulation:parameters:listener:an:abstract:simulation:parameters:bean:distributed:tags:client:remote:interface:distributed:tags:rmi:distributed:tags:client:remote:interface:distributed:tags:rmi:remote:distributed:tags:client:remote:interface:distributed:tags:distributed:tags:client:remote:interface:distributed:tags:simulation:parameters:listener,util.trace.port.consensus.ProposedStateSet,proposed:state:set,util.trace.port.consensus.ProposedStateSet,proposed:state:set,newCase,new:case
client.CoupledClientSimulation,coupled:client:simulation,@@DistributedTags.CLIENT_REMOTE_OBJECT+@DistributedTags.RMI+@DistributedTags.GIPC+@DistributedTags.CLIENT_REMOTE_OBJECT+@DistributedTags.RMI+@DistributedTags.GIPC,distributed:tags:client:remote:object:distributed:tags:rmi:distributed:tags:distributed:tags:client:remote:object:distributed:tags:rmi:distributed:tags,notifyNewCommandGIPC,notify:new:command,AnAbstractSimulationParametersBean:@@DistributedTags.SERVER_REMOTE_INTERFACE+@DistributedTags.RMI+@DistributedTags.SERVER_REMOTE_INTERFACE+@DistributedTags.RMI:Remote:@@DistributedTags.SERVER_REMOTE_INTERFACE+@DistributedTags.GIPC+@DistributedTags.SERVER_REMOTE_INTERFACE+@DistributedTags.GIPC:SimulationParametersListener:PropertyChangeListener:EventListener:SimulationParametersListener:@DistributedTags.READ_THREAD_INTERFACE+@DistributedTags.NIO:Runnable:@DistributedTags.READ_THREAD_INTERFACE+@DistributedTags.NIO:Runnable:SimulationParametersListener:SocketChannelConnectListener:SocketChannelWriteListener:SocketChannelReadListener:SimulationParametersListener:AnAbstractSimulationParametersBean:@@DistributedTags.CLIENT_REMOTE_INTERFACE+@DistributedTags.RMI+@DistributedTags.CLIENT_REMOTE_INTERFACE+@DistributedTags.RMI:Remote:@@DistributedTags.CLIENT_REMOTE_INTERFACE+@DistributedTags.GIPC+@DistributedTags.CLIENT_REMOTE_INTERFACE+@DistributedTags.GIPC:SimulationParametersListener,an:abstract:simulation:parameters:bean:distributed:tags:server:remote:interface:distributed:tags:rmi:distributed:tags:server:remote:interface:distributed:tags:rmi:remote:distributed:tags:server:remote:interface:distributed:tags:distributed:tags:server:remote:interface:distributed:tags:simulation:parameters:listener:property:change:listener:event:listener:simulation:parameters:listener:distributed:tags:read:thread:interface:distributed:tags:nio:distributed:tags:read:thread:interface:distributed:tags:nio:simulation:parameters:listener:socket:channel:connect:listener:socket:channel:write:listener:socket:channel:read:listener:simulation:parameters:listener:an:abstract:simulation:parameters:bean:distributed:tags:client:remote:interface:distributed:tags:rmi:distributed:tags:client:remote:interface:distributed:tags:rmi:remote:distributed:tags:client:remote:interface:distributed:tags:distributed:tags:client:remote:interface:distributed:tags:simulation:parameters:listener,stringProcessors.HalloweenCommandProcessor,halloween:command:processor,stringProcessors.HalloweenCommandProcessor,halloween:command:processor,processCommand,process:command
client.CoupledClientSimulation,coupled:client:simulation,@@DistributedTags.CLIENT_REMOTE_OBJECT+@DistributedTags.RMI+@DistributedTags.GIPC+@DistributedTags.CLIENT_REMOTE_OBJECT+@DistributedTags.RMI+@DistributedTags.GIPC,distributed:tags:client:remote:object:distributed:tags:rmi:distributed:tags:distributed:tags:client:remote:object:distributed:tags:rmi:distributed:tags,notifyNewCommandNIO,notify:new:command:nio,AnAbstractSimulationParametersBean:@@DistributedTags.SERVER_REMOTE_INTERFACE+@DistributedTags.RMI+@DistributedTags.SERVER_REMOTE_INTERFACE+@DistributedTags.RMI:Remote:@@DistributedTags.SERVER_REMOTE_INTERFACE+@DistributedTags.GIPC+@DistributedTags.SERVER_REMOTE_INTERFACE+@DistributedTags.GIPC:SimulationParametersListener:PropertyChangeListener:EventListener:SimulationParametersListener:@DistributedTags.READ_THREAD_INTERFACE+@DistributedTags.NIO:Runnable:@DistributedTags.READ_THREAD_INTERFACE+@DistributedTags.NIO:Runnable:SimulationParametersListener:SocketChannelConnectListener:SocketChannelWriteListener:SocketChannelReadListener:SimulationParametersListener:AnAbstractSimulationParametersBean:@@DistributedTags.CLIENT_REMOTE_INTERFACE+@DistributedTags.RMI+@DistributedTags.CLIENT_REMOTE_INTERFACE+@DistributedTags.RMI:Remote:@@DistributedTags.CLIENT_REMOTE_INTERFACE+@DistributedTags.GIPC+@DistributedTags.CLIENT_REMOTE_INTERFACE+@DistributedTags.GIPC:SimulationParametersListener,an:abstract:simulation:parameters:bean:distributed:tags:server:remote:interface:distributed:tags:rmi:distributed:tags:server:remote:interface:distributed:tags:rmi:remote:distributed:tags:server:remote:interface:distributed:tags:distributed:tags:server:remote:interface:distributed:tags:simulation:parameters:listener:property:change:listener:event:listener:simulation:parameters:listener:distributed:tags:read:thread:interface:distributed:tags:nio:distributed:tags:read:thread:interface:distributed:tags:nio:simulation:parameters:listener:socket:channel:connect:listener:socket:channel:write:listener:socket:channel:read:listener:simulation:parameters:listener:an:abstract:simulation:parameters:bean:distributed:tags:client:remote:interface:distributed:tags:rmi:distributed:tags:client:remote:interface:distributed:tags:rmi:remote:distributed:tags:client:remote:interface:distributed:tags:distributed:tags:client:remote:interface:distributed:tags:simulation:parameters:listener,assignments.util.MiscAssignmentUtils,assignment,assignments.util.MiscAssignmentUtils,assignment,deepDuplicate,deep:duplicate
client.CoupledClientSimulation,coupled:client:simulation,@@DistributedTags.CLIENT_REMOTE_OBJECT+@DistributedTags.RMI+@DistributedTags.GIPC+@DistributedTags.CLIENT_REMOTE_OBJECT+@DistributedTags.RMI+@DistributedTags.GIPC,distributed:tags:client:remote:object:distributed:tags:rmi:distributed:tags:distributed:tags:client:remote:object:distributed:tags:rmi:distributed:tags,notifyNewCommandNIO,notify:new:command:nio,AnAbstractSimulationParametersBean:@@DistributedTags.SERVER_REMOTE_INTERFACE+@DistributedTags.RMI+@DistributedTags.SERVER_REMOTE_INTERFACE+@DistributedTags.RMI:Remote:@@DistributedTags.SERVER_REMOTE_INTERFACE+@DistributedTags.GIPC+@DistributedTags.SERVER_REMOTE_INTERFACE+@DistributedTags.GIPC:SimulationParametersListener:PropertyChangeListener:EventListener:SimulationParametersListener:@DistributedTags.READ_THREAD_INTERFACE+@DistributedTags.NIO:Runnable:@DistributedTags.READ_THREAD_INTERFACE+@DistributedTags.NIO:Runnable:SimulationParametersListener:SocketChannelConnectListener:SocketChannelWriteListener:SocketChannelReadListener:SimulationParametersListener:AnAbstractSimulationParametersBean:@@DistributedTags.CLIENT_REMOTE_INTERFACE+@DistributedTags.RMI+@DistributedTags.CLIENT_REMOTE_INTERFACE+@DistributedTags.RMI:Remote:@@DistributedTags.CLIENT_REMOTE_INTERFACE+@DistributedTags.GIPC+@DistributedTags.CLIENT_REMOTE_INTERFACE+@DistributedTags.GIPC:SimulationParametersListener,an:abstract:simulation:parameters:bean:distributed:tags:server:remote:interface:distributed:tags:rmi:distributed:tags:server:remote:interface:distributed:tags:rmi:remote:distributed:tags:server:remote:interface:distributed:tags:distributed:tags:server:remote:interface:distributed:tags:simulation:parameters:listener:property:change:listener:event:listener:simulation:parameters:listener:distributed:tags:read:thread:interface:distributed:tags:nio:distributed:tags:read:thread:interface:distributed:tags:nio:simulation:parameters:listener:socket:channel:connect:listener:socket:channel:write:listener:socket:channel:read:listener:simulation:parameters:listener:an:abstract:simulation:parameters:bean:distributed:tags:client:remote:interface:distributed:tags:rmi:distributed:tags:client:remote:interface:distributed:tags:rmi:remote:distributed:tags:client:remote:interface:distributed:tags:distributed:tags:client:remote:interface:distributed:tags:simulation:parameters:listener,String,string,java.lang.String,string,String,string
client.CoupledClientSimulation,coupled:client:simulation,@@DistributedTags.CLIENT_REMOTE_OBJECT+@DistributedTags.RMI+@DistributedTags.GIPC+@DistributedTags.CLIENT_REMOTE_OBJECT+@DistributedTags.RMI+@DistributedTags.GIPC,distributed:tags:client:remote:object:distributed:tags:rmi:distributed:tags:distributed:tags:client:remote:object:distributed:tags:rmi:distributed:tags,notifyNewCommandNIO,notify:new:command:nio,AnAbstractSimulationParametersBean:@@DistributedTags.SERVER_REMOTE_INTERFACE+@DistributedTags.RMI+@DistributedTags.SERVER_REMOTE_INTERFACE+@DistributedTags.RMI:Remote:@@DistributedTags.SERVER_REMOTE_INTERFACE+@DistributedTags.GIPC+@DistributedTags.SERVER_REMOTE_INTERFACE+@DistributedTags.GIPC:SimulationParametersListener:PropertyChangeListener:EventListener:SimulationParametersListener:@DistributedTags.READ_THREAD_INTERFACE+@DistributedTags.NIO:Runnable:@DistributedTags.READ_THREAD_INTERFACE+@DistributedTags.NIO:Runnable:SimulationParametersListener:SocketChannelConnectListener:SocketChannelWriteListener:SocketChannelReadListener:SimulationParametersListener:AnAbstractSimulationParametersBean:@@DistributedTags.CLIENT_REMOTE_INTERFACE+@DistributedTags.RMI+@DistributedTags.CLIENT_REMOTE_INTERFACE+@DistributedTags.RMI:Remote:@@DistributedTags.CLIENT_REMOTE_INTERFACE+@DistributedTags.GIPC+@DistributedTags.CLIENT_REMOTE_INTERFACE+@DistributedTags.GIPC:SimulationParametersListener,an:abstract:simulation:parameters:bean:distributed:tags:server:remote:interface:distributed:tags:rmi:distributed:tags:server:remote:interface:distributed:tags:rmi:remote:distributed:tags:server:remote:interface:distributed:tags:distributed:tags:server:remote:interface:distributed:tags:simulation:parameters:listener:property:change:listener:event:listener:simulation:parameters:listener:distributed:tags:read:thread:interface:distributed:tags:nio:distributed:tags:read:thread:interface:distributed:tags:nio:simulation:parameters:listener:socket:channel:connect:listener:socket:channel:write:listener:socket:channel:read:listener:simulation:parameters:listener:an:abstract:simulation:parameters:bean:distributed:tags:client:remote:interface:distributed:tags:rmi:distributed:tags:client:remote:interface:distributed:tags:rmi:remote:distributed:tags:client:remote:interface:distributed:tags:distributed:tags:client:remote:interface:distributed:tags:simulation:parameters:listener,java.nio.ByteBuffer,byte:buffer,java.nio.ByteBuffer,byte:buffer,array,array
client.CoupledClientSimulation,coupled:client:simulation,@@DistributedTags.CLIENT_REMOTE_OBJECT+@DistributedTags.RMI+@DistributedTags.GIPC+@DistributedTags.CLIENT_REMOTE_OBJECT+@DistributedTags.RMI+@DistributedTags.GIPC,distributed:tags:client:remote:object:distributed:tags:rmi:distributed:tags:distributed:tags:client:remote:object:distributed:tags:rmi:distributed:tags,notifyNewCommandNIO,notify:new:command:nio,AnAbstractSimulationParametersBean:@@DistributedTags.SERVER_REMOTE_INTERFACE+@DistributedTags.RMI+@DistributedTags.SERVER_REMOTE_INTERFACE+@DistributedTags.RMI:Remote:@@DistributedTags.SERVER_REMOTE_INTERFACE+@DistributedTags.GIPC+@DistributedTags.SERVER_REMOTE_INTERFACE+@DistributedTags.GIPC:SimulationParametersListener:PropertyChangeListener:EventListener:SimulationParametersListener:@DistributedTags.READ_THREAD_INTERFACE+@DistributedTags.NIO:Runnable:@DistributedTags.READ_THREAD_INTERFACE+@DistributedTags.NIO:Runnable:SimulationParametersListener:SocketChannelConnectListener:SocketChannelWriteListener:SocketChannelReadListener:SimulationParametersListener:AnAbstractSimulationParametersBean:@@DistributedTags.CLIENT_REMOTE_INTERFACE+@DistributedTags.RMI+@DistributedTags.CLIENT_REMOTE_INTERFACE+@DistributedTags.RMI:Remote:@@DistributedTags.CLIENT_REMOTE_INTERFACE+@DistributedTags.GIPC+@DistributedTags.CLIENT_REMOTE_INTERFACE+@DistributedTags.GIPC:SimulationParametersListener,an:abstract:simulation:parameters:bean:distributed:tags:server:remote:interface:distributed:tags:rmi:distributed:tags:server:remote:interface:distributed:tags:rmi:remote:distributed:tags:server:remote:interface:distributed:tags:distributed:tags:server:remote:interface:distributed:tags:simulation:parameters:listener:property:change:listener:event:listener:simulation:parameters:listener:distributed:tags:read:thread:interface:distributed:tags:nio:distributed:tags:read:thread:interface:distributed:tags:nio:simulation:parameters:listener:socket:channel:connect:listener:socket:channel:write:listener:socket:channel:read:listener:simulation:parameters:listener:an:abstract:simulation:parameters:bean:distributed:tags:client:remote:interface:distributed:tags:rmi:distributed:tags:client:remote:interface:distributed:tags:rmi:remote:distributed:tags:client:remote:interface:distributed:tags:distributed:tags:client:remote:interface:distributed:tags:simulation:parameters:listener,java.nio.ByteBuffer,byte:buffer,java.nio.ByteBuffer,byte:buffer,position,position
client.CoupledClientSimulation,coupled:client:simulation,@@DistributedTags.CLIENT_REMOTE_OBJECT+@DistributedTags.RMI+@DistributedTags.GIPC+@DistributedTags.CLIENT_REMOTE_OBJECT+@DistributedTags.RMI+@DistributedTags.GIPC,distributed:tags:client:remote:object:distributed:tags:rmi:distributed:tags:distributed:tags:client:remote:object:distributed:tags:rmi:distributed:tags,notifyNewCommandNIO,notify:new:command:nio,AnAbstractSimulationParametersBean:@@DistributedTags.SERVER_REMOTE_INTERFACE+@DistributedTags.RMI+@DistributedTags.SERVER_REMOTE_INTERFACE+@DistributedTags.RMI:Remote:@@DistributedTags.SERVER_REMOTE_INTERFACE+@DistributedTags.GIPC+@DistributedTags.SERVER_REMOTE_INTERFACE+@DistributedTags.GIPC:SimulationParametersListener:PropertyChangeListener:EventListener:SimulationParametersListener:@DistributedTags.READ_THREAD_INTERFACE+@DistributedTags.NIO:Runnable:@DistributedTags.READ_THREAD_INTERFACE+@DistributedTags.NIO:Runnable:SimulationParametersListener:SocketChannelConnectListener:SocketChannelWriteListener:SocketChannelReadListener:SimulationParametersListener:AnAbstractSimulationParametersBean:@@DistributedTags.CLIENT_REMOTE_INTERFACE+@DistributedTags.RMI+@DistributedTags.CLIENT_REMOTE_INTERFACE+@DistributedTags.RMI:Remote:@@DistributedTags.CLIENT_REMOTE_INTERFACE+@DistributedTags.GIPC+@DistributedTags.CLIENT_REMOTE_INTERFACE+@DistributedTags.GIPC:SimulationParametersListener,an:abstract:simulation:parameters:bean:distributed:tags:server:remote:interface:distributed:tags:rmi:distributed:tags:server:remote:interface:distributed:tags:rmi:remote:distributed:tags:server:remote:interface:distributed:tags:distributed:tags:server:remote:interface:distributed:tags:simulation:parameters:listener:property:change:listener:event:listener:simulation:parameters:listener:distributed:tags:read:thread:interface:distributed:tags:nio:distributed:tags:read:thread:interface:distributed:tags:nio:simulation:parameters:listener:socket:channel:connect:listener:socket:channel:write:listener:socket:channel:read:listener:simulation:parameters:listener:an:abstract:simulation:parameters:bean:distributed:tags:client:remote:interface:distributed:tags:rmi:distributed:tags:client:remote:interface:distributed:tags:rmi:remote:distributed:tags:client:remote:interface:distributed:tags:distributed:tags:client:remote:interface:distributed:tags:simulation:parameters:listener,java.nio.ByteBuffer,byte:buffer,java.nio.ByteBuffer,byte:buffer,limit,limit
client.CoupledClientSimulation,coupled:client:simulation,@@DistributedTags.CLIENT_REMOTE_OBJECT+@DistributedTags.RMI+@DistributedTags.GIPC+@DistributedTags.CLIENT_REMOTE_OBJECT+@DistributedTags.RMI+@DistributedTags.GIPC,distributed:tags:client:remote:object:distributed:tags:rmi:distributed:tags:distributed:tags:client:remote:object:distributed:tags:rmi:distributed:tags,notifyNewCommandNIO,notify:new:command:nio,AnAbstractSimulationParametersBean:@@DistributedTags.SERVER_REMOTE_INTERFACE+@DistributedTags.RMI+@DistributedTags.SERVER_REMOTE_INTERFACE+@DistributedTags.RMI:Remote:@@DistributedTags.SERVER_REMOTE_INTERFACE+@DistributedTags.GIPC+@DistributedTags.SERVER_REMOTE_INTERFACE+@DistributedTags.GIPC:SimulationParametersListener:PropertyChangeListener:EventListener:SimulationParametersListener:@DistributedTags.READ_THREAD_INTERFACE+@DistributedTags.NIO:Runnable:@DistributedTags.READ_THREAD_INTERFACE+@DistributedTags.NIO:Runnable:SimulationParametersListener:SocketChannelConnectListener:SocketChannelWriteListener:SocketChannelReadListener:SimulationParametersListener:AnAbstractSimulationParametersBean:@@DistributedTags.CLIENT_REMOTE_INTERFACE+@DistributedTags.RMI+@DistributedTags.CLIENT_REMOTE_INTERFACE+@DistributedTags.RMI:Remote:@@DistributedTags.CLIENT_REMOTE_INTERFACE+@DistributedTags.GIPC+@DistributedTags.CLIENT_REMOTE_INTERFACE+@DistributedTags.GIPC:SimulationParametersListener,an:abstract:simulation:parameters:bean:distributed:tags:server:remote:interface:distributed:tags:rmi:distributed:tags:server:remote:interface:distributed:tags:rmi:remote:distributed:tags:server:remote:interface:distributed:tags:distributed:tags:server:remote:interface:distributed:tags:simulation:parameters:listener:property:change:listener:event:listener:simulation:parameters:listener:distributed:tags:read:thread:interface:distributed:tags:nio:distributed:tags:read:thread:interface:distributed:tags:nio:simulation:parameters:listener:socket:channel:connect:listener:socket:channel:write:listener:socket:channel:read:listener:simulation:parameters:listener:an:abstract:simulation:parameters:bean:distributed:tags:client:remote:interface:distributed:tags:rmi:distributed:tags:client:remote:interface:distributed:tags:rmi:remote:distributed:tags:client:remote:interface:distributed:tags:distributed:tags:client:remote:interface:distributed:tags:simulation:parameters:listener,stringProcessors.HalloweenCommandProcessor,halloween:command:processor,stringProcessors.HalloweenCommandProcessor,halloween:command:processor,processCommand,process:command
client.CoupledClientSimulation,coupled:client:simulation,@@DistributedTags.CLIENT_REMOTE_OBJECT+@DistributedTags.RMI+@DistributedTags.GIPC+@DistributedTags.CLIENT_REMOTE_OBJECT+@DistributedTags.RMI+@DistributedTags.GIPC,distributed:tags:client:remote:object:distributed:tags:rmi:distributed:tags:distributed:tags:client:remote:object:distributed:tags:rmi:distributed:tags,setupConnection,setup:connection,AnAbstractSimulationParametersBean:@@DistributedTags.SERVER_REMOTE_INTERFACE+@DistributedTags.RMI+@DistributedTags.SERVER_REMOTE_INTERFACE+@DistributedTags.RMI:Remote:@@DistributedTags.SERVER_REMOTE_INTERFACE+@DistributedTags.GIPC+@DistributedTags.SERVER_REMOTE_INTERFACE+@DistributedTags.GIPC:SimulationParametersListener:PropertyChangeListener:EventListener:SimulationParametersListener:@DistributedTags.READ_THREAD_INTERFACE+@DistributedTags.NIO:Runnable:@DistributedTags.READ_THREAD_INTERFACE+@DistributedTags.NIO:Runnable:SimulationParametersListener:SocketChannelConnectListener:SocketChannelWriteListener:SocketChannelReadListener:SimulationParametersListener:AnAbstractSimulationParametersBean:@@DistributedTags.CLIENT_REMOTE_INTERFACE+@DistributedTags.RMI+@DistributedTags.CLIENT_REMOTE_INTERFACE+@DistributedTags.RMI:Remote:@@DistributedTags.CLIENT_REMOTE_INTERFACE+@DistributedTags.GIPC+@DistributedTags.CLIENT_REMOTE_INTERFACE+@DistributedTags.GIPC:SimulationParametersListener,an:abstract:simulation:parameters:bean:distributed:tags:server:remote:interface:distributed:tags:rmi:distributed:tags:server:remote:interface:distributed:tags:rmi:remote:distributed:tags:server:remote:interface:distributed:tags:distributed:tags:server:remote:interface:distributed:tags:simulation:parameters:listener:property:change:listener:event:listener:simulation:parameters:listener:distributed:tags:read:thread:interface:distributed:tags:nio:distributed:tags:read:thread:interface:distributed:tags:nio:simulation:parameters:listener:socket:channel:connect:listener:socket:channel:write:listener:socket:channel:read:listener:simulation:parameters:listener:an:abstract:simulation:parameters:bean:distributed:tags:client:remote:interface:distributed:tags:rmi:distributed:tags:client:remote:interface:distributed:tags:rmi:remote:distributed:tags:client:remote:interface:distributed:tags:distributed:tags:client:remote:interface:distributed:tags:simulation:parameters:listener,client.ClientConfigurer,client,@@DistributedTags.CLIENT_CONFIGURER+@DistributedTags.RMI+@DistributedTags.GIPC+@DistributedTags.CLIENT_CONFIGURER+@DistributedTags.RMI+@DistributedTags.GIPC+@DistributedTags.NIO,distributed:tags:client:distributed:tags:rmi:distributed:tags:distributed:tags:client:distributed:tags:rmi:distributed:tags:distributed:tags:nio,setupConnection,setup:connection
client.CoupledClientSimulation,coupled:client:simulation,@@DistributedTags.CLIENT_REMOTE_OBJECT+@DistributedTags.RMI+@DistributedTags.GIPC+@DistributedTags.CLIENT_REMOTE_OBJECT+@DistributedTags.RMI+@DistributedTags.GIPC,distributed:tags:client:remote:object:distributed:tags:rmi:distributed:tags:distributed:tags:client:remote:object:distributed:tags:rmi:distributed:tags,setupConnectionGIPC,setup:connection,AnAbstractSimulationParametersBean:@@DistributedTags.SERVER_REMOTE_INTERFACE+@DistributedTags.RMI+@DistributedTags.SERVER_REMOTE_INTERFACE+@DistributedTags.RMI:Remote:@@DistributedTags.SERVER_REMOTE_INTERFACE+@DistributedTags.GIPC+@DistributedTags.SERVER_REMOTE_INTERFACE+@DistributedTags.GIPC:SimulationParametersListener:PropertyChangeListener:EventListener:SimulationParametersListener:@DistributedTags.READ_THREAD_INTERFACE+@DistributedTags.NIO:Runnable:@DistributedTags.READ_THREAD_INTERFACE+@DistributedTags.NIO:Runnable:SimulationParametersListener:SocketChannelConnectListener:SocketChannelWriteListener:SocketChannelReadListener:SimulationParametersListener:AnAbstractSimulationParametersBean:@@DistributedTags.CLIENT_REMOTE_INTERFACE+@DistributedTags.RMI+@DistributedTags.CLIENT_REMOTE_INTERFACE+@DistributedTags.RMI:Remote:@@DistributedTags.CLIENT_REMOTE_INTERFACE+@DistributedTags.GIPC+@DistributedTags.CLIENT_REMOTE_INTERFACE+@DistributedTags.GIPC:SimulationParametersListener,an:abstract:simulation:parameters:bean:distributed:tags:server:remote:interface:distributed:tags:rmi:distributed:tags:server:remote:interface:distributed:tags:rmi:remote:distributed:tags:server:remote:interface:distributed:tags:distributed:tags:server:remote:interface:distributed:tags:simulation:parameters:listener:property:change:listener:event:listener:simulation:parameters:listener:distributed:tags:read:thread:interface:distributed:tags:nio:distributed:tags:read:thread:interface:distributed:tags:nio:simulation:parameters:listener:socket:channel:connect:listener:socket:channel:write:listener:socket:channel:read:listener:simulation:parameters:listener:an:abstract:simulation:parameters:bean:distributed:tags:client:remote:interface:distributed:tags:rmi:distributed:tags:client:remote:interface:distributed:tags:rmi:remote:distributed:tags:client:remote:interface:distributed:tags:distributed:tags:client:remote:interface:distributed:tags:simulation:parameters:listener,client.ClientConfigurer,client,@@DistributedTags.CLIENT_CONFIGURER+@DistributedTags.RMI+@DistributedTags.GIPC+@DistributedTags.CLIENT_CONFIGURER+@DistributedTags.RMI+@DistributedTags.GIPC+@DistributedTags.NIO,distributed:tags:client:distributed:tags:rmi:distributed:tags:distributed:tags:client:distributed:tags:rmi:distributed:tags:distributed:tags:nio,setupConnectionGIPC,setup:connection
client.CoupledClientSimulation,coupled:client:simulation,@@DistributedTags.CLIENT_REMOTE_OBJECT+@DistributedTags.RMI+@DistributedTags.GIPC+@DistributedTags.CLIENT_REMOTE_OBJECT+@DistributedTags.RMI+@DistributedTags.GIPC,distributed:tags:client:remote:object:distributed:tags:rmi:distributed:tags:distributed:tags:client:remote:object:distributed:tags:rmi:distributed:tags,performLookup,perform,AnAbstractSimulationParametersBean:@@DistributedTags.SERVER_REMOTE_INTERFACE+@DistributedTags.RMI+@DistributedTags.SERVER_REMOTE_INTERFACE+@DistributedTags.RMI:Remote:@@DistributedTags.SERVER_REMOTE_INTERFACE+@DistributedTags.GIPC+@DistributedTags.SERVER_REMOTE_INTERFACE+@DistributedTags.GIPC:SimulationParametersListener:PropertyChangeListener:EventListener:SimulationParametersListener:@DistributedTags.READ_THREAD_INTERFACE+@DistributedTags.NIO:Runnable:@DistributedTags.READ_THREAD_INTERFACE+@DistributedTags.NIO:Runnable:SimulationParametersListener:SocketChannelConnectListener:SocketChannelWriteListener:SocketChannelReadListener:SimulationParametersListener:AnAbstractSimulationParametersBean:@@DistributedTags.CLIENT_REMOTE_INTERFACE+@DistributedTags.RMI+@DistributedTags.CLIENT_REMOTE_INTERFACE+@DistributedTags.RMI:Remote:@@DistributedTags.CLIENT_REMOTE_INTERFACE+@DistributedTags.GIPC+@DistributedTags.CLIENT_REMOTE_INTERFACE+@DistributedTags.GIPC:SimulationParametersListener,an:abstract:simulation:parameters:bean:distributed:tags:server:remote:interface:distributed:tags:rmi:distributed:tags:server:remote:interface:distributed:tags:rmi:remote:distributed:tags:server:remote:interface:distributed:tags:distributed:tags:server:remote:interface:distributed:tags:simulation:parameters:listener:property:change:listener:event:listener:simulation:parameters:listener:distributed:tags:read:thread:interface:distributed:tags:nio:distributed:tags:read:thread:interface:distributed:tags:nio:simulation:parameters:listener:socket:channel:connect:listener:socket:channel:write:listener:socket:channel:read:listener:simulation:parameters:listener:an:abstract:simulation:parameters:bean:distributed:tags:client:remote:interface:distributed:tags:rmi:distributed:tags:client:remote:interface:distributed:tags:rmi:remote:distributed:tags:client:remote:interface:distributed:tags:distributed:tags:client:remote:interface:distributed:tags:simulation:parameters:listener,java.rmi.registry.Registry,registry,java.rmi.registry.Registry,registry,lookup,none
client.CoupledClientSimulation,coupled:client:simulation,@@DistributedTags.CLIENT_REMOTE_OBJECT+@DistributedTags.RMI+@DistributedTags.GIPC+@DistributedTags.CLIENT_REMOTE_OBJECT+@DistributedTags.RMI+@DistributedTags.GIPC,distributed:tags:client:remote:object:distributed:tags:rmi:distributed:tags:distributed:tags:client:remote:object:distributed:tags:rmi:distributed:tags,performLookup,perform,AnAbstractSimulationParametersBean:@@DistributedTags.SERVER_REMOTE_INTERFACE+@DistributedTags.RMI+@DistributedTags.SERVER_REMOTE_INTERFACE+@DistributedTags.RMI:Remote:@@DistributedTags.SERVER_REMOTE_INTERFACE+@DistributedTags.GIPC+@DistributedTags.SERVER_REMOTE_INTERFACE+@DistributedTags.GIPC:SimulationParametersListener:PropertyChangeListener:EventListener:SimulationParametersListener:@DistributedTags.READ_THREAD_INTERFACE+@DistributedTags.NIO:Runnable:@DistributedTags.READ_THREAD_INTERFACE+@DistributedTags.NIO:Runnable:SimulationParametersListener:SocketChannelConnectListener:SocketChannelWriteListener:SocketChannelReadListener:SimulationParametersListener:AnAbstractSimulationParametersBean:@@DistributedTags.CLIENT_REMOTE_INTERFACE+@DistributedTags.RMI+@DistributedTags.CLIENT_REMOTE_INTERFACE+@DistributedTags.RMI:Remote:@@DistributedTags.CLIENT_REMOTE_INTERFACE+@DistributedTags.GIPC+@DistributedTags.CLIENT_REMOTE_INTERFACE+@DistributedTags.GIPC:SimulationParametersListener,an:abstract:simulation:parameters:bean:distributed:tags:server:remote:interface:distributed:tags:rmi:distributed:tags:server:remote:interface:distributed:tags:rmi:remote:distributed:tags:server:remote:interface:distributed:tags:distributed:tags:server:remote:interface:distributed:tags:simulation:parameters:listener:property:change:listener:event:listener:simulation:parameters:listener:distributed:tags:read:thread:interface:distributed:tags:nio:distributed:tags:read:thread:interface:distributed:tags:nio:simulation:parameters:listener:socket:channel:connect:listener:socket:channel:write:listener:socket:channel:read:listener:simulation:parameters:listener:an:abstract:simulation:parameters:bean:distributed:tags:client:remote:interface:distributed:tags:rmi:distributed:tags:client:remote:interface:distributed:tags:rmi:remote:distributed:tags:client:remote:interface:distributed:tags:distributed:tags:client:remote:interface:distributed:tags:simulation:parameters:listener,util.trace.port.rpc.rmi.RMIObjectLookedUp,rmi:object:looked:up,util.trace.port.rpc.rmi.RMIObjectLookedUp,rmi:object:looked:up,newCase,new:case
client.CoupledClientSimulation,coupled:client:simulation,@@DistributedTags.CLIENT_REMOTE_OBJECT+@DistributedTags.RMI+@DistributedTags.GIPC+@DistributedTags.CLIENT_REMOTE_OBJECT+@DistributedTags.RMI+@DistributedTags.GIPC,distributed:tags:client:remote:object:distributed:tags:rmi:distributed:tags:distributed:tags:client:remote:object:distributed:tags:rmi:distributed:tags,performLookup,perform,AnAbstractSimulationParametersBean:@@DistributedTags.SERVER_REMOTE_INTERFACE+@DistributedTags.RMI+@DistributedTags.SERVER_REMOTE_INTERFACE+@DistributedTags.RMI:Remote:@@DistributedTags.SERVER_REMOTE_INTERFACE+@DistributedTags.GIPC+@DistributedTags.SERVER_REMOTE_INTERFACE+@DistributedTags.GIPC:SimulationParametersListener:PropertyChangeListener:EventListener:SimulationParametersListener:@DistributedTags.READ_THREAD_INTERFACE+@DistributedTags.NIO:Runnable:@DistributedTags.READ_THREAD_INTERFACE+@DistributedTags.NIO:Runnable:SimulationParametersListener:SocketChannelConnectListener:SocketChannelWriteListener:SocketChannelReadListener:SimulationParametersListener:AnAbstractSimulationParametersBean:@@DistributedTags.CLIENT_REMOTE_INTERFACE+@DistributedTags.RMI+@DistributedTags.CLIENT_REMOTE_INTERFACE+@DistributedTags.RMI:Remote:@@DistributedTags.CLIENT_REMOTE_INTERFACE+@DistributedTags.GIPC+@DistributedTags.CLIENT_REMOTE_INTERFACE+@DistributedTags.GIPC:SimulationParametersListener,an:abstract:simulation:parameters:bean:distributed:tags:server:remote:interface:distributed:tags:rmi:distributed:tags:server:remote:interface:distributed:tags:rmi:remote:distributed:tags:server:remote:interface:distributed:tags:distributed:tags:server:remote:interface:distributed:tags:simulation:parameters:listener:property:change:listener:event:listener:simulation:parameters:listener:distributed:tags:read:thread:interface:distributed:tags:nio:distributed:tags:read:thread:interface:distributed:tags:nio:simulation:parameters:listener:socket:channel:connect:listener:socket:channel:write:listener:socket:channel:read:listener:simulation:parameters:listener:an:abstract:simulation:parameters:bean:distributed:tags:client:remote:interface:distributed:tags:rmi:distributed:tags:client:remote:interface:distributed:tags:rmi:remote:distributed:tags:client:remote:interface:distributed:tags:distributed:tags:client:remote:interface:distributed:tags:simulation:parameters:listener,client.CoupledClientSimulation,coupled:client:simulation,@@DistributedTags.CLIENT_REMOTE_OBJECT+@DistributedTags.RMI+@DistributedTags.GIPC+@DistributedTags.CLIENT_REMOTE_OBJECT+@DistributedTags.RMI+@DistributedTags.GIPC,distributed:tags:client:remote:object:distributed:tags:rmi:distributed:tags:distributed:tags:client:remote:object:distributed:tags:rmi:distributed:tags,getClientName,get:client:name
client.CoupledClientSimulation,coupled:client:simulation,@@DistributedTags.CLIENT_REMOTE_OBJECT+@DistributedTags.RMI+@DistributedTags.GIPC+@DistributedTags.CLIENT_REMOTE_OBJECT+@DistributedTags.RMI+@DistributedTags.GIPC,distributed:tags:client:remote:object:distributed:tags:rmi:distributed:tags:distributed:tags:client:remote:object:distributed:tags:rmi:distributed:tags,performLookupGIPC,perform,AnAbstractSimulationParametersBean:@@DistributedTags.SERVER_REMOTE_INTERFACE+@DistributedTags.RMI+@DistributedTags.SERVER_REMOTE_INTERFACE+@DistributedTags.RMI:Remote:@@DistributedTags.SERVER_REMOTE_INTERFACE+@DistributedTags.GIPC+@DistributedTags.SERVER_REMOTE_INTERFACE+@DistributedTags.GIPC:SimulationParametersListener:PropertyChangeListener:EventListener:SimulationParametersListener:@DistributedTags.READ_THREAD_INTERFACE+@DistributedTags.NIO:Runnable:@DistributedTags.READ_THREAD_INTERFACE+@DistributedTags.NIO:Runnable:SimulationParametersListener:SocketChannelConnectListener:SocketChannelWriteListener:SocketChannelReadListener:SimulationParametersListener:AnAbstractSimulationParametersBean:@@DistributedTags.CLIENT_REMOTE_INTERFACE+@DistributedTags.RMI+@DistributedTags.CLIENT_REMOTE_INTERFACE+@DistributedTags.RMI:Remote:@@DistributedTags.CLIENT_REMOTE_INTERFACE+@DistributedTags.GIPC+@DistributedTags.CLIENT_REMOTE_INTERFACE+@DistributedTags.GIPC:SimulationParametersListener,an:abstract:simulation:parameters:bean:distributed:tags:server:remote:interface:distributed:tags:rmi:distributed:tags:server:remote:interface:distributed:tags:rmi:remote:distributed:tags:server:remote:interface:distributed:tags:distributed:tags:server:remote:interface:distributed:tags:simulation:parameters:listener:property:change:listener:event:listener:simulation:parameters:listener:distributed:tags:read:thread:interface:distributed:tags:nio:distributed:tags:read:thread:interface:distributed:tags:nio:simulation:parameters:listener:socket:channel:connect:listener:socket:channel:write:listener:socket:channel:read:listener:simulation:parameters:listener:an:abstract:simulation:parameters:bean:distributed:tags:client:remote:interface:distributed:tags:rmi:distributed:tags:client:remote:interface:distributed:tags:rmi:remote:distributed:tags:client:remote:interface:distributed:tags:distributed:tags:client:remote:interface:distributed:tags:simulation:parameters:listener,client.ClientConfigurer,client,@@DistributedTags.CLIENT_CONFIGURER+@DistributedTags.RMI+@DistributedTags.GIPC+@DistributedTags.CLIENT_CONFIGURER+@DistributedTags.RMI+@DistributedTags.GIPC+@DistributedTags.NIO,distributed:tags:client:distributed:tags:rmi:distributed:tags:distributed:tags:client:distributed:tags:rmi:distributed:tags:distributed:tags:nio,performLookupGIPC,perform
client.CoupledClientSimulation,coupled:client:simulation,@@DistributedTags.CLIENT_REMOTE_OBJECT+@DistributedTags.RMI+@DistributedTags.GIPC+@DistributedTags.CLIENT_REMOTE_OBJECT+@DistributedTags.RMI+@DistributedTags.GIPC,distributed:tags:client:remote:object:distributed:tags:rmi:distributed:tags:distributed:tags:client:remote:object:distributed:tags:rmi:distributed:tags,getIpcState,get:state,AnAbstractSimulationParametersBean:@@DistributedTags.SERVER_REMOTE_INTERFACE+@DistributedTags.RMI+@DistributedTags.SERVER_REMOTE_INTERFACE+@DistributedTags.RMI:Remote:@@DistributedTags.SERVER_REMOTE_INTERFACE+@DistributedTags.GIPC+@DistributedTags.SERVER_REMOTE_INTERFACE+@DistributedTags.GIPC:SimulationParametersListener:PropertyChangeListener:EventListener:SimulationParametersListener:@DistributedTags.READ_THREAD_INTERFACE+@DistributedTags.NIO:Runnable:@DistributedTags.READ_THREAD_INTERFACE+@DistributedTags.NIO:Runnable:SimulationParametersListener:SocketChannelConnectListener:SocketChannelWriteListener:SocketChannelReadListener:SimulationParametersListener:AnAbstractSimulationParametersBean:@@DistributedTags.CLIENT_REMOTE_INTERFACE+@DistributedTags.RMI+@DistributedTags.CLIENT_REMOTE_INTERFACE+@DistributedTags.RMI:Remote:@@DistributedTags.CLIENT_REMOTE_INTERFACE+@DistributedTags.GIPC+@DistributedTags.CLIENT_REMOTE_INTERFACE+@DistributedTags.GIPC:SimulationParametersListener,an:abstract:simulation:parameters:bean:distributed:tags:server:remote:interface:distributed:tags:rmi:distributed:tags:server:remote:interface:distributed:tags:rmi:remote:distributed:tags:server:remote:interface:distributed:tags:distributed:tags:server:remote:interface:distributed:tags:simulation:parameters:listener:property:change:listener:event:listener:simulation:parameters:listener:distributed:tags:read:thread:interface:distributed:tags:nio:distributed:tags:read:thread:interface:distributed:tags:nio:simulation:parameters:listener:socket:channel:connect:listener:socket:channel:write:listener:socket:channel:read:listener:simulation:parameters:listener:an:abstract:simulation:parameters:bean:distributed:tags:client:remote:interface:distributed:tags:rmi:distributed:tags:client:remote:interface:distributed:tags:rmi:remote:distributed:tags:client:remote:interface:distributed:tags:distributed:tags:client:remote:interface:distributed:tags:simulation:parameters:listener,assignments.util.inputParameters.AnAbstractSimulationParametersBean,an:abstract:simulation:parameters:bean,assignments.util.inputParameters.AnAbstractSimulationParametersBean,an:abstract:simulation:parameters:bean,getIPCMechanism,get:mechanism
client.CoupledClientSimulation,coupled:client:simulation,@@DistributedTags.CLIENT_REMOTE_OBJECT+@DistributedTags.RMI+@DistributedTags.GIPC+@DistributedTags.CLIENT_REMOTE_OBJECT+@DistributedTags.RMI+@DistributedTags.GIPC,distributed:tags:client:remote:object:distributed:tags:rmi:distributed:tags:distributed:tags:client:remote:object:distributed:tags:rmi:distributed:tags,ipcMechanism,mechanism,AnAbstractSimulationParametersBean:@@DistributedTags.SERVER_REMOTE_INTERFACE+@DistributedTags.RMI+@DistributedTags.SERVER_REMOTE_INTERFACE+@DistributedTags.RMI:Remote:@@DistributedTags.SERVER_REMOTE_INTERFACE+@DistributedTags.GIPC+@DistributedTags.SERVER_REMOTE_INTERFACE+@DistributedTags.GIPC:SimulationParametersListener:PropertyChangeListener:EventListener:SimulationParametersListener:@DistributedTags.READ_THREAD_INTERFACE+@DistributedTags.NIO:Runnable:@DistributedTags.READ_THREAD_INTERFACE+@DistributedTags.NIO:Runnable:SimulationParametersListener:SocketChannelConnectListener:SocketChannelWriteListener:SocketChannelReadListener:SimulationParametersListener:AnAbstractSimulationParametersBean:@@DistributedTags.CLIENT_REMOTE_INTERFACE+@DistributedTags.RMI+@DistributedTags.CLIENT_REMOTE_INTERFACE+@DistributedTags.RMI:Remote:@@DistributedTags.CLIENT_REMOTE_INTERFACE+@DistributedTags.GIPC+@DistributedTags.CLIENT_REMOTE_INTERFACE+@DistributedTags.GIPC:SimulationParametersListener,an:abstract:simulation:parameters:bean:distributed:tags:server:remote:interface:distributed:tags:rmi:distributed:tags:server:remote:interface:distributed:tags:rmi:remote:distributed:tags:server:remote:interface:distributed:tags:distributed:tags:server:remote:interface:distributed:tags:simulation:parameters:listener:property:change:listener:event:listener:simulation:parameters:listener:distributed:tags:read:thread:interface:distributed:tags:nio:distributed:tags:read:thread:interface:distributed:tags:nio:simulation:parameters:listener:socket:channel:connect:listener:socket:channel:write:listener:socket:channel:read:listener:simulation:parameters:listener:an:abstract:simulation:parameters:bean:distributed:tags:client:remote:interface:distributed:tags:rmi:distributed:tags:client:remote:interface:distributed:tags:rmi:remote:distributed:tags:client:remote:interface:distributed:tags:distributed:tags:client:remote:interface:distributed:tags:simulation:parameters:listener,util.trace.port.consensus.ProposedStateSet,proposed:state:set,util.trace.port.consensus.ProposedStateSet,proposed:state:set,newCase,new:case
client.CoupledClientSimulation,coupled:client:simulation,@@DistributedTags.CLIENT_REMOTE_OBJECT+@DistributedTags.RMI+@DistributedTags.GIPC+@DistributedTags.CLIENT_REMOTE_OBJECT+@DistributedTags.RMI+@DistributedTags.GIPC,distributed:tags:client:remote:object:distributed:tags:rmi:distributed:tags:distributed:tags:client:remote:object:distributed:tags:rmi:distributed:tags,ipcMechanism,mechanism,AnAbstractSimulationParametersBean:@@DistributedTags.SERVER_REMOTE_INTERFACE+@DistributedTags.RMI+@DistributedTags.SERVER_REMOTE_INTERFACE+@DistributedTags.RMI:Remote:@@DistributedTags.SERVER_REMOTE_INTERFACE+@DistributedTags.GIPC+@DistributedTags.SERVER_REMOTE_INTERFACE+@DistributedTags.GIPC:SimulationParametersListener:PropertyChangeListener:EventListener:SimulationParametersListener:@DistributedTags.READ_THREAD_INTERFACE+@DistributedTags.NIO:Runnable:@DistributedTags.READ_THREAD_INTERFACE+@DistributedTags.NIO:Runnable:SimulationParametersListener:SocketChannelConnectListener:SocketChannelWriteListener:SocketChannelReadListener:SimulationParametersListener:AnAbstractSimulationParametersBean:@@DistributedTags.CLIENT_REMOTE_INTERFACE+@DistributedTags.RMI+@DistributedTags.CLIENT_REMOTE_INTERFACE+@DistributedTags.RMI:Remote:@@DistributedTags.CLIENT_REMOTE_INTERFACE+@DistributedTags.GIPC+@DistributedTags.CLIENT_REMOTE_INTERFACE+@DistributedTags.GIPC:SimulationParametersListener,an:abstract:simulation:parameters:bean:distributed:tags:server:remote:interface:distributed:tags:rmi:distributed:tags:server:remote:interface:distributed:tags:rmi:remote:distributed:tags:server:remote:interface:distributed:tags:distributed:tags:server:remote:interface:distributed:tags:simulation:parameters:listener:property:change:listener:event:listener:simulation:parameters:listener:distributed:tags:read:thread:interface:distributed:tags:nio:distributed:tags:read:thread:interface:distributed:tags:nio:simulation:parameters:listener:socket:channel:connect:listener:socket:channel:write:listener:socket:channel:read:listener:simulation:parameters:listener:an:abstract:simulation:parameters:bean:distributed:tags:client:remote:interface:distributed:tags:rmi:distributed:tags:client:remote:interface:distributed:tags:rmi:remote:distributed:tags:client:remote:interface:distributed:tags:distributed:tags:client:remote:interface:distributed:tags:simulation:parameters:listener,assignments.util.inputParameters.AnAbstractSimulationParametersBean,an:abstract:simulation:parameters:bean,assignments.util.inputParameters.AnAbstractSimulationParametersBean,an:abstract:simulation:parameters:bean,setIPCMechanism,set:mechanism
client.CoupledClientSimulation,coupled:client:simulation,@@DistributedTags.CLIENT_REMOTE_OBJECT+@DistributedTags.RMI+@DistributedTags.GIPC+@DistributedTags.CLIENT_REMOTE_OBJECT+@DistributedTags.RMI+@DistributedTags.GIPC,distributed:tags:client:remote:object:distributed:tags:rmi:distributed:tags:distributed:tags:client:remote:object:distributed:tags:rmi:distributed:tags,ipcMechanism,mechanism,AnAbstractSimulationParametersBean:@@DistributedTags.SERVER_REMOTE_INTERFACE+@DistributedTags.RMI+@DistributedTags.SERVER_REMOTE_INTERFACE+@DistributedTags.RMI:Remote:@@DistributedTags.SERVER_REMOTE_INTERFACE+@DistributedTags.GIPC+@DistributedTags.SERVER_REMOTE_INTERFACE+@DistributedTags.GIPC:SimulationParametersListener:PropertyChangeListener:EventListener:SimulationParametersListener:@DistributedTags.READ_THREAD_INTERFACE+@DistributedTags.NIO:Runnable:@DistributedTags.READ_THREAD_INTERFACE+@DistributedTags.NIO:Runnable:SimulationParametersListener:SocketChannelConnectListener:SocketChannelWriteListener:SocketChannelReadListener:SimulationParametersListener:AnAbstractSimulationParametersBean:@@DistributedTags.CLIENT_REMOTE_INTERFACE+@DistributedTags.RMI+@DistributedTags.CLIENT_REMOTE_INTERFACE+@DistributedTags.RMI:Remote:@@DistributedTags.CLIENT_REMOTE_INTERFACE+@DistributedTags.GIPC+@DistributedTags.CLIENT_REMOTE_INTERFACE+@DistributedTags.GIPC:SimulationParametersListener,an:abstract:simulation:parameters:bean:distributed:tags:server:remote:interface:distributed:tags:rmi:distributed:tags:server:remote:interface:distributed:tags:rmi:remote:distributed:tags:server:remote:interface:distributed:tags:distributed:tags:server:remote:interface:distributed:tags:simulation:parameters:listener:property:change:listener:event:listener:simulation:parameters:listener:distributed:tags:read:thread:interface:distributed:tags:nio:distributed:tags:read:thread:interface:distributed:tags:nio:simulation:parameters:listener:socket:channel:connect:listener:socket:channel:write:listener:socket:channel:read:listener:simulation:parameters:listener:an:abstract:simulation:parameters:bean:distributed:tags:client:remote:interface:distributed:tags:rmi:distributed:tags:client:remote:interface:distributed:tags:rmi:remote:distributed:tags:client:remote:interface:distributed:tags:distributed:tags:client:remote:interface:distributed:tags:simulation:parameters:listener,util.trace.port.consensus.ProposalMade,proposal:made,util.trace.port.consensus.ProposalMade,proposal:made,newCase,new:case
client.CoupledClientSimulation,coupled:client:simulation,@@DistributedTags.CLIENT_REMOTE_OBJECT+@DistributedTags.RMI+@DistributedTags.GIPC+@DistributedTags.CLIENT_REMOTE_OBJECT+@DistributedTags.RMI+@DistributedTags.GIPC,distributed:tags:client:remote:object:distributed:tags:rmi:distributed:tags:distributed:tags:client:remote:object:distributed:tags:rmi:distributed:tags,ipcMechanism,mechanism,AnAbstractSimulationParametersBean:@@DistributedTags.SERVER_REMOTE_INTERFACE+@DistributedTags.RMI+@DistributedTags.SERVER_REMOTE_INTERFACE+@DistributedTags.RMI:Remote:@@DistributedTags.SERVER_REMOTE_INTERFACE+@DistributedTags.GIPC+@DistributedTags.SERVER_REMOTE_INTERFACE+@DistributedTags.GIPC:SimulationParametersListener:PropertyChangeListener:EventListener:SimulationParametersListener:@DistributedTags.READ_THREAD_INTERFACE+@DistributedTags.NIO:Runnable:@DistributedTags.READ_THREAD_INTERFACE+@DistributedTags.NIO:Runnable:SimulationParametersListener:SocketChannelConnectListener:SocketChannelWriteListener:SocketChannelReadListener:SimulationParametersListener:AnAbstractSimulationParametersBean:@@DistributedTags.CLIENT_REMOTE_INTERFACE+@DistributedTags.RMI+@DistributedTags.CLIENT_REMOTE_INTERFACE+@DistributedTags.RMI:Remote:@@DistributedTags.CLIENT_REMOTE_INTERFACE+@DistributedTags.GIPC+@DistributedTags.CLIENT_REMOTE_INTERFACE+@DistributedTags.GIPC:SimulationParametersListener,an:abstract:simulation:parameters:bean:distributed:tags:server:remote:interface:distributed:tags:rmi:distributed:tags:server:remote:interface:distributed:tags:rmi:remote:distributed:tags:server:remote:interface:distributed:tags:distributed:tags:server:remote:interface:distributed:tags:simulation:parameters:listener:property:change:listener:event:listener:simulation:parameters:listener:distributed:tags:read:thread:interface:distributed:tags:nio:distributed:tags:read:thread:interface:distributed:tags:nio:simulation:parameters:listener:socket:channel:connect:listener:socket:channel:write:listener:socket:channel:read:listener:simulation:parameters:listener:an:abstract:simulation:parameters:bean:distributed:tags:client:remote:interface:distributed:tags:rmi:distributed:tags:client:remote:interface:distributed:tags:rmi:remote:distributed:tags:client:remote:interface:distributed:tags:distributed:tags:client:remote:interface:distributed:tags:simulation:parameters:listener,client.ClientConfigurer,client,@@DistributedTags.CLIENT_CONFIGURER+@DistributedTags.RMI+@DistributedTags.GIPC+@DistributedTags.CLIENT_CONFIGURER+@DistributedTags.RMI+@DistributedTags.GIPC+@DistributedTags.NIO,distributed:tags:client:distributed:tags:rmi:distributed:tags:distributed:tags:client:distributed:tags:rmi:distributed:tags:distributed:tags:nio,setIPCChild,set:child
client.CoupledClientSimulation,coupled:client:simulation,@@DistributedTags.CLIENT_REMOTE_OBJECT+@DistributedTags.RMI+@DistributedTags.GIPC+@DistributedTags.CLIENT_REMOTE_OBJECT+@DistributedTags.RMI+@DistributedTags.GIPC,distributed:tags:client:remote:object:distributed:tags:rmi:distributed:tags:distributed:tags:client:remote:object:distributed:tags:rmi:distributed:tags,notifyIPCUpdate,notify:update,AnAbstractSimulationParametersBean:@@DistributedTags.SERVER_REMOTE_INTERFACE+@DistributedTags.RMI+@DistributedTags.SERVER_REMOTE_INTERFACE+@DistributedTags.RMI:Remote:@@DistributedTags.SERVER_REMOTE_INTERFACE+@DistributedTags.GIPC+@DistributedTags.SERVER_REMOTE_INTERFACE+@DistributedTags.GIPC:SimulationParametersListener:PropertyChangeListener:EventListener:SimulationParametersListener:@DistributedTags.READ_THREAD_INTERFACE+@DistributedTags.NIO:Runnable:@DistributedTags.READ_THREAD_INTERFACE+@DistributedTags.NIO:Runnable:SimulationParametersListener:SocketChannelConnectListener:SocketChannelWriteListener:SocketChannelReadListener:SimulationParametersListener:AnAbstractSimulationParametersBean:@@DistributedTags.CLIENT_REMOTE_INTERFACE+@DistributedTags.RMI+@DistributedTags.CLIENT_REMOTE_INTERFACE+@DistributedTags.RMI:Remote:@@DistributedTags.CLIENT_REMOTE_INTERFACE+@DistributedTags.GIPC+@DistributedTags.CLIENT_REMOTE_INTERFACE+@DistributedTags.GIPC:SimulationParametersListener,an:abstract:simulation:parameters:bean:distributed:tags:server:remote:interface:distributed:tags:rmi:distributed:tags:server:remote:interface:distributed:tags:rmi:remote:distributed:tags:server:remote:interface:distributed:tags:distributed:tags:server:remote:interface:distributed:tags:simulation:parameters:listener:property:change:listener:event:listener:simulation:parameters:listener:distributed:tags:read:thread:interface:distributed:tags:nio:distributed:tags:read:thread:interface:distributed:tags:nio:simulation:parameters:listener:socket:channel:connect:listener:socket:channel:write:listener:socket:channel:read:listener:simulation:parameters:listener:an:abstract:simulation:parameters:bean:distributed:tags:client:remote:interface:distributed:tags:rmi:distributed:tags:client:remote:interface:distributed:tags:rmi:remote:distributed:tags:client:remote:interface:distributed:tags:distributed:tags:client:remote:interface:distributed:tags:simulation:parameters:listener,util.trace.port.consensus.ProposalLearnedNotificationReceived,proposal:learned:notification:received,util.trace.port.consensus.ProposalLearnedNotificationReceived,proposal:learned:notification:received,newCase,new:case
client.CoupledClientSimulation,coupled:client:simulation,@@DistributedTags.CLIENT_REMOTE_OBJECT+@DistributedTags.RMI+@DistributedTags.GIPC+@DistributedTags.CLIENT_REMOTE_OBJECT+@DistributedTags.RMI+@DistributedTags.GIPC,distributed:tags:client:remote:object:distributed:tags:rmi:distributed:tags:distributed:tags:client:remote:object:distributed:tags:rmi:distributed:tags,notifyIPCUpdate,notify:update,AnAbstractSimulationParametersBean:@@DistributedTags.SERVER_REMOTE_INTERFACE+@DistributedTags.RMI+@DistributedTags.SERVER_REMOTE_INTERFACE+@DistributedTags.RMI:Remote:@@DistributedTags.SERVER_REMOTE_INTERFACE+@DistributedTags.GIPC+@DistributedTags.SERVER_REMOTE_INTERFACE+@DistributedTags.GIPC:SimulationParametersListener:PropertyChangeListener:EventListener:SimulationParametersListener:@DistributedTags.READ_THREAD_INTERFACE+@DistributedTags.NIO:Runnable:@DistributedTags.READ_THREAD_INTERFACE+@DistributedTags.NIO:Runnable:SimulationParametersListener:SocketChannelConnectListener:SocketChannelWriteListener:SocketChannelReadListener:SimulationParametersListener:AnAbstractSimulationParametersBean:@@DistributedTags.CLIENT_REMOTE_INTERFACE+@DistributedTags.RMI+@DistributedTags.CLIENT_REMOTE_INTERFACE+@DistributedTags.RMI:Remote:@@DistributedTags.CLIENT_REMOTE_INTERFACE+@DistributedTags.GIPC+@DistributedTags.CLIENT_REMOTE_INTERFACE+@DistributedTags.GIPC:SimulationParametersListener,an:abstract:simulation:parameters:bean:distributed:tags:server:remote:interface:distributed:tags:rmi:distributed:tags:server:remote:interface:distributed:tags:rmi:remote:distributed:tags:server:remote:interface:distributed:tags:distributed:tags:server:remote:interface:distributed:tags:simulation:parameters:listener:property:change:listener:event:listener:simulation:parameters:listener:distributed:tags:read:thread:interface:distributed:tags:nio:distributed:tags:read:thread:interface:distributed:tags:nio:simulation:parameters:listener:socket:channel:connect:listener:socket:channel:write:listener:socket:channel:read:listener:simulation:parameters:listener:an:abstract:simulation:parameters:bean:distributed:tags:client:remote:interface:distributed:tags:rmi:distributed:tags:client:remote:interface:distributed:tags:rmi:remote:distributed:tags:client:remote:interface:distributed:tags:distributed:tags:client:remote:interface:distributed:tags:simulation:parameters:listener,util.trace.port.consensus.ProposedStateSet,proposed:state:set,util.trace.port.consensus.ProposedStateSet,proposed:state:set,newCase,new:case
client.CoupledClientSimulation,coupled:client:simulation,@@DistributedTags.CLIENT_REMOTE_OBJECT+@DistributedTags.RMI+@DistributedTags.GIPC+@DistributedTags.CLIENT_REMOTE_OBJECT+@DistributedTags.RMI+@DistributedTags.GIPC,distributed:tags:client:remote:object:distributed:tags:rmi:distributed:tags:distributed:tags:client:remote:object:distributed:tags:rmi:distributed:tags,notifyIPCUpdate,notify:update,AnAbstractSimulationParametersBean:@@DistributedTags.SERVER_REMOTE_INTERFACE+@DistributedTags.RMI+@DistributedTags.SERVER_REMOTE_INTERFACE+@DistributedTags.RMI:Remote:@@DistributedTags.SERVER_REMOTE_INTERFACE+@DistributedTags.GIPC+@DistributedTags.SERVER_REMOTE_INTERFACE+@DistributedTags.GIPC:SimulationParametersListener:PropertyChangeListener:EventListener:SimulationParametersListener:@DistributedTags.READ_THREAD_INTERFACE+@DistributedTags.NIO:Runnable:@DistributedTags.READ_THREAD_INTERFACE+@DistributedTags.NIO:Runnable:SimulationParametersListener:SocketChannelConnectListener:SocketChannelWriteListener:SocketChannelReadListener:SimulationParametersListener:AnAbstractSimulationParametersBean:@@DistributedTags.CLIENT_REMOTE_INTERFACE+@DistributedTags.RMI+@DistributedTags.CLIENT_REMOTE_INTERFACE+@DistributedTags.RMI:Remote:@@DistributedTags.CLIENT_REMOTE_INTERFACE+@DistributedTags.GIPC+@DistributedTags.CLIENT_REMOTE_INTERFACE+@DistributedTags.GIPC:SimulationParametersListener,an:abstract:simulation:parameters:bean:distributed:tags:server:remote:interface:distributed:tags:rmi:distributed:tags:server:remote:interface:distributed:tags:rmi:remote:distributed:tags:server:remote:interface:distributed:tags:distributed:tags:server:remote:interface:distributed:tags:simulation:parameters:listener:property:change:listener:event:listener:simulation:parameters:listener:distributed:tags:read:thread:interface:distributed:tags:nio:distributed:tags:read:thread:interface:distributed:tags:nio:simulation:parameters:listener:socket:channel:connect:listener:socket:channel:write:listener:socket:channel:read:listener:simulation:parameters:listener:an:abstract:simulation:parameters:bean:distributed:tags:client:remote:interface:distributed:tags:rmi:distributed:tags:client:remote:interface:distributed:tags:rmi:remote:distributed:tags:client:remote:interface:distributed:tags:distributed:tags:client:remote:interface:distributed:tags:simulation:parameters:listener,assignments.util.inputParameters.AnAbstractSimulationParametersBean,an:abstract:simulation:parameters:bean,assignments.util.inputParameters.AnAbstractSimulationParametersBean,an:abstract:simulation:parameters:bean,setIPCMechanism,set:mechanism
client.CoupledClientSimulation,coupled:client:simulation,@@DistributedTags.CLIENT_REMOTE_OBJECT+@DistributedTags.RMI+@DistributedTags.GIPC+@DistributedTags.CLIENT_REMOTE_OBJECT+@DistributedTags.RMI+@DistributedTags.GIPC,distributed:tags:client:remote:object:distributed:tags:rmi:distributed:tags:distributed:tags:client:remote:object:distributed:tags:rmi:distributed:tags,broadcastMetaState,broadcast:state,AnAbstractSimulationParametersBean:@@DistributedTags.SERVER_REMOTE_INTERFACE+@DistributedTags.RMI+@DistributedTags.SERVER_REMOTE_INTERFACE+@DistributedTags.RMI:Remote:@@DistributedTags.SERVER_REMOTE_INTERFACE+@DistributedTags.GIPC+@DistributedTags.SERVER_REMOTE_INTERFACE+@DistributedTags.GIPC:SimulationParametersListener:PropertyChangeListener:EventListener:SimulationParametersListener:@DistributedTags.READ_THREAD_INTERFACE+@DistributedTags.NIO:Runnable:@DistributedTags.READ_THREAD_INTERFACE+@DistributedTags.NIO:Runnable:SimulationParametersListener:SocketChannelConnectListener:SocketChannelWriteListener:SocketChannelReadListener:SimulationParametersListener:AnAbstractSimulationParametersBean:@@DistributedTags.CLIENT_REMOTE_INTERFACE+@DistributedTags.RMI+@DistributedTags.CLIENT_REMOTE_INTERFACE+@DistributedTags.RMI:Remote:@@DistributedTags.CLIENT_REMOTE_INTERFACE+@DistributedTags.GIPC+@DistributedTags.CLIENT_REMOTE_INTERFACE+@DistributedTags.GIPC:SimulationParametersListener,an:abstract:simulation:parameters:bean:distributed:tags:server:remote:interface:distributed:tags:rmi:distributed:tags:server:remote:interface:distributed:tags:rmi:remote:distributed:tags:server:remote:interface:distributed:tags:distributed:tags:server:remote:interface:distributed:tags:simulation:parameters:listener:property:change:listener:event:listener:simulation:parameters:listener:distributed:tags:read:thread:interface:distributed:tags:nio:distributed:tags:read:thread:interface:distributed:tags:nio:simulation:parameters:listener:socket:channel:connect:listener:socket:channel:write:listener:socket:channel:read:listener:simulation:parameters:listener:an:abstract:simulation:parameters:bean:distributed:tags:client:remote:interface:distributed:tags:rmi:distributed:tags:client:remote:interface:distributed:tags:rmi:remote:distributed:tags:client:remote:interface:distributed:tags:distributed:tags:client:remote:interface:distributed:tags:simulation:parameters:listener,client.ClientConfigurer,client,@@DistributedTags.CLIENT_CONFIGURER+@DistributedTags.RMI+@DistributedTags.GIPC+@DistributedTags.CLIENT_CONFIGURER+@DistributedTags.RMI+@DistributedTags.GIPC+@DistributedTags.NIO,distributed:tags:client:distributed:tags:rmi:distributed:tags:distributed:tags:client:distributed:tags:rmi:distributed:tags:distributed:tags:nio,setBroadcastMetaStateChild,set:broadcast:state:child
client.CoupledClientSimulation,coupled:client:simulation,@@DistributedTags.CLIENT_REMOTE_OBJECT+@DistributedTags.RMI+@DistributedTags.GIPC+@DistributedTags.CLIENT_REMOTE_OBJECT+@DistributedTags.RMI+@DistributedTags.GIPC,distributed:tags:client:remote:object:distributed:tags:rmi:distributed:tags:distributed:tags:client:remote:object:distributed:tags:rmi:distributed:tags,startReadingThread,start:reading:thread,AnAbstractSimulationParametersBean:@@DistributedTags.SERVER_REMOTE_INTERFACE+@DistributedTags.RMI+@DistributedTags.SERVER_REMOTE_INTERFACE+@DistributedTags.RMI:Remote:@@DistributedTags.SERVER_REMOTE_INTERFACE+@DistributedTags.GIPC+@DistributedTags.SERVER_REMOTE_INTERFACE+@DistributedTags.GIPC:SimulationParametersListener:PropertyChangeListener:EventListener:SimulationParametersListener:@DistributedTags.READ_THREAD_INTERFACE+@DistributedTags.NIO:Runnable:@DistributedTags.READ_THREAD_INTERFACE+@DistributedTags.NIO:Runnable:SimulationParametersListener:SocketChannelConnectListener:SocketChannelWriteListener:SocketChannelReadListener:SimulationParametersListener:AnAbstractSimulationParametersBean:@@DistributedTags.CLIENT_REMOTE_INTERFACE+@DistributedTags.RMI+@DistributedTags.CLIENT_REMOTE_INTERFACE+@DistributedTags.RMI:Remote:@@DistributedTags.CLIENT_REMOTE_INTERFACE+@DistributedTags.GIPC+@DistributedTags.CLIENT_REMOTE_INTERFACE+@DistributedTags.GIPC:SimulationParametersListener,an:abstract:simulation:parameters:bean:distributed:tags:server:remote:interface:distributed:tags:rmi:distributed:tags:server:remote:interface:distributed:tags:rmi:remote:distributed:tags:server:remote:interface:distributed:tags:distributed:tags:server:remote:interface:distributed:tags:simulation:parameters:listener:property:change:listener:event:listener:simulation:parameters:listener:distributed:tags:read:thread:interface:distributed:tags:nio:distributed:tags:read:thread:interface:distributed:tags:nio:simulation:parameters:listener:socket:channel:connect:listener:socket:channel:write:listener:socket:channel:read:listener:simulation:parameters:listener:an:abstract:simulation:parameters:bean:distributed:tags:client:remote:interface:distributed:tags:rmi:distributed:tags:client:remote:interface:distributed:tags:rmi:remote:distributed:tags:client:remote:interface:distributed:tags:distributed:tags:client:remote:interface:distributed:tags:simulation:parameters:listener,Thread,thread,java.lang.Thread,thread,Thread,thread
client.CoupledClientSimulation,coupled:client:simulation,@@DistributedTags.CLIENT_REMOTE_OBJECT+@DistributedTags.RMI+@DistributedTags.GIPC+@DistributedTags.CLIENT_REMOTE_OBJECT+@DistributedTags.RMI+@DistributedTags.GIPC,distributed:tags:client:remote:object:distributed:tags:rmi:distributed:tags:distributed:tags:client:remote:object:distributed:tags:rmi:distributed:tags,startReadingThread,start:reading:thread,AnAbstractSimulationParametersBean:@@DistributedTags.SERVER_REMOTE_INTERFACE+@DistributedTags.RMI+@DistributedTags.SERVER_REMOTE_INTERFACE+@DistributedTags.RMI:Remote:@@DistributedTags.SERVER_REMOTE_INTERFACE+@DistributedTags.GIPC+@DistributedTags.SERVER_REMOTE_INTERFACE+@DistributedTags.GIPC:SimulationParametersListener:PropertyChangeListener:EventListener:SimulationParametersListener:@DistributedTags.READ_THREAD_INTERFACE+@DistributedTags.NIO:Runnable:@DistributedTags.READ_THREAD_INTERFACE+@DistributedTags.NIO:Runnable:SimulationParametersListener:SocketChannelConnectListener:SocketChannelWriteListener:SocketChannelReadListener:SimulationParametersListener:AnAbstractSimulationParametersBean:@@DistributedTags.CLIENT_REMOTE_INTERFACE+@DistributedTags.RMI+@DistributedTags.CLIENT_REMOTE_INTERFACE+@DistributedTags.RMI:Remote:@@DistributedTags.CLIENT_REMOTE_INTERFACE+@DistributedTags.GIPC+@DistributedTags.CLIENT_REMOTE_INTERFACE+@DistributedTags.GIPC:SimulationParametersListener,an:abstract:simulation:parameters:bean:distributed:tags:server:remote:interface:distributed:tags:rmi:distributed:tags:server:remote:interface:distributed:tags:rmi:remote:distributed:tags:server:remote:interface:distributed:tags:distributed:tags:server:remote:interface:distributed:tags:simulation:parameters:listener:property:change:listener:event:listener:simulation:parameters:listener:distributed:tags:read:thread:interface:distributed:tags:nio:distributed:tags:read:thread:interface:distributed:tags:nio:simulation:parameters:listener:socket:channel:connect:listener:socket:channel:write:listener:socket:channel:read:listener:simulation:parameters:listener:an:abstract:simulation:parameters:bean:distributed:tags:client:remote:interface:distributed:tags:rmi:distributed:tags:client:remote:interface:distributed:tags:rmi:remote:distributed:tags:client:remote:interface:distributed:tags:distributed:tags:client:remote:interface:distributed:tags:simulation:parameters:listener,client.ClientReadingThread,client:reading:thread,@DistributedTags.CLIENT_READ_THREAD+@DistributedTags.NIO,distributed:tags:client:read:thread:distributed:tags:nio,ClientReadingThread,client:reading:thread
client.CoupledClientSimulation,coupled:client:simulation,@@DistributedTags.CLIENT_REMOTE_OBJECT+@DistributedTags.RMI+@DistributedTags.GIPC+@DistributedTags.CLIENT_REMOTE_OBJECT+@DistributedTags.RMI+@DistributedTags.GIPC,distributed:tags:client:remote:object:distributed:tags:rmi:distributed:tags:distributed:tags:client:remote:object:distributed:tags:rmi:distributed:tags,startReadingThread,start:reading:thread,AnAbstractSimulationParametersBean:@@DistributedTags.SERVER_REMOTE_INTERFACE+@DistributedTags.RMI+@DistributedTags.SERVER_REMOTE_INTERFACE+@DistributedTags.RMI:Remote:@@DistributedTags.SERVER_REMOTE_INTERFACE+@DistributedTags.GIPC+@DistributedTags.SERVER_REMOTE_INTERFACE+@DistributedTags.GIPC:SimulationParametersListener:PropertyChangeListener:EventListener:SimulationParametersListener:@DistributedTags.READ_THREAD_INTERFACE+@DistributedTags.NIO:Runnable:@DistributedTags.READ_THREAD_INTERFACE+@DistributedTags.NIO:Runnable:SimulationParametersListener:SocketChannelConnectListener:SocketChannelWriteListener:SocketChannelReadListener:SimulationParametersListener:AnAbstractSimulationParametersBean:@@DistributedTags.CLIENT_REMOTE_INTERFACE+@DistributedTags.RMI+@DistributedTags.CLIENT_REMOTE_INTERFACE+@DistributedTags.RMI:Remote:@@DistributedTags.CLIENT_REMOTE_INTERFACE+@DistributedTags.GIPC+@DistributedTags.CLIENT_REMOTE_INTERFACE+@DistributedTags.GIPC:SimulationParametersListener,an:abstract:simulation:parameters:bean:distributed:tags:server:remote:interface:distributed:tags:rmi:distributed:tags:server:remote:interface:distributed:tags:rmi:remote:distributed:tags:server:remote:interface:distributed:tags:distributed:tags:server:remote:interface:distributed:tags:simulation:parameters:listener:property:change:listener:event:listener:simulation:parameters:listener:distributed:tags:read:thread:interface:distributed:tags:nio:distributed:tags:read:thread:interface:distributed:tags:nio:simulation:parameters:listener:socket:channel:connect:listener:socket:channel:write:listener:socket:channel:read:listener:simulation:parameters:listener:an:abstract:simulation:parameters:bean:distributed:tags:client:remote:interface:distributed:tags:rmi:distributed:tags:client:remote:interface:distributed:tags:rmi:remote:distributed:tags:client:remote:interface:distributed:tags:distributed:tags:client:remote:interface:distributed:tags:simulation:parameters:listener,Thread,thread,java.lang.Thread,thread,setName,set:name
client.CoupledClientSimulation,coupled:client:simulation,@@DistributedTags.CLIENT_REMOTE_OBJECT+@DistributedTags.RMI+@DistributedTags.GIPC+@DistributedTags.CLIENT_REMOTE_OBJECT+@DistributedTags.RMI+@DistributedTags.GIPC,distributed:tags:client:remote:object:distributed:tags:rmi:distributed:tags:distributed:tags:client:remote:object:distributed:tags:rmi:distributed:tags,startReadingThread,start:reading:thread,AnAbstractSimulationParametersBean:@@DistributedTags.SERVER_REMOTE_INTERFACE+@DistributedTags.RMI+@DistributedTags.SERVER_REMOTE_INTERFACE+@DistributedTags.RMI:Remote:@@DistributedTags.SERVER_REMOTE_INTERFACE+@DistributedTags.GIPC+@DistributedTags.SERVER_REMOTE_INTERFACE+@DistributedTags.GIPC:SimulationParametersListener:PropertyChangeListener:EventListener:SimulationParametersListener:@DistributedTags.READ_THREAD_INTERFACE+@DistributedTags.NIO:Runnable:@DistributedTags.READ_THREAD_INTERFACE+@DistributedTags.NIO:Runnable:SimulationParametersListener:SocketChannelConnectListener:SocketChannelWriteListener:SocketChannelReadListener:SimulationParametersListener:AnAbstractSimulationParametersBean:@@DistributedTags.CLIENT_REMOTE_INTERFACE+@DistributedTags.RMI+@DistributedTags.CLIENT_REMOTE_INTERFACE+@DistributedTags.RMI:Remote:@@DistributedTags.CLIENT_REMOTE_INTERFACE+@DistributedTags.GIPC+@DistributedTags.CLIENT_REMOTE_INTERFACE+@DistributedTags.GIPC:SimulationParametersListener,an:abstract:simulation:parameters:bean:distributed:tags:server:remote:interface:distributed:tags:rmi:distributed:tags:server:remote:interface:distributed:tags:rmi:remote:distributed:tags:server:remote:interface:distributed:tags:distributed:tags:server:remote:interface:distributed:tags:simulation:parameters:listener:property:change:listener:event:listener:simulation:parameters:listener:distributed:tags:read:thread:interface:distributed:tags:nio:distributed:tags:read:thread:interface:distributed:tags:nio:simulation:parameters:listener:socket:channel:connect:listener:socket:channel:write:listener:socket:channel:read:listener:simulation:parameters:listener:an:abstract:simulation:parameters:bean:distributed:tags:client:remote:interface:distributed:tags:rmi:distributed:tags:client:remote:interface:distributed:tags:rmi:remote:distributed:tags:client:remote:interface:distributed:tags:distributed:tags:client:remote:interface:distributed:tags:simulation:parameters:listener,Thread,thread,java.lang.Thread,thread,start,start
registry.Main,main,@@DistributedTags.REGISTRY+@DistributedTags.RMI+@DistributedTags.REGISTRY+@DistributedTags.RMI,distributed:tags:registry:distributed:tags:rmi:distributed:tags:registry:distributed:tags:rmi,main,main,AnAbstractSimulationParametersBean:@@DistributedTags.SERVER_REMOTE_INTERFACE+@DistributedTags.RMI+@DistributedTags.SERVER_REMOTE_INTERFACE+@DistributedTags.RMI:Remote:@@DistributedTags.SERVER_REMOTE_INTERFACE+@DistributedTags.GIPC+@DistributedTags.SERVER_REMOTE_INTERFACE+@DistributedTags.GIPC:SimulationParametersListener:PropertyChangeListener:EventListener:SimulationParametersListener:@DistributedTags.READ_THREAD_INTERFACE+@DistributedTags.NIO:Runnable:@DistributedTags.READ_THREAD_INTERFACE+@DistributedTags.NIO:Runnable:SimulationParametersListener:SocketChannelConnectListener:SocketChannelWriteListener:SocketChannelReadListener:SimulationParametersListener:AnAbstractSimulationParametersBean:@@DistributedTags.CLIENT_REMOTE_INTERFACE+@DistributedTags.RMI+@DistributedTags.CLIENT_REMOTE_INTERFACE+@DistributedTags.RMI:Remote:@@DistributedTags.CLIENT_REMOTE_INTERFACE+@DistributedTags.GIPC+@DistributedTags.CLIENT_REMOTE_INTERFACE+@DistributedTags.GIPC:SimulationParametersListener,an:abstract:simulation:parameters:bean:distributed:tags:server:remote:interface:distributed:tags:rmi:distributed:tags:server:remote:interface:distributed:tags:rmi:remote:distributed:tags:server:remote:interface:distributed:tags:distributed:tags:server:remote:interface:distributed:tags:simulation:parameters:listener:property:change:listener:event:listener:simulation:parameters:listener:distributed:tags:read:thread:interface:distributed:tags:nio:distributed:tags:read:thread:interface:distributed:tags:nio:simulation:parameters:listener:socket:channel:connect:listener:socket:channel:write:listener:socket:channel:read:listener:simulation:parameters:listener:an:abstract:simulation:parameters:bean:distributed:tags:client:remote:interface:distributed:tags:rmi:distributed:tags:client:remote:interface:distributed:tags:rmi:remote:distributed:tags:client:remote:interface:distributed:tags:distributed:tags:client:remote:interface:distributed:tags:simulation:parameters:listener,assignments.util.mainArgs.RegistryArgsProcessor,registry:args:processor,assignments.util.mainArgs.RegistryArgsProcessor,registry:args:processor,getRegistryPort,get:registry:port
registry.Main,main,@@DistributedTags.REGISTRY+@DistributedTags.RMI+@DistributedTags.REGISTRY+@DistributedTags.RMI,distributed:tags:registry:distributed:tags:rmi:distributed:tags:registry:distributed:tags:rmi,main,main,AnAbstractSimulationParametersBean:@@DistributedTags.SERVER_REMOTE_INTERFACE+@DistributedTags.RMI+@DistributedTags.SERVER_REMOTE_INTERFACE+@DistributedTags.RMI:Remote:@@DistributedTags.SERVER_REMOTE_INTERFACE+@DistributedTags.GIPC+@DistributedTags.SERVER_REMOTE_INTERFACE+@DistributedTags.GIPC:SimulationParametersListener:PropertyChangeListener:EventListener:SimulationParametersListener:@DistributedTags.READ_THREAD_INTERFACE+@DistributedTags.NIO:Runnable:@DistributedTags.READ_THREAD_INTERFACE+@DistributedTags.NIO:Runnable:SimulationParametersListener:SocketChannelConnectListener:SocketChannelWriteListener:SocketChannelReadListener:SimulationParametersListener:AnAbstractSimulationParametersBean:@@DistributedTags.CLIENT_REMOTE_INTERFACE+@DistributedTags.RMI+@DistributedTags.CLIENT_REMOTE_INTERFACE+@DistributedTags.RMI:Remote:@@DistributedTags.CLIENT_REMOTE_INTERFACE+@DistributedTags.GIPC+@DistributedTags.CLIENT_REMOTE_INTERFACE+@DistributedTags.GIPC:SimulationParametersListener,an:abstract:simulation:parameters:bean:distributed:tags:server:remote:interface:distributed:tags:rmi:distributed:tags:server:remote:interface:distributed:tags:rmi:remote:distributed:tags:server:remote:interface:distributed:tags:distributed:tags:server:remote:interface:distributed:tags:simulation:parameters:listener:property:change:listener:event:listener:simulation:parameters:listener:distributed:tags:read:thread:interface:distributed:tags:nio:distributed:tags:read:thread:interface:distributed:tags:nio:simulation:parameters:listener:socket:channel:connect:listener:socket:channel:write:listener:socket:channel:read:listener:simulation:parameters:listener:an:abstract:simulation:parameters:bean:distributed:tags:client:remote:interface:distributed:tags:rmi:distributed:tags:client:remote:interface:distributed:tags:rmi:remote:distributed:tags:client:remote:interface:distributed:tags:distributed:tags:client:remote:interface:distributed:tags:simulation:parameters:listener,java.util.Scanner,scanner,java.util.Scanner,scanner,Scanner,scanner
registry.Main,main,@@DistributedTags.REGISTRY+@DistributedTags.RMI+@DistributedTags.REGISTRY+@DistributedTags.RMI,distributed:tags:registry:distributed:tags:rmi:distributed:tags:registry:distributed:tags:rmi,main,main,AnAbstractSimulationParametersBean:@@DistributedTags.SERVER_REMOTE_INTERFACE+@DistributedTags.RMI+@DistributedTags.SERVER_REMOTE_INTERFACE+@DistributedTags.RMI:Remote:@@DistributedTags.SERVER_REMOTE_INTERFACE+@DistributedTags.GIPC+@DistributedTags.SERVER_REMOTE_INTERFACE+@DistributedTags.GIPC:SimulationParametersListener:PropertyChangeListener:EventListener:SimulationParametersListener:@DistributedTags.READ_THREAD_INTERFACE+@DistributedTags.NIO:Runnable:@DistributedTags.READ_THREAD_INTERFACE+@DistributedTags.NIO:Runnable:SimulationParametersListener:SocketChannelConnectListener:SocketChannelWriteListener:SocketChannelReadListener:SimulationParametersListener:AnAbstractSimulationParametersBean:@@DistributedTags.CLIENT_REMOTE_INTERFACE+@DistributedTags.RMI+@DistributedTags.CLIENT_REMOTE_INTERFACE+@DistributedTags.RMI:Remote:@@DistributedTags.CLIENT_REMOTE_INTERFACE+@DistributedTags.GIPC+@DistributedTags.CLIENT_REMOTE_INTERFACE+@DistributedTags.GIPC:SimulationParametersListener,an:abstract:simulation:parameters:bean:distributed:tags:server:remote:interface:distributed:tags:rmi:distributed:tags:server:remote:interface:distributed:tags:rmi:remote:distributed:tags:server:remote:interface:distributed:tags:distributed:tags:server:remote:interface:distributed:tags:simulation:parameters:listener:property:change:listener:event:listener:simulation:parameters:listener:distributed:tags:read:thread:interface:distributed:tags:nio:distributed:tags:read:thread:interface:distributed:tags:nio:simulation:parameters:listener:socket:channel:connect:listener:socket:channel:write:listener:socket:channel:read:listener:simulation:parameters:listener:an:abstract:simulation:parameters:bean:distributed:tags:client:remote:interface:distributed:tags:rmi:distributed:tags:client:remote:interface:distributed:tags:rmi:remote:distributed:tags:client:remote:interface:distributed:tags:distributed:tags:client:remote:interface:distributed:tags:simulation:parameters:listener,java.util.Scanner,scanner,java.util.Scanner,scanner,nextLine,next:line
registry.Main,main,@@DistributedTags.REGISTRY+@DistributedTags.RMI+@DistributedTags.REGISTRY+@DistributedTags.RMI,distributed:tags:registry:distributed:tags:rmi:distributed:tags:registry:distributed:tags:rmi,main,main,AnAbstractSimulationParametersBean:@@DistributedTags.SERVER_REMOTE_INTERFACE+@DistributedTags.RMI+@DistributedTags.SERVER_REMOTE_INTERFACE+@DistributedTags.RMI:Remote:@@DistributedTags.SERVER_REMOTE_INTERFACE+@DistributedTags.GIPC+@DistributedTags.SERVER_REMOTE_INTERFACE+@DistributedTags.GIPC:SimulationParametersListener:PropertyChangeListener:EventListener:SimulationParametersListener:@DistributedTags.READ_THREAD_INTERFACE+@DistributedTags.NIO:Runnable:@DistributedTags.READ_THREAD_INTERFACE+@DistributedTags.NIO:Runnable:SimulationParametersListener:SocketChannelConnectListener:SocketChannelWriteListener:SocketChannelReadListener:SimulationParametersListener:AnAbstractSimulationParametersBean:@@DistributedTags.CLIENT_REMOTE_INTERFACE+@DistributedTags.RMI+@DistributedTags.CLIENT_REMOTE_INTERFACE+@DistributedTags.RMI:Remote:@@DistributedTags.CLIENT_REMOTE_INTERFACE+@DistributedTags.GIPC+@DistributedTags.CLIENT_REMOTE_INTERFACE+@DistributedTags.GIPC:SimulationParametersListener,an:abstract:simulation:parameters:bean:distributed:tags:server:remote:interface:distributed:tags:rmi:distributed:tags:server:remote:interface:distributed:tags:rmi:remote:distributed:tags:server:remote:interface:distributed:tags:distributed:tags:server:remote:interface:distributed:tags:simulation:parameters:listener:property:change:listener:event:listener:simulation:parameters:listener:distributed:tags:read:thread:interface:distributed:tags:nio:distributed:tags:read:thread:interface:distributed:tags:nio:simulation:parameters:listener:socket:channel:connect:listener:socket:channel:write:listener:socket:channel:read:listener:simulation:parameters:listener:an:abstract:simulation:parameters:bean:distributed:tags:client:remote:interface:distributed:tags:rmi:distributed:tags:client:remote:interface:distributed:tags:rmi:remote:distributed:tags:client:remote:interface:distributed:tags:distributed:tags:client:remote:interface:distributed:tags:simulation:parameters:listener,java.rmi.RemoteException,remote:exception,java.rmi.RemoteException,remote:exception,printStackTrace,print:stack:trace
broadcast.ServerConfigurer,server,@@DistributedTags.SERVER_CONFIGURER+@DistributedTags.RMI+@DistributedTags.GIPC+@DistributedTags.SERVER_CONFIGURER+@DistributedTags.RMI+@DistributedTags.GIPC+@DistributedTags.NIO,distributed:tags:server:distributed:tags:rmi:distributed:tags:distributed:tags:server:distributed:tags:rmi:distributed:tags:distributed:tags:nio,setTracing,set:tracing,AnAbstractSimulationParametersBean:@@DistributedTags.SERVER_REMOTE_INTERFACE+@DistributedTags.RMI+@DistributedTags.SERVER_REMOTE_INTERFACE+@DistributedTags.RMI:Remote:@@DistributedTags.SERVER_REMOTE_INTERFACE+@DistributedTags.GIPC+@DistributedTags.SERVER_REMOTE_INTERFACE+@DistributedTags.GIPC:SimulationParametersListener:PropertyChangeListener:EventListener:SimulationParametersListener:@DistributedTags.READ_THREAD_INTERFACE+@DistributedTags.NIO:Runnable:@DistributedTags.READ_THREAD_INTERFACE+@DistributedTags.NIO:Runnable:SimulationParametersListener:SocketChannelConnectListener:SocketChannelWriteListener:SocketChannelReadListener:SimulationParametersListener:AnAbstractSimulationParametersBean:@@DistributedTags.CLIENT_REMOTE_INTERFACE+@DistributedTags.RMI+@DistributedTags.CLIENT_REMOTE_INTERFACE+@DistributedTags.RMI:Remote:@@DistributedTags.CLIENT_REMOTE_INTERFACE+@DistributedTags.GIPC+@DistributedTags.CLIENT_REMOTE_INTERFACE+@DistributedTags.GIPC:SimulationParametersListener:SimulationParametersListener:SocketChannelAcceptListener:SocketChannelReadListener:SocketChannelWriteListener,an:abstract:simulation:parameters:bean:distributed:tags:server:remote:interface:distributed:tags:rmi:distributed:tags:server:remote:interface:distributed:tags:rmi:remote:distributed:tags:server:remote:interface:distributed:tags:distributed:tags:server:remote:interface:distributed:tags:simulation:parameters:listener:property:change:listener:event:listener:simulation:parameters:listener:distributed:tags:read:thread:interface:distributed:tags:nio:distributed:tags:read:thread:interface:distributed:tags:nio:simulation:parameters:listener:socket:channel:connect:listener:socket:channel:write:listener:socket:channel:read:listener:simulation:parameters:listener:an:abstract:simulation:parameters:bean:distributed:tags:client:remote:interface:distributed:tags:rmi:distributed:tags:client:remote:interface:distributed:tags:rmi:remote:distributed:tags:client:remote:interface:distributed:tags:distributed:tags:client:remote:interface:distributed:tags:simulation:parameters:listener:simulation:parameters:listener:socket:channel:accept:listener:socket:channel:read:listener:socket:channel:write:listener,util.trace.port.PortTraceUtility,port:trace:utility,util.trace.port.PortTraceUtility,port:trace:utility,setTracing,set:tracing
broadcast.ServerConfigurer,server,@@DistributedTags.SERVER_CONFIGURER+@DistributedTags.RMI+@DistributedTags.GIPC+@DistributedTags.SERVER_CONFIGURER+@DistributedTags.RMI+@DistributedTags.GIPC+@DistributedTags.NIO,distributed:tags:server:distributed:tags:rmi:distributed:tags:distributed:tags:server:distributed:tags:rmi:distributed:tags:distributed:tags:nio,setTracing,set:tracing,AnAbstractSimulationParametersBean:@@DistributedTags.SERVER_REMOTE_INTERFACE+@DistributedTags.RMI+@DistributedTags.SERVER_REMOTE_INTERFACE+@DistributedTags.RMI:Remote:@@DistributedTags.SERVER_REMOTE_INTERFACE+@DistributedTags.GIPC+@DistributedTags.SERVER_REMOTE_INTERFACE+@DistributedTags.GIPC:SimulationParametersListener:PropertyChangeListener:EventListener:SimulationParametersListener:@DistributedTags.READ_THREAD_INTERFACE+@DistributedTags.NIO:Runnable:@DistributedTags.READ_THREAD_INTERFACE+@DistributedTags.NIO:Runnable:SimulationParametersListener:SocketChannelConnectListener:SocketChannelWriteListener:SocketChannelReadListener:SimulationParametersListener:AnAbstractSimulationParametersBean:@@DistributedTags.CLIENT_REMOTE_INTERFACE+@DistributedTags.RMI+@DistributedTags.CLIENT_REMOTE_INTERFACE+@DistributedTags.RMI:Remote:@@DistributedTags.CLIENT_REMOTE_INTERFACE+@DistributedTags.GIPC+@DistributedTags.CLIENT_REMOTE_INTERFACE+@DistributedTags.GIPC:SimulationParametersListener:SimulationParametersListener:SocketChannelAcceptListener:SocketChannelReadListener:SocketChannelWriteListener,an:abstract:simulation:parameters:bean:distributed:tags:server:remote:interface:distributed:tags:rmi:distributed:tags:server:remote:interface:distributed:tags:rmi:remote:distributed:tags:server:remote:interface:distributed:tags:distributed:tags:server:remote:interface:distributed:tags:simulation:parameters:listener:property:change:listener:event:listener:simulation:parameters:listener:distributed:tags:read:thread:interface:distributed:tags:nio:distributed:tags:read:thread:interface:distributed:tags:nio:simulation:parameters:listener:socket:channel:connect:listener:socket:channel:write:listener:socket:channel:read:listener:simulation:parameters:listener:an:abstract:simulation:parameters:bean:distributed:tags:client:remote:interface:distributed:tags:rmi:distributed:tags:client:remote:interface:distributed:tags:rmi:remote:distributed:tags:client:remote:interface:distributed:tags:distributed:tags:client:remote:interface:distributed:tags:simulation:parameters:listener:simulation:parameters:listener:socket:channel:accept:listener:socket:channel:read:listener:socket:channel:write:listener,util.trace.port.rpc.rmi.RMITraceUtility,rmi:trace:utility,util.trace.port.rpc.rmi.RMITraceUtility,rmi:trace:utility,setTracing,set:tracing
broadcast.ServerConfigurer,server,@@DistributedTags.SERVER_CONFIGURER+@DistributedTags.RMI+@DistributedTags.GIPC+@DistributedTags.SERVER_CONFIGURER+@DistributedTags.RMI+@DistributedTags.GIPC+@DistributedTags.NIO,distributed:tags:server:distributed:tags:rmi:distributed:tags:distributed:tags:server:distributed:tags:rmi:distributed:tags:distributed:tags:nio,setTracing,set:tracing,AnAbstractSimulationParametersBean:@@DistributedTags.SERVER_REMOTE_INTERFACE+@DistributedTags.RMI+@DistributedTags.SERVER_REMOTE_INTERFACE+@DistributedTags.RMI:Remote:@@DistributedTags.SERVER_REMOTE_INTERFACE+@DistributedTags.GIPC+@DistributedTags.SERVER_REMOTE_INTERFACE+@DistributedTags.GIPC:SimulationParametersListener:PropertyChangeListener:EventListener:SimulationParametersListener:@DistributedTags.READ_THREAD_INTERFACE+@DistributedTags.NIO:Runnable:@DistributedTags.READ_THREAD_INTERFACE+@DistributedTags.NIO:Runnable:SimulationParametersListener:SocketChannelConnectListener:SocketChannelWriteListener:SocketChannelReadListener:SimulationParametersListener:AnAbstractSimulationParametersBean:@@DistributedTags.CLIENT_REMOTE_INTERFACE+@DistributedTags.RMI+@DistributedTags.CLIENT_REMOTE_INTERFACE+@DistributedTags.RMI:Remote:@@DistributedTags.CLIENT_REMOTE_INTERFACE+@DistributedTags.GIPC+@DistributedTags.CLIENT_REMOTE_INTERFACE+@DistributedTags.GIPC:SimulationParametersListener:SimulationParametersListener:SocketChannelAcceptListener:SocketChannelReadListener:SocketChannelWriteListener,an:abstract:simulation:parameters:bean:distributed:tags:server:remote:interface:distributed:tags:rmi:distributed:tags:server:remote:interface:distributed:tags:rmi:remote:distributed:tags:server:remote:interface:distributed:tags:distributed:tags:server:remote:interface:distributed:tags:simulation:parameters:listener:property:change:listener:event:listener:simulation:parameters:listener:distributed:tags:read:thread:interface:distributed:tags:nio:distributed:tags:read:thread:interface:distributed:tags:nio:simulation:parameters:listener:socket:channel:connect:listener:socket:channel:write:listener:socket:channel:read:listener:simulation:parameters:listener:an:abstract:simulation:parameters:bean:distributed:tags:client:remote:interface:distributed:tags:rmi:distributed:tags:client:remote:interface:distributed:tags:rmi:remote:distributed:tags:client:remote:interface:distributed:tags:distributed:tags:client:remote:interface:distributed:tags:simulation:parameters:listener:simulation:parameters:listener:socket:channel:accept:listener:socket:channel:read:listener:socket:channel:write:listener,util.trace.port.nio.NIOTraceUtility,nio:trace:utility,util.trace.port.nio.NIOTraceUtility,nio:trace:utility,setTracing,set:tracing
broadcast.ServerConfigurer,server,@@DistributedTags.SERVER_CONFIGURER+@DistributedTags.RMI+@DistributedTags.GIPC+@DistributedTags.SERVER_CONFIGURER+@DistributedTags.RMI+@DistributedTags.GIPC+@DistributedTags.NIO,distributed:tags:server:distributed:tags:rmi:distributed:tags:distributed:tags:server:distributed:tags:rmi:distributed:tags:distributed:tags:nio,setTracing,set:tracing,AnAbstractSimulationParametersBean:@@DistributedTags.SERVER_REMOTE_INTERFACE+@DistributedTags.RMI+@DistributedTags.SERVER_REMOTE_INTERFACE+@DistributedTags.RMI:Remote:@@DistributedTags.SERVER_REMOTE_INTERFACE+@DistributedTags.GIPC+@DistributedTags.SERVER_REMOTE_INTERFACE+@DistributedTags.GIPC:SimulationParametersListener:PropertyChangeListener:EventListener:SimulationParametersListener:@DistributedTags.READ_THREAD_INTERFACE+@DistributedTags.NIO:Runnable:@DistributedTags.READ_THREAD_INTERFACE+@DistributedTags.NIO:Runnable:SimulationParametersListener:SocketChannelConnectListener:SocketChannelWriteListener:SocketChannelReadListener:SimulationParametersListener:AnAbstractSimulationParametersBean:@@DistributedTags.CLIENT_REMOTE_INTERFACE+@DistributedTags.RMI+@DistributedTags.CLIENT_REMOTE_INTERFACE+@DistributedTags.RMI:Remote:@@DistributedTags.CLIENT_REMOTE_INTERFACE+@DistributedTags.GIPC+@DistributedTags.CLIENT_REMOTE_INTERFACE+@DistributedTags.GIPC:SimulationParametersListener:SimulationParametersListener:SocketChannelAcceptListener:SocketChannelReadListener:SocketChannelWriteListener,an:abstract:simulation:parameters:bean:distributed:tags:server:remote:interface:distributed:tags:rmi:distributed:tags:server:remote:interface:distributed:tags:rmi:remote:distributed:tags:server:remote:interface:distributed:tags:distributed:tags:server:remote:interface:distributed:tags:simulation:parameters:listener:property:change:listener:event:listener:simulation:parameters:listener:distributed:tags:read:thread:interface:distributed:tags:nio:distributed:tags:read:thread:interface:distributed:tags:nio:simulation:parameters:listener:socket:channel:connect:listener:socket:channel:write:listener:socket:channel:read:listener:simulation:parameters:listener:an:abstract:simulation:parameters:bean:distributed:tags:client:remote:interface:distributed:tags:rmi:distributed:tags:client:remote:interface:distributed:tags:rmi:remote:distributed:tags:client:remote:interface:distributed:tags:distributed:tags:client:remote:interface:distributed:tags:simulation:parameters:listener:simulation:parameters:listener:socket:channel:accept:listener:socket:channel:read:listener:socket:channel:write:listener,util.trace.factories.FactoryTraceUtility,factory:trace:utility,util.trace.factories.FactoryTraceUtility,factory:trace:utility,setTracing,set:tracing
broadcast.ServerConfigurer,server,@@DistributedTags.SERVER_CONFIGURER+@DistributedTags.RMI+@DistributedTags.GIPC+@DistributedTags.SERVER_CONFIGURER+@DistributedTags.RMI+@DistributedTags.GIPC+@DistributedTags.NIO,distributed:tags:server:distributed:tags:rmi:distributed:tags:distributed:tags:server:distributed:tags:rmi:distributed:tags:distributed:tags:nio,setTracing,set:tracing,AnAbstractSimulationParametersBean:@@DistributedTags.SERVER_REMOTE_INTERFACE+@DistributedTags.RMI+@DistributedTags.SERVER_REMOTE_INTERFACE+@DistributedTags.RMI:Remote:@@DistributedTags.SERVER_REMOTE_INTERFACE+@DistributedTags.GIPC+@DistributedTags.SERVER_REMOTE_INTERFACE+@DistributedTags.GIPC:SimulationParametersListener:PropertyChangeListener:EventListener:SimulationParametersListener:@DistributedTags.READ_THREAD_INTERFACE+@DistributedTags.NIO:Runnable:@DistributedTags.READ_THREAD_INTERFACE+@DistributedTags.NIO:Runnable:SimulationParametersListener:SocketChannelConnectListener:SocketChannelWriteListener:SocketChannelReadListener:SimulationParametersListener:AnAbstractSimulationParametersBean:@@DistributedTags.CLIENT_REMOTE_INTERFACE+@DistributedTags.RMI+@DistributedTags.CLIENT_REMOTE_INTERFACE+@DistributedTags.RMI:Remote:@@DistributedTags.CLIENT_REMOTE_INTERFACE+@DistributedTags.GIPC+@DistributedTags.CLIENT_REMOTE_INTERFACE+@DistributedTags.GIPC:SimulationParametersListener:SimulationParametersListener:SocketChannelAcceptListener:SocketChannelReadListener:SocketChannelWriteListener,an:abstract:simulation:parameters:bean:distributed:tags:server:remote:interface:distributed:tags:rmi:distributed:tags:server:remote:interface:distributed:tags:rmi:remote:distributed:tags:server:remote:interface:distributed:tags:distributed:tags:server:remote:interface:distributed:tags:simulation:parameters:listener:property:change:listener:event:listener:simulation:parameters:listener:distributed:tags:read:thread:interface:distributed:tags:nio:distributed:tags:read:thread:interface:distributed:tags:nio:simulation:parameters:listener:socket:channel:connect:listener:socket:channel:write:listener:socket:channel:read:listener:simulation:parameters:listener:an:abstract:simulation:parameters:bean:distributed:tags:client:remote:interface:distributed:tags:rmi:distributed:tags:client:remote:interface:distributed:tags:rmi:remote:distributed:tags:client:remote:interface:distributed:tags:distributed:tags:client:remote:interface:distributed:tags:simulation:parameters:listener:simulation:parameters:listener:socket:channel:accept:listener:socket:channel:read:listener:socket:channel:write:listener,util.trace.port.consensus.ConsensusTraceUtility,consensus:trace:utility,util.trace.port.consensus.ConsensusTraceUtility,consensus:trace:utility,setTracing,set:tracing
broadcast.ServerConfigurer,server,@@DistributedTags.SERVER_CONFIGURER+@DistributedTags.RMI+@DistributedTags.GIPC+@DistributedTags.SERVER_CONFIGURER+@DistributedTags.RMI+@DistributedTags.GIPC+@DistributedTags.NIO,distributed:tags:server:distributed:tags:rmi:distributed:tags:distributed:tags:server:distributed:tags:rmi:distributed:tags:distributed:tags:nio,setTracing,set:tracing,AnAbstractSimulationParametersBean:@@DistributedTags.SERVER_REMOTE_INTERFACE+@DistributedTags.RMI+@DistributedTags.SERVER_REMOTE_INTERFACE+@DistributedTags.RMI:Remote:@@DistributedTags.SERVER_REMOTE_INTERFACE+@DistributedTags.GIPC+@DistributedTags.SERVER_REMOTE_INTERFACE+@DistributedTags.GIPC:SimulationParametersListener:PropertyChangeListener:EventListener:SimulationParametersListener:@DistributedTags.READ_THREAD_INTERFACE+@DistributedTags.NIO:Runnable:@DistributedTags.READ_THREAD_INTERFACE+@DistributedTags.NIO:Runnable:SimulationParametersListener:SocketChannelConnectListener:SocketChannelWriteListener:SocketChannelReadListener:SimulationParametersListener:AnAbstractSimulationParametersBean:@@DistributedTags.CLIENT_REMOTE_INTERFACE+@DistributedTags.RMI+@DistributedTags.CLIENT_REMOTE_INTERFACE+@DistributedTags.RMI:Remote:@@DistributedTags.CLIENT_REMOTE_INTERFACE+@DistributedTags.GIPC+@DistributedTags.CLIENT_REMOTE_INTERFACE+@DistributedTags.GIPC:SimulationParametersListener:SimulationParametersListener:SocketChannelAcceptListener:SocketChannelReadListener:SocketChannelWriteListener,an:abstract:simulation:parameters:bean:distributed:tags:server:remote:interface:distributed:tags:rmi:distributed:tags:server:remote:interface:distributed:tags:rmi:remote:distributed:tags:server:remote:interface:distributed:tags:distributed:tags:server:remote:interface:distributed:tags:simulation:parameters:listener:property:change:listener:event:listener:simulation:parameters:listener:distributed:tags:read:thread:interface:distributed:tags:nio:distributed:tags:read:thread:interface:distributed:tags:nio:simulation:parameters:listener:socket:channel:connect:listener:socket:channel:write:listener:socket:channel:read:listener:simulation:parameters:listener:an:abstract:simulation:parameters:bean:distributed:tags:client:remote:interface:distributed:tags:rmi:distributed:tags:client:remote:interface:distributed:tags:rmi:remote:distributed:tags:client:remote:interface:distributed:tags:distributed:tags:client:remote:interface:distributed:tags:simulation:parameters:listener:simulation:parameters:listener:socket:channel:accept:listener:socket:channel:read:listener:socket:channel:write:listener,util.trace.misc.ThreadDelayed,thread:delayed,util.trace.misc.ThreadDelayed,thread:delayed,enablePrint,enable:print
broadcast.ServerConfigurer,server,@@DistributedTags.SERVER_CONFIGURER+@DistributedTags.RMI+@DistributedTags.GIPC+@DistributedTags.SERVER_CONFIGURER+@DistributedTags.RMI+@DistributedTags.GIPC+@DistributedTags.NIO,distributed:tags:server:distributed:tags:rmi:distributed:tags:distributed:tags:server:distributed:tags:rmi:distributed:tags:distributed:tags:nio,setTracing,set:tracing,AnAbstractSimulationParametersBean:@@DistributedTags.SERVER_REMOTE_INTERFACE+@DistributedTags.RMI+@DistributedTags.SERVER_REMOTE_INTERFACE+@DistributedTags.RMI:Remote:@@DistributedTags.SERVER_REMOTE_INTERFACE+@DistributedTags.GIPC+@DistributedTags.SERVER_REMOTE_INTERFACE+@DistributedTags.GIPC:SimulationParametersListener:PropertyChangeListener:EventListener:SimulationParametersListener:@DistributedTags.READ_THREAD_INTERFACE+@DistributedTags.NIO:Runnable:@DistributedTags.READ_THREAD_INTERFACE+@DistributedTags.NIO:Runnable:SimulationParametersListener:SocketChannelConnectListener:SocketChannelWriteListener:SocketChannelReadListener:SimulationParametersListener:AnAbstractSimulationParametersBean:@@DistributedTags.CLIENT_REMOTE_INTERFACE+@DistributedTags.RMI+@DistributedTags.CLIENT_REMOTE_INTERFACE+@DistributedTags.RMI:Remote:@@DistributedTags.CLIENT_REMOTE_INTERFACE+@DistributedTags.GIPC+@DistributedTags.CLIENT_REMOTE_INTERFACE+@DistributedTags.GIPC:SimulationParametersListener:SimulationParametersListener:SocketChannelAcceptListener:SocketChannelReadListener:SocketChannelWriteListener,an:abstract:simulation:parameters:bean:distributed:tags:server:remote:interface:distributed:tags:rmi:distributed:tags:server:remote:interface:distributed:tags:rmi:remote:distributed:tags:server:remote:interface:distributed:tags:distributed:tags:server:remote:interface:distributed:tags:simulation:parameters:listener:property:change:listener:event:listener:simulation:parameters:listener:distributed:tags:read:thread:interface:distributed:tags:nio:distributed:tags:read:thread:interface:distributed:tags:nio:simulation:parameters:listener:socket:channel:connect:listener:socket:channel:write:listener:socket:channel:read:listener:simulation:parameters:listener:an:abstract:simulation:parameters:bean:distributed:tags:client:remote:interface:distributed:tags:rmi:distributed:tags:client:remote:interface:distributed:tags:rmi:remote:distributed:tags:client:remote:interface:distributed:tags:distributed:tags:client:remote:interface:distributed:tags:simulation:parameters:listener:simulation:parameters:listener:socket:channel:accept:listener:socket:channel:read:listener:socket:channel:write:listener,broadcast.ServerConfigurer,server,@@DistributedTags.SERVER_CONFIGURER+@DistributedTags.RMI+@DistributedTags.GIPC+@DistributedTags.SERVER_CONFIGURER+@DistributedTags.RMI+@DistributedTags.GIPC+@DistributedTags.NIO,distributed:tags:server:distributed:tags:rmi:distributed:tags:distributed:tags:server:distributed:tags:rmi:distributed:tags:distributed:tags:nio,trace,trace
broadcast.ServerConfigurer,server,@@DistributedTags.SERVER_CONFIGURER+@DistributedTags.RMI+@DistributedTags.GIPC+@DistributedTags.SERVER_CONFIGURER+@DistributedTags.RMI+@DistributedTags.GIPC+@DistributedTags.NIO,distributed:tags:server:distributed:tags:rmi:distributed:tags:distributed:tags:server:distributed:tags:rmi:distributed:tags:distributed:tags:nio,addClient,add:client,AnAbstractSimulationParametersBean:@@DistributedTags.SERVER_REMOTE_INTERFACE+@DistributedTags.RMI+@DistributedTags.SERVER_REMOTE_INTERFACE+@DistributedTags.RMI:Remote:@@DistributedTags.SERVER_REMOTE_INTERFACE+@DistributedTags.GIPC+@DistributedTags.SERVER_REMOTE_INTERFACE+@DistributedTags.GIPC:SimulationParametersListener:PropertyChangeListener:EventListener:SimulationParametersListener:@DistributedTags.READ_THREAD_INTERFACE+@DistributedTags.NIO:Runnable:@DistributedTags.READ_THREAD_INTERFACE+@DistributedTags.NIO:Runnable:SimulationParametersListener:SocketChannelConnectListener:SocketChannelWriteListener:SocketChannelReadListener:SimulationParametersListener:AnAbstractSimulationParametersBean:@@DistributedTags.CLIENT_REMOTE_INTERFACE+@DistributedTags.RMI+@DistributedTags.CLIENT_REMOTE_INTERFACE+@DistributedTags.RMI:Remote:@@DistributedTags.CLIENT_REMOTE_INTERFACE+@DistributedTags.GIPC+@DistributedTags.CLIENT_REMOTE_INTERFACE+@DistributedTags.GIPC:SimulationParametersListener:SimulationParametersListener:SocketChannelAcceptListener:SocketChannelReadListener:SocketChannelWriteListener,an:abstract:simulation:parameters:bean:distributed:tags:server:remote:interface:distributed:tags:rmi:distributed:tags:server:remote:interface:distributed:tags:rmi:remote:distributed:tags:server:remote:interface:distributed:tags:distributed:tags:server:remote:interface:distributed:tags:simulation:parameters:listener:property:change:listener:event:listener:simulation:parameters:listener:distributed:tags:read:thread:interface:distributed:tags:nio:distributed:tags:read:thread:interface:distributed:tags:nio:simulation:parameters:listener:socket:channel:connect:listener:socket:channel:write:listener:socket:channel:read:listener:simulation:parameters:listener:an:abstract:simulation:parameters:bean:distributed:tags:client:remote:interface:distributed:tags:rmi:distributed:tags:client:remote:interface:distributed:tags:rmi:remote:distributed:tags:client:remote:interface:distributed:tags:distributed:tags:client:remote:interface:distributed:tags:simulation:parameters:listener:simulation:parameters:listener:socket:channel:accept:listener:socket:channel:read:listener:socket:channel:write:listener,java.util.List,list,java.util.List,list,add,add
broadcast.ServerConfigurer,server,@@DistributedTags.SERVER_CONFIGURER+@DistributedTags.RMI+@DistributedTags.GIPC+@DistributedTags.SERVER_CONFIGURER+@DistributedTags.RMI+@DistributedTags.GIPC+@DistributedTags.NIO,distributed:tags:server:distributed:tags:rmi:distributed:tags:distributed:tags:server:distributed:tags:rmi:distributed:tags:distributed:tags:nio,addClientGIPC,add:client,AnAbstractSimulationParametersBean:@@DistributedTags.SERVER_REMOTE_INTERFACE+@DistributedTags.RMI+@DistributedTags.SERVER_REMOTE_INTERFACE+@DistributedTags.RMI:Remote:@@DistributedTags.SERVER_REMOTE_INTERFACE+@DistributedTags.GIPC+@DistributedTags.SERVER_REMOTE_INTERFACE+@DistributedTags.GIPC:SimulationParametersListener:PropertyChangeListener:EventListener:SimulationParametersListener:@DistributedTags.READ_THREAD_INTERFACE+@DistributedTags.NIO:Runnable:@DistributedTags.READ_THREAD_INTERFACE+@DistributedTags.NIO:Runnable:SimulationParametersListener:SocketChannelConnectListener:SocketChannelWriteListener:SocketChannelReadListener:SimulationParametersListener:AnAbstractSimulationParametersBean:@@DistributedTags.CLIENT_REMOTE_INTERFACE+@DistributedTags.RMI+@DistributedTags.CLIENT_REMOTE_INTERFACE+@DistributedTags.RMI:Remote:@@DistributedTags.CLIENT_REMOTE_INTERFACE+@DistributedTags.GIPC+@DistributedTags.CLIENT_REMOTE_INTERFACE+@DistributedTags.GIPC:SimulationParametersListener:SimulationParametersListener:SocketChannelAcceptListener:SocketChannelReadListener:SocketChannelWriteListener,an:abstract:simulation:parameters:bean:distributed:tags:server:remote:interface:distributed:tags:rmi:distributed:tags:server:remote:interface:distributed:tags:rmi:remote:distributed:tags:server:remote:interface:distributed:tags:distributed:tags:server:remote:interface:distributed:tags:simulation:parameters:listener:property:change:listener:event:listener:simulation:parameters:listener:distributed:tags:read:thread:interface:distributed:tags:nio:distributed:tags:read:thread:interface:distributed:tags:nio:simulation:parameters:listener:socket:channel:connect:listener:socket:channel:write:listener:socket:channel:read:listener:simulation:parameters:listener:an:abstract:simulation:parameters:bean:distributed:tags:client:remote:interface:distributed:tags:rmi:distributed:tags:client:remote:interface:distributed:tags:rmi:remote:distributed:tags:client:remote:interface:distributed:tags:distributed:tags:client:remote:interface:distributed:tags:simulation:parameters:listener:simulation:parameters:listener:socket:channel:accept:listener:socket:channel:read:listener:socket:channel:write:listener,java.util.List,list,java.util.List,list,add,add
broadcast.ServerConfigurer,server,@@DistributedTags.SERVER_CONFIGURER+@DistributedTags.RMI+@DistributedTags.GIPC+@DistributedTags.SERVER_CONFIGURER+@DistributedTags.RMI+@DistributedTags.GIPC+@DistributedTags.NIO,distributed:tags:server:distributed:tags:rmi:distributed:tags:distributed:tags:server:distributed:tags:rmi:distributed:tags:distributed:tags:nio,performRebind,perform:rebind,AnAbstractSimulationParametersBean:@@DistributedTags.SERVER_REMOTE_INTERFACE+@DistributedTags.RMI+@DistributedTags.SERVER_REMOTE_INTERFACE+@DistributedTags.RMI:Remote:@@DistributedTags.SERVER_REMOTE_INTERFACE+@DistributedTags.GIPC+@DistributedTags.SERVER_REMOTE_INTERFACE+@DistributedTags.GIPC:SimulationParametersListener:PropertyChangeListener:EventListener:SimulationParametersListener:@DistributedTags.READ_THREAD_INTERFACE+@DistributedTags.NIO:Runnable:@DistributedTags.READ_THREAD_INTERFACE+@DistributedTags.NIO:Runnable:SimulationParametersListener:SocketChannelConnectListener:SocketChannelWriteListener:SocketChannelReadListener:SimulationParametersListener:AnAbstractSimulationParametersBean:@@DistributedTags.CLIENT_REMOTE_INTERFACE+@DistributedTags.RMI+@DistributedTags.CLIENT_REMOTE_INTERFACE+@DistributedTags.RMI:Remote:@@DistributedTags.CLIENT_REMOTE_INTERFACE+@DistributedTags.GIPC+@DistributedTags.CLIENT_REMOTE_INTERFACE+@DistributedTags.GIPC:SimulationParametersListener:SimulationParametersListener:SocketChannelAcceptListener:SocketChannelReadListener:SocketChannelWriteListener,an:abstract:simulation:parameters:bean:distributed:tags:server:remote:interface:distributed:tags:rmi:distributed:tags:server:remote:interface:distributed:tags:rmi:remote:distributed:tags:server:remote:interface:distributed:tags:distributed:tags:server:remote:interface:distributed:tags:simulation:parameters:listener:property:change:listener:event:listener:simulation:parameters:listener:distributed:tags:read:thread:interface:distributed:tags:nio:distributed:tags:read:thread:interface:distributed:tags:nio:simulation:parameters:listener:socket:channel:connect:listener:socket:channel:write:listener:socket:channel:read:listener:simulation:parameters:listener:an:abstract:simulation:parameters:bean:distributed:tags:client:remote:interface:distributed:tags:rmi:distributed:tags:client:remote:interface:distributed:tags:rmi:remote:distributed:tags:client:remote:interface:distributed:tags:distributed:tags:client:remote:interface:distributed:tags:simulation:parameters:listener:simulation:parameters:listener:socket:channel:accept:listener:socket:channel:read:listener:socket:channel:write:listener,java.rmi.registry.Registry,registry,java.rmi.registry.Registry,registry,rebind,rebind
broadcast.ServerConfigurer,server,@@DistributedTags.SERVER_CONFIGURER+@DistributedTags.RMI+@DistributedTags.GIPC+@DistributedTags.SERVER_CONFIGURER+@DistributedTags.RMI+@DistributedTags.GIPC+@DistributedTags.NIO,distributed:tags:server:distributed:tags:rmi:distributed:tags:distributed:tags:server:distributed:tags:rmi:distributed:tags:distributed:tags:nio,performRebindGIPC,perform:rebind,AnAbstractSimulationParametersBean:@@DistributedTags.SERVER_REMOTE_INTERFACE+@DistributedTags.RMI+@DistributedTags.SERVER_REMOTE_INTERFACE+@DistributedTags.RMI:Remote:@@DistributedTags.SERVER_REMOTE_INTERFACE+@DistributedTags.GIPC+@DistributedTags.SERVER_REMOTE_INTERFACE+@DistributedTags.GIPC:SimulationParametersListener:PropertyChangeListener:EventListener:SimulationParametersListener:@DistributedTags.READ_THREAD_INTERFACE+@DistributedTags.NIO:Runnable:@DistributedTags.READ_THREAD_INTERFACE+@DistributedTags.NIO:Runnable:SimulationParametersListener:SocketChannelConnectListener:SocketChannelWriteListener:SocketChannelReadListener:SimulationParametersListener:AnAbstractSimulationParametersBean:@@DistributedTags.CLIENT_REMOTE_INTERFACE+@DistributedTags.RMI+@DistributedTags.CLIENT_REMOTE_INTERFACE+@DistributedTags.RMI:Remote:@@DistributedTags.CLIENT_REMOTE_INTERFACE+@DistributedTags.GIPC+@DistributedTags.CLIENT_REMOTE_INTERFACE+@DistributedTags.GIPC:SimulationParametersListener:SimulationParametersListener:SocketChannelAcceptListener:SocketChannelReadListener:SocketChannelWriteListener,an:abstract:simulation:parameters:bean:distributed:tags:server:remote:interface:distributed:tags:rmi:distributed:tags:server:remote:interface:distributed:tags:rmi:remote:distributed:tags:server:remote:interface:distributed:tags:distributed:tags:server:remote:interface:distributed:tags:simulation:parameters:listener:property:change:listener:event:listener:simulation:parameters:listener:distributed:tags:read:thread:interface:distributed:tags:nio:distributed:tags:read:thread:interface:distributed:tags:nio:simulation:parameters:listener:socket:channel:connect:listener:socket:channel:write:listener:socket:channel:read:listener:simulation:parameters:listener:an:abstract:simulation:parameters:bean:distributed:tags:client:remote:interface:distributed:tags:rmi:distributed:tags:client:remote:interface:distributed:tags:rmi:remote:distributed:tags:client:remote:interface:distributed:tags:distributed:tags:client:remote:interface:distributed:tags:simulation:parameters:listener:simulation:parameters:listener:socket:channel:accept:listener:socket:channel:read:listener:socket:channel:write:listener,inputport.rpc.GIPCRegistry,registry,inputport.rpc.GIPCRegistry,registry,rebind,rebind
broadcast.ServerConfigurer,server,@@DistributedTags.SERVER_CONFIGURER+@DistributedTags.RMI+@DistributedTags.GIPC+@DistributedTags.SERVER_CONFIGURER+@DistributedTags.RMI+@DistributedTags.GIPC+@DistributedTags.NIO,distributed:tags:server:distributed:tags:rmi:distributed:tags:distributed:tags:server:distributed:tags:rmi:distributed:tags:distributed:tags:nio,performRebindGIPC,perform:rebind,AnAbstractSimulationParametersBean:@@DistributedTags.SERVER_REMOTE_INTERFACE+@DistributedTags.RMI+@DistributedTags.SERVER_REMOTE_INTERFACE+@DistributedTags.RMI:Remote:@@DistributedTags.SERVER_REMOTE_INTERFACE+@DistributedTags.GIPC+@DistributedTags.SERVER_REMOTE_INTERFACE+@DistributedTags.GIPC:SimulationParametersListener:PropertyChangeListener:EventListener:SimulationParametersListener:@DistributedTags.READ_THREAD_INTERFACE+@DistributedTags.NIO:Runnable:@DistributedTags.READ_THREAD_INTERFACE+@DistributedTags.NIO:Runnable:SimulationParametersListener:SocketChannelConnectListener:SocketChannelWriteListener:SocketChannelReadListener:SimulationParametersListener:AnAbstractSimulationParametersBean:@@DistributedTags.CLIENT_REMOTE_INTERFACE+@DistributedTags.RMI+@DistributedTags.CLIENT_REMOTE_INTERFACE+@DistributedTags.RMI:Remote:@@DistributedTags.CLIENT_REMOTE_INTERFACE+@DistributedTags.GIPC+@DistributedTags.CLIENT_REMOTE_INTERFACE+@DistributedTags.GIPC:SimulationParametersListener:SimulationParametersListener:SocketChannelAcceptListener:SocketChannelReadListener:SocketChannelWriteListener,an:abstract:simulation:parameters:bean:distributed:tags:server:remote:interface:distributed:tags:rmi:distributed:tags:server:remote:interface:distributed:tags:rmi:remote:distributed:tags:server:remote:interface:distributed:tags:distributed:tags:server:remote:interface:distributed:tags:simulation:parameters:listener:property:change:listener:event:listener:simulation:parameters:listener:distributed:tags:read:thread:interface:distributed:tags:nio:distributed:tags:read:thread:interface:distributed:tags:nio:simulation:parameters:listener:socket:channel:connect:listener:socket:channel:write:listener:socket:channel:read:listener:simulation:parameters:listener:an:abstract:simulation:parameters:bean:distributed:tags:client:remote:interface:distributed:tags:rmi:distributed:tags:client:remote:interface:distributed:tags:rmi:remote:distributed:tags:client:remote:interface:distributed:tags:distributed:tags:client:remote:interface:distributed:tags:simulation:parameters:listener:simulation:parameters:listener:socket:channel:accept:listener:socket:channel:read:listener:socket:channel:write:listener,inputport.rpc.GIPCRegistry,registry,inputport.rpc.GIPCRegistry,registry,addConnectionListener,add:connection:listener
broadcast.ServerConfigurer,server,@@DistributedTags.SERVER_CONFIGURER+@DistributedTags.RMI+@DistributedTags.GIPC+@DistributedTags.SERVER_CONFIGURER+@DistributedTags.RMI+@DistributedTags.GIPC+@DistributedTags.NIO,distributed:tags:server:distributed:tags:rmi:distributed:tags:distributed:tags:server:distributed:tags:rmi:distributed:tags:distributed:tags:nio,performRebindGIPC,perform:rebind,AnAbstractSimulationParametersBean:@@DistributedTags.SERVER_REMOTE_INTERFACE+@DistributedTags.RMI+@DistributedTags.SERVER_REMOTE_INTERFACE+@DistributedTags.RMI:Remote:@@DistributedTags.SERVER_REMOTE_INTERFACE+@DistributedTags.GIPC+@DistributedTags.SERVER_REMOTE_INTERFACE+@DistributedTags.GIPC:SimulationParametersListener:PropertyChangeListener:EventListener:SimulationParametersListener:@DistributedTags.READ_THREAD_INTERFACE+@DistributedTags.NIO:Runnable:@DistributedTags.READ_THREAD_INTERFACE+@DistributedTags.NIO:Runnable:SimulationParametersListener:SocketChannelConnectListener:SocketChannelWriteListener:SocketChannelReadListener:SimulationParametersListener:AnAbstractSimulationParametersBean:@@DistributedTags.CLIENT_REMOTE_INTERFACE+@DistributedTags.RMI+@DistributedTags.CLIENT_REMOTE_INTERFACE+@DistributedTags.RMI:Remote:@@DistributedTags.CLIENT_REMOTE_INTERFACE+@DistributedTags.GIPC+@DistributedTags.CLIENT_REMOTE_INTERFACE+@DistributedTags.GIPC:SimulationParametersListener:SimulationParametersListener:SocketChannelAcceptListener:SocketChannelReadListener:SocketChannelWriteListener,an:abstract:simulation:parameters:bean:distributed:tags:server:remote:interface:distributed:tags:rmi:distributed:tags:server:remote:interface:distributed:tags:rmi:remote:distributed:tags:server:remote:interface:distributed:tags:distributed:tags:server:remote:interface:distributed:tags:simulation:parameters:listener:property:change:listener:event:listener:simulation:parameters:listener:distributed:tags:read:thread:interface:distributed:tags:nio:distributed:tags:read:thread:interface:distributed:tags:nio:simulation:parameters:listener:socket:channel:connect:listener:socket:channel:write:listener:socket:channel:read:listener:simulation:parameters:listener:an:abstract:simulation:parameters:bean:distributed:tags:client:remote:interface:distributed:tags:rmi:distributed:tags:client:remote:interface:distributed:tags:rmi:remote:distributed:tags:client:remote:interface:distributed:tags:distributed:tags:client:remote:interface:distributed:tags:simulation:parameters:listener:simulation:parameters:listener:socket:channel:accept:listener:socket:channel:read:listener:socket:channel:write:listener,inputport.rpc.GIPCRegistry,registry,inputport.rpc.GIPCRegistry,registry,getInputPort,get:input:port
broadcast.ServerConfigurer,server,@@DistributedTags.SERVER_CONFIGURER+@DistributedTags.RMI+@DistributedTags.GIPC+@DistributedTags.SERVER_CONFIGURER+@DistributedTags.RMI+@DistributedTags.GIPC+@DistributedTags.NIO,distributed:tags:server:distributed:tags:rmi:distributed:tags:distributed:tags:server:distributed:tags:rmi:distributed:tags:distributed:tags:nio,performRebindGIPC,perform:rebind,AnAbstractSimulationParametersBean:@@DistributedTags.SERVER_REMOTE_INTERFACE+@DistributedTags.RMI+@DistributedTags.SERVER_REMOTE_INTERFACE+@DistributedTags.RMI:Remote:@@DistributedTags.SERVER_REMOTE_INTERFACE+@DistributedTags.GIPC+@DistributedTags.SERVER_REMOTE_INTERFACE+@DistributedTags.GIPC:SimulationParametersListener:PropertyChangeListener:EventListener:SimulationParametersListener:@DistributedTags.READ_THREAD_INTERFACE+@DistributedTags.NIO:Runnable:@DistributedTags.READ_THREAD_INTERFACE+@DistributedTags.NIO:Runnable:SimulationParametersListener:SocketChannelConnectListener:SocketChannelWriteListener:SocketChannelReadListener:SimulationParametersListener:AnAbstractSimulationParametersBean:@@DistributedTags.CLIENT_REMOTE_INTERFACE+@DistributedTags.RMI+@DistributedTags.CLIENT_REMOTE_INTERFACE+@DistributedTags.RMI:Remote:@@DistributedTags.CLIENT_REMOTE_INTERFACE+@DistributedTags.GIPC+@DistributedTags.CLIENT_REMOTE_INTERFACE+@DistributedTags.GIPC:SimulationParametersListener:SimulationParametersListener:SocketChannelAcceptListener:SocketChannelReadListener:SocketChannelWriteListener,an:abstract:simulation:parameters:bean:distributed:tags:server:remote:interface:distributed:tags:rmi:distributed:tags:server:remote:interface:distributed:tags:rmi:remote:distributed:tags:server:remote:interface:distributed:tags:distributed:tags:server:remote:interface:distributed:tags:simulation:parameters:listener:property:change:listener:event:listener:simulation:parameters:listener:distributed:tags:read:thread:interface:distributed:tags:nio:distributed:tags:read:thread:interface:distributed:tags:nio:simulation:parameters:listener:socket:channel:connect:listener:socket:channel:write:listener:socket:channel:read:listener:simulation:parameters:listener:an:abstract:simulation:parameters:bean:distributed:tags:client:remote:interface:distributed:tags:rmi:distributed:tags:client:remote:interface:distributed:tags:rmi:remote:distributed:tags:client:remote:interface:distributed:tags:distributed:tags:client:remote:interface:distributed:tags:simulation:parameters:listener:simulation:parameters:listener:socket:channel:accept:listener:socket:channel:read:listener:socket:channel:write:listener,port.ATracingConnectionListener,a:tracing:connection:listener,port.ATracingConnectionListener,a:tracing:connection:listener,ATracingConnectionListener,a:tracing:connection:listener
broadcast.ServerConfigurer,server,@@DistributedTags.SERVER_CONFIGURER+@DistributedTags.RMI+@DistributedTags.GIPC+@DistributedTags.SERVER_CONFIGURER+@DistributedTags.RMI+@DistributedTags.GIPC+@DistributedTags.NIO,distributed:tags:server:distributed:tags:rmi:distributed:tags:distributed:tags:server:distributed:tags:rmi:distributed:tags:distributed:tags:nio,performRebindGIPC,perform:rebind,AnAbstractSimulationParametersBean:@@DistributedTags.SERVER_REMOTE_INTERFACE+@DistributedTags.RMI+@DistributedTags.SERVER_REMOTE_INTERFACE+@DistributedTags.RMI:Remote:@@DistributedTags.SERVER_REMOTE_INTERFACE+@DistributedTags.GIPC+@DistributedTags.SERVER_REMOTE_INTERFACE+@DistributedTags.GIPC:SimulationParametersListener:PropertyChangeListener:EventListener:SimulationParametersListener:@DistributedTags.READ_THREAD_INTERFACE+@DistributedTags.NIO:Runnable:@DistributedTags.READ_THREAD_INTERFACE+@DistributedTags.NIO:Runnable:SimulationParametersListener:SocketChannelConnectListener:SocketChannelWriteListener:SocketChannelReadListener:SimulationParametersListener:AnAbstractSimulationParametersBean:@@DistributedTags.CLIENT_REMOTE_INTERFACE+@DistributedTags.RMI+@DistributedTags.CLIENT_REMOTE_INTERFACE+@DistributedTags.RMI:Remote:@@DistributedTags.CLIENT_REMOTE_INTERFACE+@DistributedTags.GIPC+@DistributedTags.CLIENT_REMOTE_INTERFACE+@DistributedTags.GIPC:SimulationParametersListener:SimulationParametersListener:SocketChannelAcceptListener:SocketChannelReadListener:SocketChannelWriteListener,an:abstract:simulation:parameters:bean:distributed:tags:server:remote:interface:distributed:tags:rmi:distributed:tags:server:remote:interface:distributed:tags:rmi:remote:distributed:tags:server:remote:interface:distributed:tags:distributed:tags:server:remote:interface:distributed:tags:simulation:parameters:listener:property:change:listener:event:listener:simulation:parameters:listener:distributed:tags:read:thread:interface:distributed:tags:nio:distributed:tags:read:thread:interface:distributed:tags:nio:simulation:parameters:listener:socket:channel:connect:listener:socket:channel:write:listener:socket:channel:read:listener:simulation:parameters:listener:an:abstract:simulation:parameters:bean:distributed:tags:client:remote:interface:distributed:tags:rmi:distributed:tags:client:remote:interface:distributed:tags:rmi:remote:distributed:tags:client:remote:interface:distributed:tags:distributed:tags:client:remote:interface:distributed:tags:simulation:parameters:listener:simulation:parameters:listener:socket:channel:accept:listener:socket:channel:read:listener:socket:channel:write:listener,inputport.rpc.GIPCRegistry,registry,inputport.rpc.GIPCRegistry,registry,getInputPort,get:input:port
broadcast.ServerConfigurer,server,@@DistributedTags.SERVER_CONFIGURER+@DistributedTags.RMI+@DistributedTags.GIPC+@DistributedTags.SERVER_CONFIGURER+@DistributedTags.RMI+@DistributedTags.GIPC+@DistributedTags.NIO,distributed:tags:server:distributed:tags:rmi:distributed:tags:distributed:tags:server:distributed:tags:rmi:distributed:tags:distributed:tags:nio,performRebindGIPC,perform:rebind,AnAbstractSimulationParametersBean:@@DistributedTags.SERVER_REMOTE_INTERFACE+@DistributedTags.RMI+@DistributedTags.SERVER_REMOTE_INTERFACE+@DistributedTags.RMI:Remote:@@DistributedTags.SERVER_REMOTE_INTERFACE+@DistributedTags.GIPC+@DistributedTags.SERVER_REMOTE_INTERFACE+@DistributedTags.GIPC:SimulationParametersListener:PropertyChangeListener:EventListener:SimulationParametersListener:@DistributedTags.READ_THREAD_INTERFACE+@DistributedTags.NIO:Runnable:@DistributedTags.READ_THREAD_INTERFACE+@DistributedTags.NIO:Runnable:SimulationParametersListener:SocketChannelConnectListener:SocketChannelWriteListener:SocketChannelReadListener:SimulationParametersListener:AnAbstractSimulationParametersBean:@@DistributedTags.CLIENT_REMOTE_INTERFACE+@DistributedTags.RMI+@DistributedTags.CLIENT_REMOTE_INTERFACE+@DistributedTags.RMI:Remote:@@DistributedTags.CLIENT_REMOTE_INTERFACE+@DistributedTags.GIPC+@DistributedTags.CLIENT_REMOTE_INTERFACE+@DistributedTags.GIPC:SimulationParametersListener:SimulationParametersListener:SocketChannelAcceptListener:SocketChannelReadListener:SocketChannelWriteListener,an:abstract:simulation:parameters:bean:distributed:tags:server:remote:interface:distributed:tags:rmi:distributed:tags:server:remote:interface:distributed:tags:rmi:remote:distributed:tags:server:remote:interface:distributed:tags:distributed:tags:server:remote:interface:distributed:tags:simulation:parameters:listener:property:change:listener:event:listener:simulation:parameters:listener:distributed:tags:read:thread:interface:distributed:tags:nio:distributed:tags:read:thread:interface:distributed:tags:nio:simulation:parameters:listener:socket:channel:connect:listener:socket:channel:write:listener:socket:channel:read:listener:simulation:parameters:listener:an:abstract:simulation:parameters:bean:distributed:tags:client:remote:interface:distributed:tags:rmi:distributed:tags:client:remote:interface:distributed:tags:rmi:remote:distributed:tags:client:remote:interface:distributed:tags:distributed:tags:client:remote:interface:distributed:tags:simulation:parameters:listener:simulation:parameters:listener:socket:channel:accept:listener:socket:channel:read:listener:socket:channel:write:listener,util.trace.port.rpc.gipc.GIPCObjectRegistered,object:registered,util.trace.port.rpc.gipc.GIPCObjectRegistered,object:registered,newCase,new:case
broadcast.ServerConfigurer,server,@@DistributedTags.SERVER_CONFIGURER+@DistributedTags.RMI+@DistributedTags.GIPC+@DistributedTags.SERVER_CONFIGURER+@DistributedTags.RMI+@DistributedTags.GIPC+@DistributedTags.NIO,distributed:tags:server:distributed:tags:rmi:distributed:tags:distributed:tags:server:distributed:tags:rmi:distributed:tags:distributed:tags:nio,setupConnection,setup:connection,AnAbstractSimulationParametersBean:@@DistributedTags.SERVER_REMOTE_INTERFACE+@DistributedTags.RMI+@DistributedTags.SERVER_REMOTE_INTERFACE+@DistributedTags.RMI:Remote:@@DistributedTags.SERVER_REMOTE_INTERFACE+@DistributedTags.GIPC+@DistributedTags.SERVER_REMOTE_INTERFACE+@DistributedTags.GIPC:SimulationParametersListener:PropertyChangeListener:EventListener:SimulationParametersListener:@DistributedTags.READ_THREAD_INTERFACE+@DistributedTags.NIO:Runnable:@DistributedTags.READ_THREAD_INTERFACE+@DistributedTags.NIO:Runnable:SimulationParametersListener:SocketChannelConnectListener:SocketChannelWriteListener:SocketChannelReadListener:SimulationParametersListener:AnAbstractSimulationParametersBean:@@DistributedTags.CLIENT_REMOTE_INTERFACE+@DistributedTags.RMI+@DistributedTags.CLIENT_REMOTE_INTERFACE+@DistributedTags.RMI:Remote:@@DistributedTags.CLIENT_REMOTE_INTERFACE+@DistributedTags.GIPC+@DistributedTags.CLIENT_REMOTE_INTERFACE+@DistributedTags.GIPC:SimulationParametersListener:SimulationParametersListener:SocketChannelAcceptListener:SocketChannelReadListener:SocketChannelWriteListener,an:abstract:simulation:parameters:bean:distributed:tags:server:remote:interface:distributed:tags:rmi:distributed:tags:server:remote:interface:distributed:tags:rmi:remote:distributed:tags:server:remote:interface:distributed:tags:distributed:tags:server:remote:interface:distributed:tags:simulation:parameters:listener:property:change:listener:event:listener:simulation:parameters:listener:distributed:tags:read:thread:interface:distributed:tags:nio:distributed:tags:read:thread:interface:distributed:tags:nio:simulation:parameters:listener:socket:channel:connect:listener:socket:channel:write:listener:socket:channel:read:listener:simulation:parameters:listener:an:abstract:simulation:parameters:bean:distributed:tags:client:remote:interface:distributed:tags:rmi:distributed:tags:client:remote:interface:distributed:tags:rmi:remote:distributed:tags:client:remote:interface:distributed:tags:distributed:tags:client:remote:interface:distributed:tags:simulation:parameters:listener:simulation:parameters:listener:socket:channel:accept:listener:socket:channel:read:listener:socket:channel:write:listener,java.rmi.registry.LocateRegistry,locate:registry,java.rmi.registry.LocateRegistry,locate:registry,getRegistry,get:registry
broadcast.ServerConfigurer,server,@@DistributedTags.SERVER_CONFIGURER+@DistributedTags.RMI+@DistributedTags.GIPC+@DistributedTags.SERVER_CONFIGURER+@DistributedTags.RMI+@DistributedTags.GIPC+@DistributedTags.NIO,distributed:tags:server:distributed:tags:rmi:distributed:tags:distributed:tags:server:distributed:tags:rmi:distributed:tags:distributed:tags:nio,setupConnection,setup:connection,AnAbstractSimulationParametersBean:@@DistributedTags.SERVER_REMOTE_INTERFACE+@DistributedTags.RMI+@DistributedTags.SERVER_REMOTE_INTERFACE+@DistributedTags.RMI:Remote:@@DistributedTags.SERVER_REMOTE_INTERFACE+@DistributedTags.GIPC+@DistributedTags.SERVER_REMOTE_INTERFACE+@DistributedTags.GIPC:SimulationParametersListener:PropertyChangeListener:EventListener:SimulationParametersListener:@DistributedTags.READ_THREAD_INTERFACE+@DistributedTags.NIO:Runnable:@DistributedTags.READ_THREAD_INTERFACE+@DistributedTags.NIO:Runnable:SimulationParametersListener:SocketChannelConnectListener:SocketChannelWriteListener:SocketChannelReadListener:SimulationParametersListener:AnAbstractSimulationParametersBean:@@DistributedTags.CLIENT_REMOTE_INTERFACE+@DistributedTags.RMI+@DistributedTags.CLIENT_REMOTE_INTERFACE+@DistributedTags.RMI:Remote:@@DistributedTags.CLIENT_REMOTE_INTERFACE+@DistributedTags.GIPC+@DistributedTags.CLIENT_REMOTE_INTERFACE+@DistributedTags.GIPC:SimulationParametersListener:SimulationParametersListener:SocketChannelAcceptListener:SocketChannelReadListener:SocketChannelWriteListener,an:abstract:simulation:parameters:bean:distributed:tags:server:remote:interface:distributed:tags:rmi:distributed:tags:server:remote:interface:distributed:tags:rmi:remote:distributed:tags:server:remote:interface:distributed:tags:distributed:tags:server:remote:interface:distributed:tags:simulation:parameters:listener:property:change:listener:event:listener:simulation:parameters:listener:distributed:tags:read:thread:interface:distributed:tags:nio:distributed:tags:read:thread:interface:distributed:tags:nio:simulation:parameters:listener:socket:channel:connect:listener:socket:channel:write:listener:socket:channel:read:listener:simulation:parameters:listener:an:abstract:simulation:parameters:bean:distributed:tags:client:remote:interface:distributed:tags:rmi:distributed:tags:client:remote:interface:distributed:tags:rmi:remote:distributed:tags:client:remote:interface:distributed:tags:distributed:tags:client:remote:interface:distributed:tags:simulation:parameters:listener:simulation:parameters:listener:socket:channel:accept:listener:socket:channel:read:listener:socket:channel:write:listener,util.trace.port.rpc.rmi.RMIRegistryLocated,rmi:registry:located,util.trace.port.rpc.rmi.RMIRegistryLocated,rmi:registry:located,newCase,new:case
broadcast.ServerConfigurer,server,@@DistributedTags.SERVER_CONFIGURER+@DistributedTags.RMI+@DistributedTags.GIPC+@DistributedTags.SERVER_CONFIGURER+@DistributedTags.RMI+@DistributedTags.GIPC+@DistributedTags.NIO,distributed:tags:server:distributed:tags:rmi:distributed:tags:distributed:tags:server:distributed:tags:rmi:distributed:tags:distributed:tags:nio,setupConnectionGIPC,setup:connection,AnAbstractSimulationParametersBean:@@DistributedTags.SERVER_REMOTE_INTERFACE+@DistributedTags.RMI+@DistributedTags.SERVER_REMOTE_INTERFACE+@DistributedTags.RMI:Remote:@@DistributedTags.SERVER_REMOTE_INTERFACE+@DistributedTags.GIPC+@DistributedTags.SERVER_REMOTE_INTERFACE+@DistributedTags.GIPC:SimulationParametersListener:PropertyChangeListener:EventListener:SimulationParametersListener:@DistributedTags.READ_THREAD_INTERFACE+@DistributedTags.NIO:Runnable:@DistributedTags.READ_THREAD_INTERFACE+@DistributedTags.NIO:Runnable:SimulationParametersListener:SocketChannelConnectListener:SocketChannelWriteListener:SocketChannelReadListener:SimulationParametersListener:AnAbstractSimulationParametersBean:@@DistributedTags.CLIENT_REMOTE_INTERFACE+@DistributedTags.RMI+@DistributedTags.CLIENT_REMOTE_INTERFACE+@DistributedTags.RMI:Remote:@@DistributedTags.CLIENT_REMOTE_INTERFACE+@DistributedTags.GIPC+@DistributedTags.CLIENT_REMOTE_INTERFACE+@DistributedTags.GIPC:SimulationParametersListener:SimulationParametersListener:SocketChannelAcceptListener:SocketChannelReadListener:SocketChannelWriteListener,an:abstract:simulation:parameters:bean:distributed:tags:server:remote:interface:distributed:tags:rmi:distributed:tags:server:remote:interface:distributed:tags:rmi:remote:distributed:tags:server:remote:interface:distributed:tags:distributed:tags:server:remote:interface:distributed:tags:simulation:parameters:listener:property:change:listener:event:listener:simulation:parameters:listener:distributed:tags:read:thread:interface:distributed:tags:nio:distributed:tags:read:thread:interface:distributed:tags:nio:simulation:parameters:listener:socket:channel:connect:listener:socket:channel:write:listener:socket:channel:read:listener:simulation:parameters:listener:an:abstract:simulation:parameters:bean:distributed:tags:client:remote:interface:distributed:tags:rmi:distributed:tags:client:remote:interface:distributed:tags:rmi:remote:distributed:tags:client:remote:interface:distributed:tags:distributed:tags:client:remote:interface:distributed:tags:simulation:parameters:listener:simulation:parameters:listener:socket:channel:accept:listener:socket:channel:read:listener:socket:channel:write:listener,assignments.util.mainArgs.ServerArgsProcessor,server:args:processor,assignments.util.mainArgs.ServerArgsProcessor,server:args:processor,getGIPCServerPort,get:server:port
broadcast.ServerConfigurer,server,@@DistributedTags.SERVER_CONFIGURER+@DistributedTags.RMI+@DistributedTags.GIPC+@DistributedTags.SERVER_CONFIGURER+@DistributedTags.RMI+@DistributedTags.GIPC+@DistributedTags.NIO,distributed:tags:server:distributed:tags:rmi:distributed:tags:distributed:tags:server:distributed:tags:rmi:distributed:tags:distributed:tags:nio,setupConnectionGIPC,setup:connection,AnAbstractSimulationParametersBean:@@DistributedTags.SERVER_REMOTE_INTERFACE+@DistributedTags.RMI+@DistributedTags.SERVER_REMOTE_INTERFACE+@DistributedTags.RMI:Remote:@@DistributedTags.SERVER_REMOTE_INTERFACE+@DistributedTags.GIPC+@DistributedTags.SERVER_REMOTE_INTERFACE+@DistributedTags.GIPC:SimulationParametersListener:PropertyChangeListener:EventListener:SimulationParametersListener:@DistributedTags.READ_THREAD_INTERFACE+@DistributedTags.NIO:Runnable:@DistributedTags.READ_THREAD_INTERFACE+@DistributedTags.NIO:Runnable:SimulationParametersListener:SocketChannelConnectListener:SocketChannelWriteListener:SocketChannelReadListener:SimulationParametersListener:AnAbstractSimulationParametersBean:@@DistributedTags.CLIENT_REMOTE_INTERFACE+@DistributedTags.RMI+@DistributedTags.CLIENT_REMOTE_INTERFACE+@DistributedTags.RMI:Remote:@@DistributedTags.CLIENT_REMOTE_INTERFACE+@DistributedTags.GIPC+@DistributedTags.CLIENT_REMOTE_INTERFACE+@DistributedTags.GIPC:SimulationParametersListener:SimulationParametersListener:SocketChannelAcceptListener:SocketChannelReadListener:SocketChannelWriteListener,an:abstract:simulation:parameters:bean:distributed:tags:server:remote:interface:distributed:tags:rmi:distributed:tags:server:remote:interface:distributed:tags:rmi:remote:distributed:tags:server:remote:interface:distributed:tags:distributed:tags:server:remote:interface:distributed:tags:simulation:parameters:listener:property:change:listener:event:listener:simulation:parameters:listener:distributed:tags:read:thread:interface:distributed:tags:nio:distributed:tags:read:thread:interface:distributed:tags:nio:simulation:parameters:listener:socket:channel:connect:listener:socket:channel:write:listener:socket:channel:read:listener:simulation:parameters:listener:an:abstract:simulation:parameters:bean:distributed:tags:client:remote:interface:distributed:tags:rmi:distributed:tags:client:remote:interface:distributed:tags:rmi:remote:distributed:tags:client:remote:interface:distributed:tags:distributed:tags:client:remote:interface:distributed:tags:simulation:parameters:listener:simulation:parameters:listener:socket:channel:accept:listener:socket:channel:read:listener:socket:channel:write:listener,inputport.rpc.GIPCLocateRegistry,locate:registry,inputport.rpc.GIPCLocateRegistry,locate:registry,createRegistry,create:registry
broadcast.ServerConfigurer,server,@@DistributedTags.SERVER_CONFIGURER+@DistributedTags.RMI+@DistributedTags.GIPC+@DistributedTags.SERVER_CONFIGURER+@DistributedTags.RMI+@DistributedTags.GIPC+@DistributedTags.NIO,distributed:tags:server:distributed:tags:rmi:distributed:tags:distributed:tags:server:distributed:tags:rmi:distributed:tags:distributed:tags:nio,setupConnectionGIPC,setup:connection,AnAbstractSimulationParametersBean:@@DistributedTags.SERVER_REMOTE_INTERFACE+@DistributedTags.RMI+@DistributedTags.SERVER_REMOTE_INTERFACE+@DistributedTags.RMI:Remote:@@DistributedTags.SERVER_REMOTE_INTERFACE+@DistributedTags.GIPC+@DistributedTags.SERVER_REMOTE_INTERFACE+@DistributedTags.GIPC:SimulationParametersListener:PropertyChangeListener:EventListener:SimulationParametersListener:@DistributedTags.READ_THREAD_INTERFACE+@DistributedTags.NIO:Runnable:@DistributedTags.READ_THREAD_INTERFACE+@DistributedTags.NIO:Runnable:SimulationParametersListener:SocketChannelConnectListener:SocketChannelWriteListener:SocketChannelReadListener:SimulationParametersListener:AnAbstractSimulationParametersBean:@@DistributedTags.CLIENT_REMOTE_INTERFACE+@DistributedTags.RMI+@DistributedTags.CLIENT_REMOTE_INTERFACE+@DistributedTags.RMI:Remote:@@DistributedTags.CLIENT_REMOTE_INTERFACE+@DistributedTags.GIPC+@DistributedTags.CLIENT_REMOTE_INTERFACE+@DistributedTags.GIPC:SimulationParametersListener:SimulationParametersListener:SocketChannelAcceptListener:SocketChannelReadListener:SocketChannelWriteListener,an:abstract:simulation:parameters:bean:distributed:tags:server:remote:interface:distributed:tags:rmi:distributed:tags:server:remote:interface:distributed:tags:rmi:remote:distributed:tags:server:remote:interface:distributed:tags:distributed:tags:server:remote:interface:distributed:tags:simulation:parameters:listener:property:change:listener:event:listener:simulation:parameters:listener:distributed:tags:read:thread:interface:distributed:tags:nio:distributed:tags:read:thread:interface:distributed:tags:nio:simulation:parameters:listener:socket:channel:connect:listener:socket:channel:write:listener:socket:channel:read:listener:simulation:parameters:listener:an:abstract:simulation:parameters:bean:distributed:tags:client:remote:interface:distributed:tags:rmi:distributed:tags:client:remote:interface:distributed:tags:rmi:remote:distributed:tags:client:remote:interface:distributed:tags:distributed:tags:client:remote:interface:distributed:tags:simulation:parameters:listener:simulation:parameters:listener:socket:channel:accept:listener:socket:channel:read:listener:socket:channel:write:listener,util.trace.port.rpc.gipc.GIPCRegistryCreated,registry:created,util.trace.port.rpc.gipc.GIPCRegistryCreated,registry:created,newCase,new:case
broadcast.ServerConfigurer,server,@@DistributedTags.SERVER_CONFIGURER+@DistributedTags.RMI+@DistributedTags.GIPC+@DistributedTags.SERVER_CONFIGURER+@DistributedTags.RMI+@DistributedTags.GIPC+@DistributedTags.NIO,distributed:tags:server:distributed:tags:rmi:distributed:tags:distributed:tags:server:distributed:tags:rmi:distributed:tags:distributed:tags:nio,setupNIO,setup:nio,AnAbstractSimulationParametersBean:@@DistributedTags.SERVER_REMOTE_INTERFACE+@DistributedTags.RMI+@DistributedTags.SERVER_REMOTE_INTERFACE+@DistributedTags.RMI:Remote:@@DistributedTags.SERVER_REMOTE_INTERFACE+@DistributedTags.GIPC+@DistributedTags.SERVER_REMOTE_INTERFACE+@DistributedTags.GIPC:SimulationParametersListener:PropertyChangeListener:EventListener:SimulationParametersListener:@DistributedTags.READ_THREAD_INTERFACE+@DistributedTags.NIO:Runnable:@DistributedTags.READ_THREAD_INTERFACE+@DistributedTags.NIO:Runnable:SimulationParametersListener:SocketChannelConnectListener:SocketChannelWriteListener:SocketChannelReadListener:SimulationParametersListener:AnAbstractSimulationParametersBean:@@DistributedTags.CLIENT_REMOTE_INTERFACE+@DistributedTags.RMI+@DistributedTags.CLIENT_REMOTE_INTERFACE+@DistributedTags.RMI:Remote:@@DistributedTags.CLIENT_REMOTE_INTERFACE+@DistributedTags.GIPC+@DistributedTags.CLIENT_REMOTE_INTERFACE+@DistributedTags.GIPC:SimulationParametersListener:SimulationParametersListener:SocketChannelAcceptListener:SocketChannelReadListener:SocketChannelWriteListener,an:abstract:simulation:parameters:bean:distributed:tags:server:remote:interface:distributed:tags:rmi:distributed:tags:server:remote:interface:distributed:tags:rmi:remote:distributed:tags:server:remote:interface:distributed:tags:distributed:tags:server:remote:interface:distributed:tags:simulation:parameters:listener:property:change:listener:event:listener:simulation:parameters:listener:distributed:tags:read:thread:interface:distributed:tags:nio:distributed:tags:read:thread:interface:distributed:tags:nio:simulation:parameters:listener:socket:channel:connect:listener:socket:channel:write:listener:socket:channel:read:listener:simulation:parameters:listener:an:abstract:simulation:parameters:bean:distributed:tags:client:remote:interface:distributed:tags:rmi:distributed:tags:client:remote:interface:distributed:tags:rmi:remote:distributed:tags:client:remote:interface:distributed:tags:distributed:tags:client:remote:interface:distributed:tags:simulation:parameters:listener:simulation:parameters:listener:socket:channel:accept:listener:socket:channel:read:listener:socket:channel:write:listener,assignments.util.mainArgs.ServerArgsProcessor,server:args:processor,assignments.util.mainArgs.ServerArgsProcessor,server:args:processor,getNIOServerPort,get:nio:server:port
broadcast.ServerConfigurer,server,@@DistributedTags.SERVER_CONFIGURER+@DistributedTags.RMI+@DistributedTags.GIPC+@DistributedTags.SERVER_CONFIGURER+@DistributedTags.RMI+@DistributedTags.GIPC+@DistributedTags.NIO,distributed:tags:server:distributed:tags:rmi:distributed:tags:distributed:tags:server:distributed:tags:rmi:distributed:tags:distributed:tags:nio,setupNIO,setup:nio,AnAbstractSimulationParametersBean:@@DistributedTags.SERVER_REMOTE_INTERFACE+@DistributedTags.RMI+@DistributedTags.SERVER_REMOTE_INTERFACE+@DistributedTags.RMI:Remote:@@DistributedTags.SERVER_REMOTE_INTERFACE+@DistributedTags.GIPC+@DistributedTags.SERVER_REMOTE_INTERFACE+@DistributedTags.GIPC:SimulationParametersListener:PropertyChangeListener:EventListener:SimulationParametersListener:@DistributedTags.READ_THREAD_INTERFACE+@DistributedTags.NIO:Runnable:@DistributedTags.READ_THREAD_INTERFACE+@DistributedTags.NIO:Runnable:SimulationParametersListener:SocketChannelConnectListener:SocketChannelWriteListener:SocketChannelReadListener:SimulationParametersListener:AnAbstractSimulationParametersBean:@@DistributedTags.CLIENT_REMOTE_INTERFACE+@DistributedTags.RMI+@DistributedTags.CLIENT_REMOTE_INTERFACE+@DistributedTags.RMI:Remote:@@DistributedTags.CLIENT_REMOTE_INTERFACE+@DistributedTags.GIPC+@DistributedTags.CLIENT_REMOTE_INTERFACE+@DistributedTags.GIPC:SimulationParametersListener:SimulationParametersListener:SocketChannelAcceptListener:SocketChannelReadListener:SocketChannelWriteListener,an:abstract:simulation:parameters:bean:distributed:tags:server:remote:interface:distributed:tags:rmi:distributed:tags:server:remote:interface:distributed:tags:rmi:remote:distributed:tags:server:remote:interface:distributed:tags:distributed:tags:server:remote:interface:distributed:tags:simulation:parameters:listener:property:change:listener:event:listener:simulation:parameters:listener:distributed:tags:read:thread:interface:distributed:tags:nio:distributed:tags:read:thread:interface:distributed:tags:nio:simulation:parameters:listener:socket:channel:connect:listener:socket:channel:write:listener:socket:channel:read:listener:simulation:parameters:listener:an:abstract:simulation:parameters:bean:distributed:tags:client:remote:interface:distributed:tags:rmi:distributed:tags:client:remote:interface:distributed:tags:rmi:remote:distributed:tags:client:remote:interface:distributed:tags:distributed:tags:client:remote:interface:distributed:tags:simulation:parameters:listener:simulation:parameters:listener:socket:channel:accept:listener:socket:channel:read:listener:socket:channel:write:listener,java.nio.channels.ServerSocketChannel,server:socket:channel,java.nio.channels.ServerSocketChannel,server:socket:channel,open,open
broadcast.ServerConfigurer,server,@@DistributedTags.SERVER_CONFIGURER+@DistributedTags.RMI+@DistributedTags.GIPC+@DistributedTags.SERVER_CONFIGURER+@DistributedTags.RMI+@DistributedTags.GIPC+@DistributedTags.NIO,distributed:tags:server:distributed:tags:rmi:distributed:tags:distributed:tags:server:distributed:tags:rmi:distributed:tags:distributed:tags:nio,setupNIO,setup:nio,AnAbstractSimulationParametersBean:@@DistributedTags.SERVER_REMOTE_INTERFACE+@DistributedTags.RMI+@DistributedTags.SERVER_REMOTE_INTERFACE+@DistributedTags.RMI:Remote:@@DistributedTags.SERVER_REMOTE_INTERFACE+@DistributedTags.GIPC+@DistributedTags.SERVER_REMOTE_INTERFACE+@DistributedTags.GIPC:SimulationParametersListener:PropertyChangeListener:EventListener:SimulationParametersListener:@DistributedTags.READ_THREAD_INTERFACE+@DistributedTags.NIO:Runnable:@DistributedTags.READ_THREAD_INTERFACE+@DistributedTags.NIO:Runnable:SimulationParametersListener:SocketChannelConnectListener:SocketChannelWriteListener:SocketChannelReadListener:SimulationParametersListener:AnAbstractSimulationParametersBean:@@DistributedTags.CLIENT_REMOTE_INTERFACE+@DistributedTags.RMI+@DistributedTags.CLIENT_REMOTE_INTERFACE+@DistributedTags.RMI:Remote:@@DistributedTags.CLIENT_REMOTE_INTERFACE+@DistributedTags.GIPC+@DistributedTags.CLIENT_REMOTE_INTERFACE+@DistributedTags.GIPC:SimulationParametersListener:SimulationParametersListener:SocketChannelAcceptListener:SocketChannelReadListener:SocketChannelWriteListener,an:abstract:simulation:parameters:bean:distributed:tags:server:remote:interface:distributed:tags:rmi:distributed:tags:server:remote:interface:distributed:tags:rmi:remote:distributed:tags:server:remote:interface:distributed:tags:distributed:tags:server:remote:interface:distributed:tags:simulation:parameters:listener:property:change:listener:event:listener:simulation:parameters:listener:distributed:tags:read:thread:interface:distributed:tags:nio:distributed:tags:read:thread:interface:distributed:tags:nio:simulation:parameters:listener:socket:channel:connect:listener:socket:channel:write:listener:socket:channel:read:listener:simulation:parameters:listener:an:abstract:simulation:parameters:bean:distributed:tags:client:remote:interface:distributed:tags:rmi:distributed:tags:client:remote:interface:distributed:tags:rmi:remote:distributed:tags:client:remote:interface:distributed:tags:distributed:tags:client:remote:interface:distributed:tags:simulation:parameters:listener:simulation:parameters:listener:socket:channel:accept:listener:socket:channel:read:listener:socket:channel:write:listener,java.net.InetSocketAddress,socket:address,java.net.InetSocketAddress,socket:address,InetSocketAddress,socket:address
broadcast.ServerConfigurer,server,@@DistributedTags.SERVER_CONFIGURER+@DistributedTags.RMI+@DistributedTags.GIPC+@DistributedTags.SERVER_CONFIGURER+@DistributedTags.RMI+@DistributedTags.GIPC+@DistributedTags.NIO,distributed:tags:server:distributed:tags:rmi:distributed:tags:distributed:tags:server:distributed:tags:rmi:distributed:tags:distributed:tags:nio,setupNIO,setup:nio,AnAbstractSimulationParametersBean:@@DistributedTags.SERVER_REMOTE_INTERFACE+@DistributedTags.RMI+@DistributedTags.SERVER_REMOTE_INTERFACE+@DistributedTags.RMI:Remote:@@DistributedTags.SERVER_REMOTE_INTERFACE+@DistributedTags.GIPC+@DistributedTags.SERVER_REMOTE_INTERFACE+@DistributedTags.GIPC:SimulationParametersListener:PropertyChangeListener:EventListener:SimulationParametersListener:@DistributedTags.READ_THREAD_INTERFACE+@DistributedTags.NIO:Runnable:@DistributedTags.READ_THREAD_INTERFACE+@DistributedTags.NIO:Runnable:SimulationParametersListener:SocketChannelConnectListener:SocketChannelWriteListener:SocketChannelReadListener:SimulationParametersListener:AnAbstractSimulationParametersBean:@@DistributedTags.CLIENT_REMOTE_INTERFACE+@DistributedTags.RMI+@DistributedTags.CLIENT_REMOTE_INTERFACE+@DistributedTags.RMI:Remote:@@DistributedTags.CLIENT_REMOTE_INTERFACE+@DistributedTags.GIPC+@DistributedTags.CLIENT_REMOTE_INTERFACE+@DistributedTags.GIPC:SimulationParametersListener:SimulationParametersListener:SocketChannelAcceptListener:SocketChannelReadListener:SocketChannelWriteListener,an:abstract:simulation:parameters:bean:distributed:tags:server:remote:interface:distributed:tags:rmi:distributed:tags:server:remote:interface:distributed:tags:rmi:remote:distributed:tags:server:remote:interface:distributed:tags:distributed:tags:server:remote:interface:distributed:tags:simulation:parameters:listener:property:change:listener:event:listener:simulation:parameters:listener:distributed:tags:read:thread:interface:distributed:tags:nio:distributed:tags:read:thread:interface:distributed:tags:nio:simulation:parameters:listener:socket:channel:connect:listener:socket:channel:write:listener:socket:channel:read:listener:simulation:parameters:listener:an:abstract:simulation:parameters:bean:distributed:tags:client:remote:interface:distributed:tags:rmi:distributed:tags:client:remote:interface:distributed:tags:rmi:remote:distributed:tags:client:remote:interface:distributed:tags:distributed:tags:client:remote:interface:distributed:tags:simulation:parameters:listener:simulation:parameters:listener:socket:channel:accept:listener:socket:channel:read:listener:socket:channel:write:listener,java.nio.channels.ServerSocketChannel,server:socket:channel,java.nio.channels.ServerSocketChannel,server:socket:channel,bind,bind
broadcast.ServerConfigurer,server,@@DistributedTags.SERVER_CONFIGURER+@DistributedTags.RMI+@DistributedTags.GIPC+@DistributedTags.SERVER_CONFIGURER+@DistributedTags.RMI+@DistributedTags.GIPC+@DistributedTags.NIO,distributed:tags:server:distributed:tags:rmi:distributed:tags:distributed:tags:server:distributed:tags:rmi:distributed:tags:distributed:tags:nio,setupNIO,setup:nio,AnAbstractSimulationParametersBean:@@DistributedTags.SERVER_REMOTE_INTERFACE+@DistributedTags.RMI+@DistributedTags.SERVER_REMOTE_INTERFACE+@DistributedTags.RMI:Remote:@@DistributedTags.SERVER_REMOTE_INTERFACE+@DistributedTags.GIPC+@DistributedTags.SERVER_REMOTE_INTERFACE+@DistributedTags.GIPC:SimulationParametersListener:PropertyChangeListener:EventListener:SimulationParametersListener:@DistributedTags.READ_THREAD_INTERFACE+@DistributedTags.NIO:Runnable:@DistributedTags.READ_THREAD_INTERFACE+@DistributedTags.NIO:Runnable:SimulationParametersListener:SocketChannelConnectListener:SocketChannelWriteListener:SocketChannelReadListener:SimulationParametersListener:AnAbstractSimulationParametersBean:@@DistributedTags.CLIENT_REMOTE_INTERFACE+@DistributedTags.RMI+@DistributedTags.CLIENT_REMOTE_INTERFACE+@DistributedTags.RMI:Remote:@@DistributedTags.CLIENT_REMOTE_INTERFACE+@DistributedTags.GIPC+@DistributedTags.CLIENT_REMOTE_INTERFACE+@DistributedTags.GIPC:SimulationParametersListener:SimulationParametersListener:SocketChannelAcceptListener:SocketChannelReadListener:SocketChannelWriteListener,an:abstract:simulation:parameters:bean:distributed:tags:server:remote:interface:distributed:tags:rmi:distributed:tags:server:remote:interface:distributed:tags:rmi:remote:distributed:tags:server:remote:interface:distributed:tags:distributed:tags:server:remote:interface:distributed:tags:simulation:parameters:listener:property:change:listener:event:listener:simulation:parameters:listener:distributed:tags:read:thread:interface:distributed:tags:nio:distributed:tags:read:thread:interface:distributed:tags:nio:simulation:parameters:listener:socket:channel:connect:listener:socket:channel:write:listener:socket:channel:read:listener:simulation:parameters:listener:an:abstract:simulation:parameters:bean:distributed:tags:client:remote:interface:distributed:tags:rmi:distributed:tags:client:remote:interface:distributed:tags:rmi:remote:distributed:tags:client:remote:interface:distributed:tags:distributed:tags:client:remote:interface:distributed:tags:simulation:parameters:listener:simulation:parameters:listener:socket:channel:accept:listener:socket:channel:read:listener:socket:channel:write:listener,java.nio.channels.ServerSocketChannel,server:socket:channel,java.nio.channels.ServerSocketChannel,server:socket:channel,socket,socket
broadcast.ServerConfigurer,server,@@DistributedTags.SERVER_CONFIGURER+@DistributedTags.RMI+@DistributedTags.GIPC+@DistributedTags.SERVER_CONFIGURER+@DistributedTags.RMI+@DistributedTags.GIPC+@DistributedTags.NIO,distributed:tags:server:distributed:tags:rmi:distributed:tags:distributed:tags:server:distributed:tags:rmi:distributed:tags:distributed:tags:nio,setupNIO,setup:nio,AnAbstractSimulationParametersBean:@@DistributedTags.SERVER_REMOTE_INTERFACE+@DistributedTags.RMI+@DistributedTags.SERVER_REMOTE_INTERFACE+@DistributedTags.RMI:Remote:@@DistributedTags.SERVER_REMOTE_INTERFACE+@DistributedTags.GIPC+@DistributedTags.SERVER_REMOTE_INTERFACE+@DistributedTags.GIPC:SimulationParametersListener:PropertyChangeListener:EventListener:SimulationParametersListener:@DistributedTags.READ_THREAD_INTERFACE+@DistributedTags.NIO:Runnable:@DistributedTags.READ_THREAD_INTERFACE+@DistributedTags.NIO:Runnable:SimulationParametersListener:SocketChannelConnectListener:SocketChannelWriteListener:SocketChannelReadListener:SimulationParametersListener:AnAbstractSimulationParametersBean:@@DistributedTags.CLIENT_REMOTE_INTERFACE+@DistributedTags.RMI+@DistributedTags.CLIENT_REMOTE_INTERFACE+@DistributedTags.RMI:Remote:@@DistributedTags.CLIENT_REMOTE_INTERFACE+@DistributedTags.GIPC+@DistributedTags.CLIENT_REMOTE_INTERFACE+@DistributedTags.GIPC:SimulationParametersListener:SimulationParametersListener:SocketChannelAcceptListener:SocketChannelReadListener:SocketChannelWriteListener,an:abstract:simulation:parameters:bean:distributed:tags:server:remote:interface:distributed:tags:rmi:distributed:tags:server:remote:interface:distributed:tags:rmi:remote:distributed:tags:server:remote:interface:distributed:tags:distributed:tags:server:remote:interface:distributed:tags:simulation:parameters:listener:property:change:listener:event:listener:simulation:parameters:listener:distributed:tags:read:thread:interface:distributed:tags:nio:distributed:tags:read:thread:interface:distributed:tags:nio:simulation:parameters:listener:socket:channel:connect:listener:socket:channel:write:listener:socket:channel:read:listener:simulation:parameters:listener:an:abstract:simulation:parameters:bean:distributed:tags:client:remote:interface:distributed:tags:rmi:distributed:tags:client:remote:interface:distributed:tags:rmi:remote:distributed:tags:client:remote:interface:distributed:tags:distributed:tags:client:remote:interface:distributed:tags:simulation:parameters:listener:simulation:parameters:listener:socket:channel:accept:listener:socket:channel:read:listener:socket:channel:write:listener,util.trace.port.nio.SocketChannelBound,socket:channel:bound,util.trace.port.nio.SocketChannelBound,socket:channel:bound,newCase,new:case
broadcast.ServerConfigurer,server,@@DistributedTags.SERVER_CONFIGURER+@DistributedTags.RMI+@DistributedTags.GIPC+@DistributedTags.SERVER_CONFIGURER+@DistributedTags.RMI+@DistributedTags.GIPC+@DistributedTags.NIO,distributed:tags:server:distributed:tags:rmi:distributed:tags:distributed:tags:server:distributed:tags:rmi:distributed:tags:distributed:tags:nio,setupNIO,setup:nio,AnAbstractSimulationParametersBean:@@DistributedTags.SERVER_REMOTE_INTERFACE+@DistributedTags.RMI+@DistributedTags.SERVER_REMOTE_INTERFACE+@DistributedTags.RMI:Remote:@@DistributedTags.SERVER_REMOTE_INTERFACE+@DistributedTags.GIPC+@DistributedTags.SERVER_REMOTE_INTERFACE+@DistributedTags.GIPC:SimulationParametersListener:PropertyChangeListener:EventListener:SimulationParametersListener:@DistributedTags.READ_THREAD_INTERFACE+@DistributedTags.NIO:Runnable:@DistributedTags.READ_THREAD_INTERFACE+@DistributedTags.NIO:Runnable:SimulationParametersListener:SocketChannelConnectListener:SocketChannelWriteListener:SocketChannelReadListener:SimulationParametersListener:AnAbstractSimulationParametersBean:@@DistributedTags.CLIENT_REMOTE_INTERFACE+@DistributedTags.RMI+@DistributedTags.CLIENT_REMOTE_INTERFACE+@DistributedTags.RMI:Remote:@@DistributedTags.CLIENT_REMOTE_INTERFACE+@DistributedTags.GIPC+@DistributedTags.CLIENT_REMOTE_INTERFACE+@DistributedTags.GIPC:SimulationParametersListener:SimulationParametersListener:SocketChannelAcceptListener:SocketChannelReadListener:SocketChannelWriteListener,an:abstract:simulation:parameters:bean:distributed:tags:server:remote:interface:distributed:tags:rmi:distributed:tags:server:remote:interface:distributed:tags:rmi:remote:distributed:tags:server:remote:interface:distributed:tags:distributed:tags:server:remote:interface:distributed:tags:simulation:parameters:listener:property:change:listener:event:listener:simulation:parameters:listener:distributed:tags:read:thread:interface:distributed:tags:nio:distributed:tags:read:thread:interface:distributed:tags:nio:simulation:parameters:listener:socket:channel:connect:listener:socket:channel:write:listener:socket:channel:read:listener:simulation:parameters:listener:an:abstract:simulation:parameters:bean:distributed:tags:client:remote:interface:distributed:tags:rmi:distributed:tags:client:remote:interface:distributed:tags:rmi:remote:distributed:tags:client:remote:interface:distributed:tags:distributed:tags:client:remote:interface:distributed:tags:simulation:parameters:listener:simulation:parameters:listener:socket:channel:accept:listener:socket:channel:read:listener:socket:channel:write:listener,inputport.nio.manager.NIOManager,nio:manager,inputport.nio.manager.NIOManager,nio:manager,enableListenableAccepts,enable:accepts
broadcast.ServerConfigurer,server,@@DistributedTags.SERVER_CONFIGURER+@DistributedTags.RMI+@DistributedTags.GIPC+@DistributedTags.SERVER_CONFIGURER+@DistributedTags.RMI+@DistributedTags.GIPC+@DistributedTags.NIO,distributed:tags:server:distributed:tags:rmi:distributed:tags:distributed:tags:server:distributed:tags:rmi:distributed:tags:distributed:tags:nio,socketChannelRead,socket:channel:read,AnAbstractSimulationParametersBean:@@DistributedTags.SERVER_REMOTE_INTERFACE+@DistributedTags.RMI+@DistributedTags.SERVER_REMOTE_INTERFACE+@DistributedTags.RMI:Remote:@@DistributedTags.SERVER_REMOTE_INTERFACE+@DistributedTags.GIPC+@DistributedTags.SERVER_REMOTE_INTERFACE+@DistributedTags.GIPC:SimulationParametersListener:PropertyChangeListener:EventListener:SimulationParametersListener:@DistributedTags.READ_THREAD_INTERFACE+@DistributedTags.NIO:Runnable:@DistributedTags.READ_THREAD_INTERFACE+@DistributedTags.NIO:Runnable:SimulationParametersListener:SocketChannelConnectListener:SocketChannelWriteListener:SocketChannelReadListener:SimulationParametersListener:AnAbstractSimulationParametersBean:@@DistributedTags.CLIENT_REMOTE_INTERFACE+@DistributedTags.RMI+@DistributedTags.CLIENT_REMOTE_INTERFACE+@DistributedTags.RMI:Remote:@@DistributedTags.CLIENT_REMOTE_INTERFACE+@DistributedTags.GIPC+@DistributedTags.CLIENT_REMOTE_INTERFACE+@DistributedTags.GIPC:SimulationParametersListener:SimulationParametersListener:SocketChannelAcceptListener:SocketChannelReadListener:SocketChannelWriteListener,an:abstract:simulation:parameters:bean:distributed:tags:server:remote:interface:distributed:tags:rmi:distributed:tags:server:remote:interface:distributed:tags:rmi:remote:distributed:tags:server:remote:interface:distributed:tags:distributed:tags:server:remote:interface:distributed:tags:simulation:parameters:listener:property:change:listener:event:listener:simulation:parameters:listener:distributed:tags:read:thread:interface:distributed:tags:nio:distributed:tags:read:thread:interface:distributed:tags:nio:simulation:parameters:listener:socket:channel:connect:listener:socket:channel:write:listener:socket:channel:read:listener:simulation:parameters:listener:an:abstract:simulation:parameters:bean:distributed:tags:client:remote:interface:distributed:tags:rmi:distributed:tags:client:remote:interface:distributed:tags:rmi:remote:distributed:tags:client:remote:interface:distributed:tags:distributed:tags:client:remote:interface:distributed:tags:simulation:parameters:listener:simulation:parameters:listener:socket:channel:accept:listener:socket:channel:read:listener:socket:channel:write:listener,assignments.util.MiscAssignmentUtils,assignment,assignments.util.MiscAssignmentUtils,assignment,deepDuplicate,deep:duplicate
broadcast.ServerConfigurer,server,@@DistributedTags.SERVER_CONFIGURER+@DistributedTags.RMI+@DistributedTags.GIPC+@DistributedTags.SERVER_CONFIGURER+@DistributedTags.RMI+@DistributedTags.GIPC+@DistributedTags.NIO,distributed:tags:server:distributed:tags:rmi:distributed:tags:distributed:tags:server:distributed:tags:rmi:distributed:tags:distributed:tags:nio,socketChannelRead,socket:channel:read,AnAbstractSimulationParametersBean:@@DistributedTags.SERVER_REMOTE_INTERFACE+@DistributedTags.RMI+@DistributedTags.SERVER_REMOTE_INTERFACE+@DistributedTags.RMI:Remote:@@DistributedTags.SERVER_REMOTE_INTERFACE+@DistributedTags.GIPC+@DistributedTags.SERVER_REMOTE_INTERFACE+@DistributedTags.GIPC:SimulationParametersListener:PropertyChangeListener:EventListener:SimulationParametersListener:@DistributedTags.READ_THREAD_INTERFACE+@DistributedTags.NIO:Runnable:@DistributedTags.READ_THREAD_INTERFACE+@DistributedTags.NIO:Runnable:SimulationParametersListener:SocketChannelConnectListener:SocketChannelWriteListener:SocketChannelReadListener:SimulationParametersListener:AnAbstractSimulationParametersBean:@@DistributedTags.CLIENT_REMOTE_INTERFACE+@DistributedTags.RMI+@DistributedTags.CLIENT_REMOTE_INTERFACE+@DistributedTags.RMI:Remote:@@DistributedTags.CLIENT_REMOTE_INTERFACE+@DistributedTags.GIPC+@DistributedTags.CLIENT_REMOTE_INTERFACE+@DistributedTags.GIPC:SimulationParametersListener:SimulationParametersListener:SocketChannelAcceptListener:SocketChannelReadListener:SocketChannelWriteListener,an:abstract:simulation:parameters:bean:distributed:tags:server:remote:interface:distributed:tags:rmi:distributed:tags:server:remote:interface:distributed:tags:rmi:remote:distributed:tags:server:remote:interface:distributed:tags:distributed:tags:server:remote:interface:distributed:tags:simulation:parameters:listener:property:change:listener:event:listener:simulation:parameters:listener:distributed:tags:read:thread:interface:distributed:tags:nio:distributed:tags:read:thread:interface:distributed:tags:nio:simulation:parameters:listener:socket:channel:connect:listener:socket:channel:write:listener:socket:channel:read:listener:simulation:parameters:listener:an:abstract:simulation:parameters:bean:distributed:tags:client:remote:interface:distributed:tags:rmi:distributed:tags:client:remote:interface:distributed:tags:rmi:remote:distributed:tags:client:remote:interface:distributed:tags:distributed:tags:client:remote:interface:distributed:tags:simulation:parameters:listener:simulation:parameters:listener:socket:channel:accept:listener:socket:channel:read:listener:socket:channel:write:listener,java.util.concurrent.ArrayBlockingQueue,array:blocking:queue,java.util.concurrent.ArrayBlockingQueue,array:blocking:queue,add,add
broadcast.ServerConfigurer,server,@@DistributedTags.SERVER_CONFIGURER+@DistributedTags.RMI+@DistributedTags.GIPC+@DistributedTags.SERVER_CONFIGURER+@DistributedTags.RMI+@DistributedTags.GIPC+@DistributedTags.NIO,distributed:tags:server:distributed:tags:rmi:distributed:tags:distributed:tags:server:distributed:tags:rmi:distributed:tags:distributed:tags:nio,socketChannelAccepted,socket:channel:accepted,AnAbstractSimulationParametersBean:@@DistributedTags.SERVER_REMOTE_INTERFACE+@DistributedTags.RMI+@DistributedTags.SERVER_REMOTE_INTERFACE+@DistributedTags.RMI:Remote:@@DistributedTags.SERVER_REMOTE_INTERFACE+@DistributedTags.GIPC+@DistributedTags.SERVER_REMOTE_INTERFACE+@DistributedTags.GIPC:SimulationParametersListener:PropertyChangeListener:EventListener:SimulationParametersListener:@DistributedTags.READ_THREAD_INTERFACE+@DistributedTags.NIO:Runnable:@DistributedTags.READ_THREAD_INTERFACE+@DistributedTags.NIO:Runnable:SimulationParametersListener:SocketChannelConnectListener:SocketChannelWriteListener:SocketChannelReadListener:SimulationParametersListener:AnAbstractSimulationParametersBean:@@DistributedTags.CLIENT_REMOTE_INTERFACE+@DistributedTags.RMI+@DistributedTags.CLIENT_REMOTE_INTERFACE+@DistributedTags.RMI:Remote:@@DistributedTags.CLIENT_REMOTE_INTERFACE+@DistributedTags.GIPC+@DistributedTags.CLIENT_REMOTE_INTERFACE+@DistributedTags.GIPC:SimulationParametersListener:SimulationParametersListener:SocketChannelAcceptListener:SocketChannelReadListener:SocketChannelWriteListener,an:abstract:simulation:parameters:bean:distributed:tags:server:remote:interface:distributed:tags:rmi:distributed:tags:server:remote:interface:distributed:tags:rmi:remote:distributed:tags:server:remote:interface:distributed:tags:distributed:tags:server:remote:interface:distributed:tags:simulation:parameters:listener:property:change:listener:event:listener:simulation:parameters:listener:distributed:tags:read:thread:interface:distributed:tags:nio:distributed:tags:read:thread:interface:distributed:tags:nio:simulation:parameters:listener:socket:channel:connect:listener:socket:channel:write:listener:socket:channel:read:listener:simulation:parameters:listener:an:abstract:simulation:parameters:bean:distributed:tags:client:remote:interface:distributed:tags:rmi:distributed:tags:client:remote:interface:distributed:tags:rmi:remote:distributed:tags:client:remote:interface:distributed:tags:distributed:tags:client:remote:interface:distributed:tags:simulation:parameters:listener:simulation:parameters:listener:socket:channel:accept:listener:socket:channel:read:listener:socket:channel:write:listener,java.util.List,list,java.util.List,list,add,add
broadcast.ServerConfigurer,server,@@DistributedTags.SERVER_CONFIGURER+@DistributedTags.RMI+@DistributedTags.GIPC+@DistributedTags.SERVER_CONFIGURER+@DistributedTags.RMI+@DistributedTags.GIPC+@DistributedTags.NIO,distributed:tags:server:distributed:tags:rmi:distributed:tags:distributed:tags:server:distributed:tags:rmi:distributed:tags:distributed:tags:nio,socketChannelAccepted,socket:channel:accepted,AnAbstractSimulationParametersBean:@@DistributedTags.SERVER_REMOTE_INTERFACE+@DistributedTags.RMI+@DistributedTags.SERVER_REMOTE_INTERFACE+@DistributedTags.RMI:Remote:@@DistributedTags.SERVER_REMOTE_INTERFACE+@DistributedTags.GIPC+@DistributedTags.SERVER_REMOTE_INTERFACE+@DistributedTags.GIPC:SimulationParametersListener:PropertyChangeListener:EventListener:SimulationParametersListener:@DistributedTags.READ_THREAD_INTERFACE+@DistributedTags.NIO:Runnable:@DistributedTags.READ_THREAD_INTERFACE+@DistributedTags.NIO:Runnable:SimulationParametersListener:SocketChannelConnectListener:SocketChannelWriteListener:SocketChannelReadListener:SimulationParametersListener:AnAbstractSimulationParametersBean:@@DistributedTags.CLIENT_REMOTE_INTERFACE+@DistributedTags.RMI+@DistributedTags.CLIENT_REMOTE_INTERFACE+@DistributedTags.RMI:Remote:@@DistributedTags.CLIENT_REMOTE_INTERFACE+@DistributedTags.GIPC+@DistributedTags.CLIENT_REMOTE_INTERFACE+@DistributedTags.GIPC:SimulationParametersListener:SimulationParametersListener:SocketChannelAcceptListener:SocketChannelReadListener:SocketChannelWriteListener,an:abstract:simulation:parameters:bean:distributed:tags:server:remote:interface:distributed:tags:rmi:distributed:tags:server:remote:interface:distributed:tags:rmi:remote:distributed:tags:server:remote:interface:distributed:tags:distributed:tags:server:remote:interface:distributed:tags:simulation:parameters:listener:property:change:listener:event:listener:simulation:parameters:listener:distributed:tags:read:thread:interface:distributed:tags:nio:distributed:tags:read:thread:interface:distributed:tags:nio:simulation:parameters:listener:socket:channel:connect:listener:socket:channel:write:listener:socket:channel:read:listener:simulation:parameters:listener:an:abstract:simulation:parameters:bean:distributed:tags:client:remote:interface:distributed:tags:rmi:distributed:tags:client:remote:interface:distributed:tags:rmi:remote:distributed:tags:client:remote:interface:distributed:tags:distributed:tags:client:remote:interface:distributed:tags:simulation:parameters:listener:simulation:parameters:listener:socket:channel:accept:listener:socket:channel:read:listener:socket:channel:write:listener,inputport.nio.manager.NIOManager,nio:manager,inputport.nio.manager.NIOManager,nio:manager,addReadListener,add:read:listener
client.Main,main,@@DistributedTags.CLIENT+@DistributedTags.RMI+@DistributedTags.GIPC+@DistributedTags.CLIENT+@DistributedTags.RMI+@DistributedTags.GIPC+@DistributedTags.NIO,distributed:tags:client:distributed:tags:rmi:distributed:tags:distributed:tags:client:distributed:tags:rmi:distributed:tags:distributed:tags:nio,main,main,AnAbstractSimulationParametersBean:@@DistributedTags.SERVER_REMOTE_INTERFACE+@DistributedTags.RMI+@DistributedTags.SERVER_REMOTE_INTERFACE+@DistributedTags.RMI:Remote:@@DistributedTags.SERVER_REMOTE_INTERFACE+@DistributedTags.GIPC+@DistributedTags.SERVER_REMOTE_INTERFACE+@DistributedTags.GIPC:SimulationParametersListener:PropertyChangeListener:EventListener:SimulationParametersListener:@DistributedTags.READ_THREAD_INTERFACE+@DistributedTags.NIO:Runnable:@DistributedTags.READ_THREAD_INTERFACE+@DistributedTags.NIO:Runnable:SimulationParametersListener:SocketChannelConnectListener:SocketChannelWriteListener:SocketChannelReadListener:SimulationParametersListener:AnAbstractSimulationParametersBean:@@DistributedTags.CLIENT_REMOTE_INTERFACE+@DistributedTags.RMI+@DistributedTags.CLIENT_REMOTE_INTERFACE+@DistributedTags.RMI:Remote:@@DistributedTags.CLIENT_REMOTE_INTERFACE+@DistributedTags.GIPC+@DistributedTags.CLIENT_REMOTE_INTERFACE+@DistributedTags.GIPC:SimulationParametersListener:SimulationParametersListener:SocketChannelAcceptListener:SocketChannelReadListener:SocketChannelWriteListener,an:abstract:simulation:parameters:bean:distributed:tags:server:remote:interface:distributed:tags:rmi:distributed:tags:server:remote:interface:distributed:tags:rmi:remote:distributed:tags:server:remote:interface:distributed:tags:distributed:tags:server:remote:interface:distributed:tags:simulation:parameters:listener:property:change:listener:event:listener:simulation:parameters:listener:distributed:tags:read:thread:interface:distributed:tags:nio:distributed:tags:read:thread:interface:distributed:tags:nio:simulation:parameters:listener:socket:channel:connect:listener:socket:channel:write:listener:socket:channel:read:listener:simulation:parameters:listener:an:abstract:simulation:parameters:bean:distributed:tags:client:remote:interface:distributed:tags:rmi:distributed:tags:client:remote:interface:distributed:tags:rmi:remote:distributed:tags:client:remote:interface:distributed:tags:distributed:tags:client:remote:interface:distributed:tags:simulation:parameters:listener:simulation:parameters:listener:socket:channel:accept:listener:socket:channel:read:listener:socket:channel:write:listener,assignments.util.mainArgs.ClientArgsProcessor,client:args:processor,assignments.util.mainArgs.ClientArgsProcessor,client:args:processor,getRegistryHost,get:registry:host
client.Main,main,@@DistributedTags.CLIENT+@DistributedTags.RMI+@DistributedTags.GIPC+@DistributedTags.CLIENT+@DistributedTags.RMI+@DistributedTags.GIPC+@DistributedTags.NIO,distributed:tags:client:distributed:tags:rmi:distributed:tags:distributed:tags:client:distributed:tags:rmi:distributed:tags:distributed:tags:nio,main,main,AnAbstractSimulationParametersBean:@@DistributedTags.SERVER_REMOTE_INTERFACE+@DistributedTags.RMI+@DistributedTags.SERVER_REMOTE_INTERFACE+@DistributedTags.RMI:Remote:@@DistributedTags.SERVER_REMOTE_INTERFACE+@DistributedTags.GIPC+@DistributedTags.SERVER_REMOTE_INTERFACE+@DistributedTags.GIPC:SimulationParametersListener:PropertyChangeListener:EventListener:SimulationParametersListener:@DistributedTags.READ_THREAD_INTERFACE+@DistributedTags.NIO:Runnable:@DistributedTags.READ_THREAD_INTERFACE+@DistributedTags.NIO:Runnable:SimulationParametersListener:SocketChannelConnectListener:SocketChannelWriteListener:SocketChannelReadListener:SimulationParametersListener:AnAbstractSimulationParametersBean:@@DistributedTags.CLIENT_REMOTE_INTERFACE+@DistributedTags.RMI+@DistributedTags.CLIENT_REMOTE_INTERFACE+@DistributedTags.RMI:Remote:@@DistributedTags.CLIENT_REMOTE_INTERFACE+@DistributedTags.GIPC+@DistributedTags.CLIENT_REMOTE_INTERFACE+@DistributedTags.GIPC:SimulationParametersListener:SimulationParametersListener:SocketChannelAcceptListener:SocketChannelReadListener:SocketChannelWriteListener,an:abstract:simulation:parameters:bean:distributed:tags:server:remote:interface:distributed:tags:rmi:distributed:tags:server:remote:interface:distributed:tags:rmi:remote:distributed:tags:server:remote:interface:distributed:tags:distributed:tags:server:remote:interface:distributed:tags:simulation:parameters:listener:property:change:listener:event:listener:simulation:parameters:listener:distributed:tags:read:thread:interface:distributed:tags:nio:distributed:tags:read:thread:interface:distributed:tags:nio:simulation:parameters:listener:socket:channel:connect:listener:socket:channel:write:listener:socket:channel:read:listener:simulation:parameters:listener:an:abstract:simulation:parameters:bean:distributed:tags:client:remote:interface:distributed:tags:rmi:distributed:tags:client:remote:interface:distributed:tags:rmi:remote:distributed:tags:client:remote:interface:distributed:tags:distributed:tags:client:remote:interface:distributed:tags:simulation:parameters:listener:simulation:parameters:listener:socket:channel:accept:listener:socket:channel:read:listener:socket:channel:write:listener,assignments.util.mainArgs.ClientArgsProcessor,client:args:processor,assignments.util.mainArgs.ClientArgsProcessor,client:args:processor,getRegistryPort,get:registry:port
client.Main,main,@@DistributedTags.CLIENT+@DistributedTags.RMI+@DistributedTags.GIPC+@DistributedTags.CLIENT+@DistributedTags.RMI+@DistributedTags.GIPC+@DistributedTags.NIO,distributed:tags:client:distributed:tags:rmi:distributed:tags:distributed:tags:client:distributed:tags:rmi:distributed:tags:distributed:tags:nio,main,main,AnAbstractSimulationParametersBean:@@DistributedTags.SERVER_REMOTE_INTERFACE+@DistributedTags.RMI+@DistributedTags.SERVER_REMOTE_INTERFACE+@DistributedTags.RMI:Remote:@@DistributedTags.SERVER_REMOTE_INTERFACE+@DistributedTags.GIPC+@DistributedTags.SERVER_REMOTE_INTERFACE+@DistributedTags.GIPC:SimulationParametersListener:PropertyChangeListener:EventListener:SimulationParametersListener:@DistributedTags.READ_THREAD_INTERFACE+@DistributedTags.NIO:Runnable:@DistributedTags.READ_THREAD_INTERFACE+@DistributedTags.NIO:Runnable:SimulationParametersListener:SocketChannelConnectListener:SocketChannelWriteListener:SocketChannelReadListener:SimulationParametersListener:AnAbstractSimulationParametersBean:@@DistributedTags.CLIENT_REMOTE_INTERFACE+@DistributedTags.RMI+@DistributedTags.CLIENT_REMOTE_INTERFACE+@DistributedTags.RMI:Remote:@@DistributedTags.CLIENT_REMOTE_INTERFACE+@DistributedTags.GIPC+@DistributedTags.CLIENT_REMOTE_INTERFACE+@DistributedTags.GIPC:SimulationParametersListener:SimulationParametersListener:SocketChannelAcceptListener:SocketChannelReadListener:SocketChannelWriteListener,an:abstract:simulation:parameters:bean:distributed:tags:server:remote:interface:distributed:tags:rmi:distributed:tags:server:remote:interface:distributed:tags:rmi:remote:distributed:tags:server:remote:interface:distributed:tags:distributed:tags:server:remote:interface:distributed:tags:simulation:parameters:listener:property:change:listener:event:listener:simulation:parameters:listener:distributed:tags:read:thread:interface:distributed:tags:nio:distributed:tags:read:thread:interface:distributed:tags:nio:simulation:parameters:listener:socket:channel:connect:listener:socket:channel:write:listener:socket:channel:read:listener:simulation:parameters:listener:an:abstract:simulation:parameters:bean:distributed:tags:client:remote:interface:distributed:tags:rmi:distributed:tags:client:remote:interface:distributed:tags:rmi:remote:distributed:tags:client:remote:interface:distributed:tags:distributed:tags:client:remote:interface:distributed:tags:simulation:parameters:listener:simulation:parameters:listener:socket:channel:accept:listener:socket:channel:read:listener:socket:channel:write:listener,assignments.util.mainArgs.ClientArgsProcessor,client:args:processor,assignments.util.mainArgs.ClientArgsProcessor,client:args:processor,getClientName,get:client:name
client.Main,main,@@DistributedTags.CLIENT+@DistributedTags.RMI+@DistributedTags.GIPC+@DistributedTags.CLIENT+@DistributedTags.RMI+@DistributedTags.GIPC+@DistributedTags.NIO,distributed:tags:client:distributed:tags:rmi:distributed:tags:distributed:tags:client:distributed:tags:rmi:distributed:tags:distributed:tags:nio,main,main,AnAbstractSimulationParametersBean:@@DistributedTags.SERVER_REMOTE_INTERFACE+@DistributedTags.RMI+@DistributedTags.SERVER_REMOTE_INTERFACE+@DistributedTags.RMI:Remote:@@DistributedTags.SERVER_REMOTE_INTERFACE+@DistributedTags.GIPC+@DistributedTags.SERVER_REMOTE_INTERFACE+@DistributedTags.GIPC:SimulationParametersListener:PropertyChangeListener:EventListener:SimulationParametersListener:@DistributedTags.READ_THREAD_INTERFACE+@DistributedTags.NIO:Runnable:@DistributedTags.READ_THREAD_INTERFACE+@DistributedTags.NIO:Runnable:SimulationParametersListener:SocketChannelConnectListener:SocketChannelWriteListener:SocketChannelReadListener:SimulationParametersListener:AnAbstractSimulationParametersBean:@@DistributedTags.CLIENT_REMOTE_INTERFACE+@DistributedTags.RMI+@DistributedTags.CLIENT_REMOTE_INTERFACE+@DistributedTags.RMI:Remote:@@DistributedTags.CLIENT_REMOTE_INTERFACE+@DistributedTags.GIPC+@DistributedTags.CLIENT_REMOTE_INTERFACE+@DistributedTags.GIPC:SimulationParametersListener:SimulationParametersListener:SocketChannelAcceptListener:SocketChannelReadListener:SocketChannelWriteListener,an:abstract:simulation:parameters:bean:distributed:tags:server:remote:interface:distributed:tags:rmi:distributed:tags:server:remote:interface:distributed:tags:rmi:remote:distributed:tags:server:remote:interface:distributed:tags:distributed:tags:server:remote:interface:distributed:tags:simulation:parameters:listener:property:change:listener:event:listener:simulation:parameters:listener:distributed:tags:read:thread:interface:distributed:tags:nio:distributed:tags:read:thread:interface:distributed:tags:nio:simulation:parameters:listener:socket:channel:connect:listener:socket:channel:write:listener:socket:channel:read:listener:simulation:parameters:listener:an:abstract:simulation:parameters:bean:distributed:tags:client:remote:interface:distributed:tags:rmi:distributed:tags:client:remote:interface:distributed:tags:rmi:remote:distributed:tags:client:remote:interface:distributed:tags:distributed:tags:client:remote:interface:distributed:tags:simulation:parameters:listener:simulation:parameters:listener:socket:channel:accept:listener:socket:channel:read:listener:socket:channel:write:listener,client.CoupledClientSimulation,coupled:client:simulation,@@DistributedTags.CLIENT_REMOTE_OBJECT+@DistributedTags.RMI+@DistributedTags.GIPC+@DistributedTags.CLIENT_REMOTE_OBJECT+@DistributedTags.RMI+@DistributedTags.GIPC,distributed:tags:client:remote:object:distributed:tags:rmi:distributed:tags:distributed:tags:client:remote:object:distributed:tags:rmi:distributed:tags,CoupledClientSimulation,coupled:client:simulation
client.Main,main,@@DistributedTags.CLIENT+@DistributedTags.RMI+@DistributedTags.GIPC+@DistributedTags.CLIENT+@DistributedTags.RMI+@DistributedTags.GIPC+@DistributedTags.NIO,distributed:tags:client:distributed:tags:rmi:distributed:tags:distributed:tags:client:distributed:tags:rmi:distributed:tags:distributed:tags:nio,main,main,AnAbstractSimulationParametersBean:@@DistributedTags.SERVER_REMOTE_INTERFACE+@DistributedTags.RMI+@DistributedTags.SERVER_REMOTE_INTERFACE+@DistributedTags.RMI:Remote:@@DistributedTags.SERVER_REMOTE_INTERFACE+@DistributedTags.GIPC+@DistributedTags.SERVER_REMOTE_INTERFACE+@DistributedTags.GIPC:SimulationParametersListener:PropertyChangeListener:EventListener:SimulationParametersListener:@DistributedTags.READ_THREAD_INTERFACE+@DistributedTags.NIO:Runnable:@DistributedTags.READ_THREAD_INTERFACE+@DistributedTags.NIO:Runnable:SimulationParametersListener:SocketChannelConnectListener:SocketChannelWriteListener:SocketChannelReadListener:SimulationParametersListener:AnAbstractSimulationParametersBean:@@DistributedTags.CLIENT_REMOTE_INTERFACE+@DistributedTags.RMI+@DistributedTags.CLIENT_REMOTE_INTERFACE+@DistributedTags.RMI:Remote:@@DistributedTags.CLIENT_REMOTE_INTERFACE+@DistributedTags.GIPC+@DistributedTags.CLIENT_REMOTE_INTERFACE+@DistributedTags.GIPC:SimulationParametersListener:SimulationParametersListener:SocketChannelAcceptListener:SocketChannelReadListener:SocketChannelWriteListener,an:abstract:simulation:parameters:bean:distributed:tags:server:remote:interface:distributed:tags:rmi:distributed:tags:server:remote:interface:distributed:tags:rmi:remote:distributed:tags:server:remote:interface:distributed:tags:distributed:tags:server:remote:interface:distributed:tags:simulation:parameters:listener:property:change:listener:event:listener:simulation:parameters:listener:distributed:tags:read:thread:interface:distributed:tags:nio:distributed:tags:read:thread:interface:distributed:tags:nio:simulation:parameters:listener:socket:channel:connect:listener:socket:channel:write:listener:socket:channel:read:listener:simulation:parameters:listener:an:abstract:simulation:parameters:bean:distributed:tags:client:remote:interface:distributed:tags:rmi:distributed:tags:client:remote:interface:distributed:tags:rmi:remote:distributed:tags:client:remote:interface:distributed:tags:distributed:tags:client:remote:interface:distributed:tags:simulation:parameters:listener:simulation:parameters:listener:socket:channel:accept:listener:socket:channel:read:listener:socket:channel:write:listener,client.CoupledClientSimulation,coupled:client:simulation,@@DistributedTags.CLIENT_REMOTE_OBJECT+@DistributedTags.RMI+@DistributedTags.GIPC+@DistributedTags.CLIENT_REMOTE_OBJECT+@DistributedTags.RMI+@DistributedTags.GIPC,distributed:tags:client:remote:object:distributed:tags:rmi:distributed:tags:distributed:tags:client:remote:object:distributed:tags:rmi:distributed:tags,setClientName,set:client:name
client.Main,main,@@DistributedTags.CLIENT+@DistributedTags.RMI+@DistributedTags.GIPC+@DistributedTags.CLIENT+@DistributedTags.RMI+@DistributedTags.GIPC+@DistributedTags.NIO,distributed:tags:client:distributed:tags:rmi:distributed:tags:distributed:tags:client:distributed:tags:rmi:distributed:tags:distributed:tags:nio,main,main,AnAbstractSimulationParametersBean:@@DistributedTags.SERVER_REMOTE_INTERFACE+@DistributedTags.RMI+@DistributedTags.SERVER_REMOTE_INTERFACE+@DistributedTags.RMI:Remote:@@DistributedTags.SERVER_REMOTE_INTERFACE+@DistributedTags.GIPC+@DistributedTags.SERVER_REMOTE_INTERFACE+@DistributedTags.GIPC:SimulationParametersListener:PropertyChangeListener:EventListener:SimulationParametersListener:@DistributedTags.READ_THREAD_INTERFACE+@DistributedTags.NIO:Runnable:@DistributedTags.READ_THREAD_INTERFACE+@DistributedTags.NIO:Runnable:SimulationParametersListener:SocketChannelConnectListener:SocketChannelWriteListener:SocketChannelReadListener:SimulationParametersListener:AnAbstractSimulationParametersBean:@@DistributedTags.CLIENT_REMOTE_INTERFACE+@DistributedTags.RMI+@DistributedTags.CLIENT_REMOTE_INTERFACE+@DistributedTags.RMI:Remote:@@DistributedTags.CLIENT_REMOTE_INTERFACE+@DistributedTags.GIPC+@DistributedTags.CLIENT_REMOTE_INTERFACE+@DistributedTags.GIPC:SimulationParametersListener:SimulationParametersListener:SocketChannelAcceptListener:SocketChannelReadListener:SocketChannelWriteListener,an:abstract:simulation:parameters:bean:distributed:tags:server:remote:interface:distributed:tags:rmi:distributed:tags:server:remote:interface:distributed:tags:rmi:remote:distributed:tags:server:remote:interface:distributed:tags:distributed:tags:server:remote:interface:distributed:tags:simulation:parameters:listener:property:change:listener:event:listener:simulation:parameters:listener:distributed:tags:read:thread:interface:distributed:tags:nio:distributed:tags:read:thread:interface:distributed:tags:nio:simulation:parameters:listener:socket:channel:connect:listener:socket:channel:write:listener:socket:channel:read:listener:simulation:parameters:listener:an:abstract:simulation:parameters:bean:distributed:tags:client:remote:interface:distributed:tags:rmi:distributed:tags:client:remote:interface:distributed:tags:rmi:remote:distributed:tags:client:remote:interface:distributed:tags:distributed:tags:client:remote:interface:distributed:tags:simulation:parameters:listener:simulation:parameters:listener:socket:channel:accept:listener:socket:channel:read:listener:socket:channel:write:listener,client.CoupledClientSimulation,coupled:client:simulation,@@DistributedTags.CLIENT_REMOTE_OBJECT+@DistributedTags.RMI+@DistributedTags.GIPC+@DistributedTags.CLIENT_REMOTE_OBJECT+@DistributedTags.RMI+@DistributedTags.GIPC,distributed:tags:client:remote:object:distributed:tags:rmi:distributed:tags:distributed:tags:client:remote:object:distributed:tags:rmi:distributed:tags,setupConnection,setup:connection
client.Main,main,@@DistributedTags.CLIENT+@DistributedTags.RMI+@DistributedTags.GIPC+@DistributedTags.CLIENT+@DistributedTags.RMI+@DistributedTags.GIPC+@DistributedTags.NIO,distributed:tags:client:distributed:tags:rmi:distributed:tags:distributed:tags:client:distributed:tags:rmi:distributed:tags:distributed:tags:nio,main,main,AnAbstractSimulationParametersBean:@@DistributedTags.SERVER_REMOTE_INTERFACE+@DistributedTags.RMI+@DistributedTags.SERVER_REMOTE_INTERFACE+@DistributedTags.RMI:Remote:@@DistributedTags.SERVER_REMOTE_INTERFACE+@DistributedTags.GIPC+@DistributedTags.SERVER_REMOTE_INTERFACE+@DistributedTags.GIPC:SimulationParametersListener:PropertyChangeListener:EventListener:SimulationParametersListener:@DistributedTags.READ_THREAD_INTERFACE+@DistributedTags.NIO:Runnable:@DistributedTags.READ_THREAD_INTERFACE+@DistributedTags.NIO:Runnable:SimulationParametersListener:SocketChannelConnectListener:SocketChannelWriteListener:SocketChannelReadListener:SimulationParametersListener:AnAbstractSimulationParametersBean:@@DistributedTags.CLIENT_REMOTE_INTERFACE+@DistributedTags.RMI+@DistributedTags.CLIENT_REMOTE_INTERFACE+@DistributedTags.RMI:Remote:@@DistributedTags.CLIENT_REMOTE_INTERFACE+@DistributedTags.GIPC+@DistributedTags.CLIENT_REMOTE_INTERFACE+@DistributedTags.GIPC:SimulationParametersListener:SimulationParametersListener:SocketChannelAcceptListener:SocketChannelReadListener:SocketChannelWriteListener,an:abstract:simulation:parameters:bean:distributed:tags:server:remote:interface:distributed:tags:rmi:distributed:tags:server:remote:interface:distributed:tags:rmi:remote:distributed:tags:server:remote:interface:distributed:tags:distributed:tags:server:remote:interface:distributed:tags:simulation:parameters:listener:property:change:listener:event:listener:simulation:parameters:listener:distributed:tags:read:thread:interface:distributed:tags:nio:distributed:tags:read:thread:interface:distributed:tags:nio:simulation:parameters:listener:socket:channel:connect:listener:socket:channel:write:listener:socket:channel:read:listener:simulation:parameters:listener:an:abstract:simulation:parameters:bean:distributed:tags:client:remote:interface:distributed:tags:rmi:distributed:tags:client:remote:interface:distributed:tags:rmi:remote:distributed:tags:client:remote:interface:distributed:tags:distributed:tags:client:remote:interface:distributed:tags:simulation:parameters:listener:simulation:parameters:listener:socket:channel:accept:listener:socket:channel:read:listener:socket:channel:write:listener,java.rmi.server.UnicastRemoteObject,remote:object,java.rmi.server.UnicastRemoteObject,remote:object,exportObject,export:object
client.Main,main,@@DistributedTags.CLIENT+@DistributedTags.RMI+@DistributedTags.GIPC+@DistributedTags.CLIENT+@DistributedTags.RMI+@DistributedTags.GIPC+@DistributedTags.NIO,distributed:tags:client:distributed:tags:rmi:distributed:tags:distributed:tags:client:distributed:tags:rmi:distributed:tags:distributed:tags:nio,main,main,AnAbstractSimulationParametersBean:@@DistributedTags.SERVER_REMOTE_INTERFACE+@DistributedTags.RMI+@DistributedTags.SERVER_REMOTE_INTERFACE+@DistributedTags.RMI:Remote:@@DistributedTags.SERVER_REMOTE_INTERFACE+@DistributedTags.GIPC+@DistributedTags.SERVER_REMOTE_INTERFACE+@DistributedTags.GIPC:SimulationParametersListener:PropertyChangeListener:EventListener:SimulationParametersListener:@DistributedTags.READ_THREAD_INTERFACE+@DistributedTags.NIO:Runnable:@DistributedTags.READ_THREAD_INTERFACE+@DistributedTags.NIO:Runnable:SimulationParametersListener:SocketChannelConnectListener:SocketChannelWriteListener:SocketChannelReadListener:SimulationParametersListener:AnAbstractSimulationParametersBean:@@DistributedTags.CLIENT_REMOTE_INTERFACE+@DistributedTags.RMI+@DistributedTags.CLIENT_REMOTE_INTERFACE+@DistributedTags.RMI:Remote:@@DistributedTags.CLIENT_REMOTE_INTERFACE+@DistributedTags.GIPC+@DistributedTags.CLIENT_REMOTE_INTERFACE+@DistributedTags.GIPC:SimulationParametersListener:SimulationParametersListener:SocketChannelAcceptListener:SocketChannelReadListener:SocketChannelWriteListener,an:abstract:simulation:parameters:bean:distributed:tags:server:remote:interface:distributed:tags:rmi:distributed:tags:server:remote:interface:distributed:tags:rmi:remote:distributed:tags:server:remote:interface:distributed:tags:distributed:tags:server:remote:interface:distributed:tags:simulation:parameters:listener:property:change:listener:event:listener:simulation:parameters:listener:distributed:tags:read:thread:interface:distributed:tags:nio:distributed:tags:read:thread:interface:distributed:tags:nio:simulation:parameters:listener:socket:channel:connect:listener:socket:channel:write:listener:socket:channel:read:listener:simulation:parameters:listener:an:abstract:simulation:parameters:bean:distributed:tags:client:remote:interface:distributed:tags:rmi:distributed:tags:client:remote:interface:distributed:tags:rmi:remote:distributed:tags:client:remote:interface:distributed:tags:distributed:tags:client:remote:interface:distributed:tags:simulation:parameters:listener:simulation:parameters:listener:socket:channel:accept:listener:socket:channel:read:listener:socket:channel:write:listener,client.CoupledClientSimulation,coupled:client:simulation,@@DistributedTags.CLIENT_REMOTE_OBJECT+@DistributedTags.RMI+@DistributedTags.GIPC+@DistributedTags.CLIENT_REMOTE_OBJECT+@DistributedTags.RMI+@DistributedTags.GIPC,distributed:tags:client:remote:object:distributed:tags:rmi:distributed:tags:distributed:tags:client:remote:object:distributed:tags:rmi:distributed:tags,performLookup,perform
client.Main,main,@@DistributedTags.CLIENT+@DistributedTags.RMI+@DistributedTags.GIPC+@DistributedTags.CLIENT+@DistributedTags.RMI+@DistributedTags.GIPC+@DistributedTags.NIO,distributed:tags:client:distributed:tags:rmi:distributed:tags:distributed:tags:client:distributed:tags:rmi:distributed:tags:distributed:tags:nio,main,main,AnAbstractSimulationParametersBean:@@DistributedTags.SERVER_REMOTE_INTERFACE+@DistributedTags.RMI+@DistributedTags.SERVER_REMOTE_INTERFACE+@DistributedTags.RMI:Remote:@@DistributedTags.SERVER_REMOTE_INTERFACE+@DistributedTags.GIPC+@DistributedTags.SERVER_REMOTE_INTERFACE+@DistributedTags.GIPC:SimulationParametersListener:PropertyChangeListener:EventListener:SimulationParametersListener:@DistributedTags.READ_THREAD_INTERFACE+@DistributedTags.NIO:Runnable:@DistributedTags.READ_THREAD_INTERFACE+@DistributedTags.NIO:Runnable:SimulationParametersListener:SocketChannelConnectListener:SocketChannelWriteListener:SocketChannelReadListener:SimulationParametersListener:AnAbstractSimulationParametersBean:@@DistributedTags.CLIENT_REMOTE_INTERFACE+@DistributedTags.RMI+@DistributedTags.CLIENT_REMOTE_INTERFACE+@DistributedTags.RMI:Remote:@@DistributedTags.CLIENT_REMOTE_INTERFACE+@DistributedTags.GIPC+@DistributedTags.CLIENT_REMOTE_INTERFACE+@DistributedTags.GIPC:SimulationParametersListener:SimulationParametersListener:SocketChannelAcceptListener:SocketChannelReadListener:SocketChannelWriteListener,an:abstract:simulation:parameters:bean:distributed:tags:server:remote:interface:distributed:tags:rmi:distributed:tags:server:remote:interface:distributed:tags:rmi:remote:distributed:tags:server:remote:interface:distributed:tags:distributed:tags:server:remote:interface:distributed:tags:simulation:parameters:listener:property:change:listener:event:listener:simulation:parameters:listener:distributed:tags:read:thread:interface:distributed:tags:nio:distributed:tags:read:thread:interface:distributed:tags:nio:simulation:parameters:listener:socket:channel:connect:listener:socket:channel:write:listener:socket:channel:read:listener:simulation:parameters:listener:an:abstract:simulation:parameters:bean:distributed:tags:client:remote:interface:distributed:tags:rmi:distributed:tags:client:remote:interface:distributed:tags:rmi:remote:distributed:tags:client:remote:interface:distributed:tags:distributed:tags:client:remote:interface:distributed:tags:simulation:parameters:listener:simulation:parameters:listener:socket:channel:accept:listener:socket:channel:read:listener:socket:channel:write:listener,broadcast.ICoupledServerSimulation,i:coupled:server:simulation,@@DistributedTags.SERVER_REMOTE_INTERFACE+@DistributedTags.RMI+@DistributedTags.SERVER_REMOTE_INTERFACE+@DistributedTags.RMI,distributed:tags:server:remote:interface:distributed:tags:rmi:distributed:tags:server:remote:interface:distributed:tags:rmi,registerClient,register:client
client.Main,main,@@DistributedTags.CLIENT+@DistributedTags.RMI+@DistributedTags.GIPC+@DistributedTags.CLIENT+@DistributedTags.RMI+@DistributedTags.GIPC+@DistributedTags.NIO,distributed:tags:client:distributed:tags:rmi:distributed:tags:distributed:tags:client:distributed:tags:rmi:distributed:tags:distributed:tags:nio,main,main,AnAbstractSimulationParametersBean:@@DistributedTags.SERVER_REMOTE_INTERFACE+@DistributedTags.RMI+@DistributedTags.SERVER_REMOTE_INTERFACE+@DistributedTags.RMI:Remote:@@DistributedTags.SERVER_REMOTE_INTERFACE+@DistributedTags.GIPC+@DistributedTags.SERVER_REMOTE_INTERFACE+@DistributedTags.GIPC:SimulationParametersListener:PropertyChangeListener:EventListener:SimulationParametersListener:@DistributedTags.READ_THREAD_INTERFACE+@DistributedTags.NIO:Runnable:@DistributedTags.READ_THREAD_INTERFACE+@DistributedTags.NIO:Runnable:SimulationParametersListener:SocketChannelConnectListener:SocketChannelWriteListener:SocketChannelReadListener:SimulationParametersListener:AnAbstractSimulationParametersBean:@@DistributedTags.CLIENT_REMOTE_INTERFACE+@DistributedTags.RMI+@DistributedTags.CLIENT_REMOTE_INTERFACE+@DistributedTags.RMI:Remote:@@DistributedTags.CLIENT_REMOTE_INTERFACE+@DistributedTags.GIPC+@DistributedTags.CLIENT_REMOTE_INTERFACE+@DistributedTags.GIPC:SimulationParametersListener:SimulationParametersListener:SocketChannelAcceptListener:SocketChannelReadListener:SocketChannelWriteListener,an:abstract:simulation:parameters:bean:distributed:tags:server:remote:interface:distributed:tags:rmi:distributed:tags:server:remote:interface:distributed:tags:rmi:remote:distributed:tags:server:remote:interface:distributed:tags:distributed:tags:server:remote:interface:distributed:tags:simulation:parameters:listener:property:change:listener:event:listener:simulation:parameters:listener:distributed:tags:read:thread:interface:distributed:tags:nio:distributed:tags:read:thread:interface:distributed:tags:nio:simulation:parameters:listener:socket:channel:connect:listener:socket:channel:write:listener:socket:channel:read:listener:simulation:parameters:listener:an:abstract:simulation:parameters:bean:distributed:tags:client:remote:interface:distributed:tags:rmi:distributed:tags:client:remote:interface:distributed:tags:rmi:remote:distributed:tags:client:remote:interface:distributed:tags:distributed:tags:client:remote:interface:distributed:tags:simulation:parameters:listener:simulation:parameters:listener:socket:channel:accept:listener:socket:channel:read:listener:socket:channel:write:listener,client.CoupledClientSimulation,coupled:client:simulation,@@DistributedTags.CLIENT_REMOTE_OBJECT+@DistributedTags.RMI+@DistributedTags.GIPC+@DistributedTags.CLIENT_REMOTE_OBJECT+@DistributedTags.RMI+@DistributedTags.GIPC,distributed:tags:client:remote:object:distributed:tags:rmi:distributed:tags:distributed:tags:client:remote:object:distributed:tags:rmi:distributed:tags,setServer,set:server
client.Main,main,@@DistributedTags.CLIENT+@DistributedTags.RMI+@DistributedTags.GIPC+@DistributedTags.CLIENT+@DistributedTags.RMI+@DistributedTags.GIPC+@DistributedTags.NIO,distributed:tags:client:distributed:tags:rmi:distributed:tags:distributed:tags:client:distributed:tags:rmi:distributed:tags:distributed:tags:nio,main,main,AnAbstractSimulationParametersBean:@@DistributedTags.SERVER_REMOTE_INTERFACE+@DistributedTags.RMI+@DistributedTags.SERVER_REMOTE_INTERFACE+@DistributedTags.RMI:Remote:@@DistributedTags.SERVER_REMOTE_INTERFACE+@DistributedTags.GIPC+@DistributedTags.SERVER_REMOTE_INTERFACE+@DistributedTags.GIPC:SimulationParametersListener:PropertyChangeListener:EventListener:SimulationParametersListener:@DistributedTags.READ_THREAD_INTERFACE+@DistributedTags.NIO:Runnable:@DistributedTags.READ_THREAD_INTERFACE+@DistributedTags.NIO:Runnable:SimulationParametersListener:SocketChannelConnectListener:SocketChannelWriteListener:SocketChannelReadListener:SimulationParametersListener:AnAbstractSimulationParametersBean:@@DistributedTags.CLIENT_REMOTE_INTERFACE+@DistributedTags.RMI+@DistributedTags.CLIENT_REMOTE_INTERFACE+@DistributedTags.RMI:Remote:@@DistributedTags.CLIENT_REMOTE_INTERFACE+@DistributedTags.GIPC+@DistributedTags.CLIENT_REMOTE_INTERFACE+@DistributedTags.GIPC:SimulationParametersListener:SimulationParametersListener:SocketChannelAcceptListener:SocketChannelReadListener:SocketChannelWriteListener,an:abstract:simulation:parameters:bean:distributed:tags:server:remote:interface:distributed:tags:rmi:distributed:tags:server:remote:interface:distributed:tags:rmi:remote:distributed:tags:server:remote:interface:distributed:tags:distributed:tags:server:remote:interface:distributed:tags:simulation:parameters:listener:property:change:listener:event:listener:simulation:parameters:listener:distributed:tags:read:thread:interface:distributed:tags:nio:distributed:tags:read:thread:interface:distributed:tags:nio:simulation:parameters:listener:socket:channel:connect:listener:socket:channel:write:listener:socket:channel:read:listener:simulation:parameters:listener:an:abstract:simulation:parameters:bean:distributed:tags:client:remote:interface:distributed:tags:rmi:distributed:tags:client:remote:interface:distributed:tags:rmi:remote:distributed:tags:client:remote:interface:distributed:tags:distributed:tags:client:remote:interface:distributed:tags:simulation:parameters:listener:simulation:parameters:listener:socket:channel:accept:listener:socket:channel:read:listener:socket:channel:write:listener,java.rmi.RemoteException,remote:exception,java.rmi.RemoteException,remote:exception,printStackTrace,print:stack:trace
client.Main,main,@@DistributedTags.CLIENT+@DistributedTags.RMI+@DistributedTags.GIPC+@DistributedTags.CLIENT+@DistributedTags.RMI+@DistributedTags.GIPC+@DistributedTags.NIO,distributed:tags:client:distributed:tags:rmi:distributed:tags:distributed:tags:client:distributed:tags:rmi:distributed:tags:distributed:tags:nio,main,main,AnAbstractSimulationParametersBean:@@DistributedTags.SERVER_REMOTE_INTERFACE+@DistributedTags.RMI+@DistributedTags.SERVER_REMOTE_INTERFACE+@DistributedTags.RMI:Remote:@@DistributedTags.SERVER_REMOTE_INTERFACE+@DistributedTags.GIPC+@DistributedTags.SERVER_REMOTE_INTERFACE+@DistributedTags.GIPC:SimulationParametersListener:PropertyChangeListener:EventListener:SimulationParametersListener:@DistributedTags.READ_THREAD_INTERFACE+@DistributedTags.NIO:Runnable:@DistributedTags.READ_THREAD_INTERFACE+@DistributedTags.NIO:Runnable:SimulationParametersListener:SocketChannelConnectListener:SocketChannelWriteListener:SocketChannelReadListener:SimulationParametersListener:AnAbstractSimulationParametersBean:@@DistributedTags.CLIENT_REMOTE_INTERFACE+@DistributedTags.RMI+@DistributedTags.CLIENT_REMOTE_INTERFACE+@DistributedTags.RMI:Remote:@@DistributedTags.CLIENT_REMOTE_INTERFACE+@DistributedTags.GIPC+@DistributedTags.CLIENT_REMOTE_INTERFACE+@DistributedTags.GIPC:SimulationParametersListener:SimulationParametersListener:SocketChannelAcceptListener:SocketChannelReadListener:SocketChannelWriteListener,an:abstract:simulation:parameters:bean:distributed:tags:server:remote:interface:distributed:tags:rmi:distributed:tags:server:remote:interface:distributed:tags:rmi:remote:distributed:tags:server:remote:interface:distributed:tags:distributed:tags:server:remote:interface:distributed:tags:simulation:parameters:listener:property:change:listener:event:listener:simulation:parameters:listener:distributed:tags:read:thread:interface:distributed:tags:nio:distributed:tags:read:thread:interface:distributed:tags:nio:simulation:parameters:listener:socket:channel:connect:listener:socket:channel:write:listener:socket:channel:read:listener:simulation:parameters:listener:an:abstract:simulation:parameters:bean:distributed:tags:client:remote:interface:distributed:tags:rmi:distributed:tags:client:remote:interface:distributed:tags:rmi:remote:distributed:tags:client:remote:interface:distributed:tags:distributed:tags:client:remote:interface:distributed:tags:simulation:parameters:listener:simulation:parameters:listener:socket:channel:accept:listener:socket:channel:read:listener:socket:channel:write:listener,client.CoupledClientSimulation,coupled:client:simulation,@@DistributedTags.CLIENT_REMOTE_OBJECT+@DistributedTags.RMI+@DistributedTags.GIPC+@DistributedTags.CLIENT_REMOTE_OBJECT+@DistributedTags.RMI+@DistributedTags.GIPC,distributed:tags:client:remote:object:distributed:tags:rmi:distributed:tags:distributed:tags:client:remote:object:distributed:tags:rmi:distributed:tags,setupConnectionGIPC,setup:connection
client.Main,main,@@DistributedTags.CLIENT+@DistributedTags.RMI+@DistributedTags.GIPC+@DistributedTags.CLIENT+@DistributedTags.RMI+@DistributedTags.GIPC+@DistributedTags.NIO,distributed:tags:client:distributed:tags:rmi:distributed:tags:distributed:tags:client:distributed:tags:rmi:distributed:tags:distributed:tags:nio,main,main,AnAbstractSimulationParametersBean:@@DistributedTags.SERVER_REMOTE_INTERFACE+@DistributedTags.RMI+@DistributedTags.SERVER_REMOTE_INTERFACE+@DistributedTags.RMI:Remote:@@DistributedTags.SERVER_REMOTE_INTERFACE+@DistributedTags.GIPC+@DistributedTags.SERVER_REMOTE_INTERFACE+@DistributedTags.GIPC:SimulationParametersListener:PropertyChangeListener:EventListener:SimulationParametersListener:@DistributedTags.READ_THREAD_INTERFACE+@DistributedTags.NIO:Runnable:@DistributedTags.READ_THREAD_INTERFACE+@DistributedTags.NIO:Runnable:SimulationParametersListener:SocketChannelConnectListener:SocketChannelWriteListener:SocketChannelReadListener:SimulationParametersListener:AnAbstractSimulationParametersBean:@@DistributedTags.CLIENT_REMOTE_INTERFACE+@DistributedTags.RMI+@DistributedTags.CLIENT_REMOTE_INTERFACE+@DistributedTags.RMI:Remote:@@DistributedTags.CLIENT_REMOTE_INTERFACE+@DistributedTags.GIPC+@DistributedTags.CLIENT_REMOTE_INTERFACE+@DistributedTags.GIPC:SimulationParametersListener:SimulationParametersListener:SocketChannelAcceptListener:SocketChannelReadListener:SocketChannelWriteListener,an:abstract:simulation:parameters:bean:distributed:tags:server:remote:interface:distributed:tags:rmi:distributed:tags:server:remote:interface:distributed:tags:rmi:remote:distributed:tags:server:remote:interface:distributed:tags:distributed:tags:server:remote:interface:distributed:tags:simulation:parameters:listener:property:change:listener:event:listener:simulation:parameters:listener:distributed:tags:read:thread:interface:distributed:tags:nio:distributed:tags:read:thread:interface:distributed:tags:nio:simulation:parameters:listener:socket:channel:connect:listener:socket:channel:write:listener:socket:channel:read:listener:simulation:parameters:listener:an:abstract:simulation:parameters:bean:distributed:tags:client:remote:interface:distributed:tags:rmi:distributed:tags:client:remote:interface:distributed:tags:rmi:remote:distributed:tags:client:remote:interface:distributed:tags:distributed:tags:client:remote:interface:distributed:tags:simulation:parameters:listener:simulation:parameters:listener:socket:channel:accept:listener:socket:channel:read:listener:socket:channel:write:listener,client.CoupledClientSimulation,coupled:client:simulation,@@DistributedTags.CLIENT_REMOTE_OBJECT+@DistributedTags.RMI+@DistributedTags.GIPC+@DistributedTags.CLIENT_REMOTE_OBJECT+@DistributedTags.RMI+@DistributedTags.GIPC,distributed:tags:client:remote:object:distributed:tags:rmi:distributed:tags:distributed:tags:client:remote:object:distributed:tags:rmi:distributed:tags,performLookupGIPC,perform
client.Main,main,@@DistributedTags.CLIENT+@DistributedTags.RMI+@DistributedTags.GIPC+@DistributedTags.CLIENT+@DistributedTags.RMI+@DistributedTags.GIPC+@DistributedTags.NIO,distributed:tags:client:distributed:tags:rmi:distributed:tags:distributed:tags:client:distributed:tags:rmi:distributed:tags:distributed:tags:nio,main,main,AnAbstractSimulationParametersBean:@@DistributedTags.SERVER_REMOTE_INTERFACE+@DistributedTags.RMI+@DistributedTags.SERVER_REMOTE_INTERFACE+@DistributedTags.RMI:Remote:@@DistributedTags.SERVER_REMOTE_INTERFACE+@DistributedTags.GIPC+@DistributedTags.SERVER_REMOTE_INTERFACE+@DistributedTags.GIPC:SimulationParametersListener:PropertyChangeListener:EventListener:SimulationParametersListener:@DistributedTags.READ_THREAD_INTERFACE+@DistributedTags.NIO:Runnable:@DistributedTags.READ_THREAD_INTERFACE+@DistributedTags.NIO:Runnable:SimulationParametersListener:SocketChannelConnectListener:SocketChannelWriteListener:SocketChannelReadListener:SimulationParametersListener:AnAbstractSimulationParametersBean:@@DistributedTags.CLIENT_REMOTE_INTERFACE+@DistributedTags.RMI+@DistributedTags.CLIENT_REMOTE_INTERFACE+@DistributedTags.RMI:Remote:@@DistributedTags.CLIENT_REMOTE_INTERFACE+@DistributedTags.GIPC+@DistributedTags.CLIENT_REMOTE_INTERFACE+@DistributedTags.GIPC:SimulationParametersListener:SimulationParametersListener:SocketChannelAcceptListener:SocketChannelReadListener:SocketChannelWriteListener,an:abstract:simulation:parameters:bean:distributed:tags:server:remote:interface:distributed:tags:rmi:distributed:tags:server:remote:interface:distributed:tags:rmi:remote:distributed:tags:server:remote:interface:distributed:tags:distributed:tags:server:remote:interface:distributed:tags:simulation:parameters:listener:property:change:listener:event:listener:simulation:parameters:listener:distributed:tags:read:thread:interface:distributed:tags:nio:distributed:tags:read:thread:interface:distributed:tags:nio:simulation:parameters:listener:socket:channel:connect:listener:socket:channel:write:listener:socket:channel:read:listener:simulation:parameters:listener:an:abstract:simulation:parameters:bean:distributed:tags:client:remote:interface:distributed:tags:rmi:distributed:tags:client:remote:interface:distributed:tags:rmi:remote:distributed:tags:client:remote:interface:distributed:tags:distributed:tags:client:remote:interface:distributed:tags:simulation:parameters:listener:simulation:parameters:listener:socket:channel:accept:listener:socket:channel:read:listener:socket:channel:write:listener,broadcast.IGeneralizedIPCServer,i:generalized:server,@@DistributedTags.SERVER_REMOTE_INTERFACE+@DistributedTags.GIPC+@DistributedTags.SERVER_REMOTE_INTERFACE+@DistributedTags.GIPC,distributed:tags:server:remote:interface:distributed:tags:distributed:tags:server:remote:interface:distributed:tags,registerClientGIPC,register:client
client.Main,main,@@DistributedTags.CLIENT+@DistributedTags.RMI+@DistributedTags.GIPC+@DistributedTags.CLIENT+@DistributedTags.RMI+@DistributedTags.GIPC+@DistributedTags.NIO,distributed:tags:client:distributed:tags:rmi:distributed:tags:distributed:tags:client:distributed:tags:rmi:distributed:tags:distributed:tags:nio,main,main,AnAbstractSimulationParametersBean:@@DistributedTags.SERVER_REMOTE_INTERFACE+@DistributedTags.RMI+@DistributedTags.SERVER_REMOTE_INTERFACE+@DistributedTags.RMI:Remote:@@DistributedTags.SERVER_REMOTE_INTERFACE+@DistributedTags.GIPC+@DistributedTags.SERVER_REMOTE_INTERFACE+@DistributedTags.GIPC:SimulationParametersListener:PropertyChangeListener:EventListener:SimulationParametersListener:@DistributedTags.READ_THREAD_INTERFACE+@DistributedTags.NIO:Runnable:@DistributedTags.READ_THREAD_INTERFACE+@DistributedTags.NIO:Runnable:SimulationParametersListener:SocketChannelConnectListener:SocketChannelWriteListener:SocketChannelReadListener:SimulationParametersListener:AnAbstractSimulationParametersBean:@@DistributedTags.CLIENT_REMOTE_INTERFACE+@DistributedTags.RMI+@DistributedTags.CLIENT_REMOTE_INTERFACE+@DistributedTags.RMI:Remote:@@DistributedTags.CLIENT_REMOTE_INTERFACE+@DistributedTags.GIPC+@DistributedTags.CLIENT_REMOTE_INTERFACE+@DistributedTags.GIPC:SimulationParametersListener:SimulationParametersListener:SocketChannelAcceptListener:SocketChannelReadListener:SocketChannelWriteListener,an:abstract:simulation:parameters:bean:distributed:tags:server:remote:interface:distributed:tags:rmi:distributed:tags:server:remote:interface:distributed:tags:rmi:remote:distributed:tags:server:remote:interface:distributed:tags:distributed:tags:server:remote:interface:distributed:tags:simulation:parameters:listener:property:change:listener:event:listener:simulation:parameters:listener:distributed:tags:read:thread:interface:distributed:tags:nio:distributed:tags:read:thread:interface:distributed:tags:nio:simulation:parameters:listener:socket:channel:connect:listener:socket:channel:write:listener:socket:channel:read:listener:simulation:parameters:listener:an:abstract:simulation:parameters:bean:distributed:tags:client:remote:interface:distributed:tags:rmi:distributed:tags:client:remote:interface:distributed:tags:rmi:remote:distributed:tags:client:remote:interface:distributed:tags:distributed:tags:client:remote:interface:distributed:tags:simulation:parameters:listener:simulation:parameters:listener:socket:channel:accept:listener:socket:channel:read:listener:socket:channel:write:listener,client.CoupledClientSimulation,coupled:client:simulation,@@DistributedTags.CLIENT_REMOTE_OBJECT+@DistributedTags.RMI+@DistributedTags.GIPC+@DistributedTags.CLIENT_REMOTE_OBJECT+@DistributedTags.RMI+@DistributedTags.GIPC,distributed:tags:client:remote:object:distributed:tags:rmi:distributed:tags:distributed:tags:client:remote:object:distributed:tags:rmi:distributed:tags,setServerGIPC,set:server
client.Main,main,@@DistributedTags.CLIENT+@DistributedTags.RMI+@DistributedTags.GIPC+@DistributedTags.CLIENT+@DistributedTags.RMI+@DistributedTags.GIPC+@DistributedTags.NIO,distributed:tags:client:distributed:tags:rmi:distributed:tags:distributed:tags:client:distributed:tags:rmi:distributed:tags:distributed:tags:nio,main,main,AnAbstractSimulationParametersBean:@@DistributedTags.SERVER_REMOTE_INTERFACE+@DistributedTags.RMI+@DistributedTags.SERVER_REMOTE_INTERFACE+@DistributedTags.RMI:Remote:@@DistributedTags.SERVER_REMOTE_INTERFACE+@DistributedTags.GIPC+@DistributedTags.SERVER_REMOTE_INTERFACE+@DistributedTags.GIPC:SimulationParametersListener:PropertyChangeListener:EventListener:SimulationParametersListener:@DistributedTags.READ_THREAD_INTERFACE+@DistributedTags.NIO:Runnable:@DistributedTags.READ_THREAD_INTERFACE+@DistributedTags.NIO:Runnable:SimulationParametersListener:SocketChannelConnectListener:SocketChannelWriteListener:SocketChannelReadListener:SimulationParametersListener:AnAbstractSimulationParametersBean:@@DistributedTags.CLIENT_REMOTE_INTERFACE+@DistributedTags.RMI+@DistributedTags.CLIENT_REMOTE_INTERFACE+@DistributedTags.RMI:Remote:@@DistributedTags.CLIENT_REMOTE_INTERFACE+@DistributedTags.GIPC+@DistributedTags.CLIENT_REMOTE_INTERFACE+@DistributedTags.GIPC:SimulationParametersListener:SimulationParametersListener:SocketChannelAcceptListener:SocketChannelReadListener:SocketChannelWriteListener,an:abstract:simulation:parameters:bean:distributed:tags:server:remote:interface:distributed:tags:rmi:distributed:tags:server:remote:interface:distributed:tags:rmi:remote:distributed:tags:server:remote:interface:distributed:tags:distributed:tags:server:remote:interface:distributed:tags:simulation:parameters:listener:property:change:listener:event:listener:simulation:parameters:listener:distributed:tags:read:thread:interface:distributed:tags:nio:distributed:tags:read:thread:interface:distributed:tags:nio:simulation:parameters:listener:socket:channel:connect:listener:socket:channel:write:listener:socket:channel:read:listener:simulation:parameters:listener:an:abstract:simulation:parameters:bean:distributed:tags:client:remote:interface:distributed:tags:rmi:distributed:tags:client:remote:interface:distributed:tags:rmi:remote:distributed:tags:client:remote:interface:distributed:tags:distributed:tags:client:remote:interface:distributed:tags:simulation:parameters:listener:simulation:parameters:listener:socket:channel:accept:listener:socket:channel:read:listener:socket:channel:write:listener,client.CoupledClientSimulation,coupled:client:simulation,@@DistributedTags.CLIENT_REMOTE_OBJECT+@DistributedTags.RMI+@DistributedTags.GIPC+@DistributedTags.CLIENT_REMOTE_OBJECT+@DistributedTags.RMI+@DistributedTags.GIPC,distributed:tags:client:remote:object:distributed:tags:rmi:distributed:tags:distributed:tags:client:remote:object:distributed:tags:rmi:distributed:tags,setupNIO,setup:nio
client.Main,main,@@DistributedTags.CLIENT+@DistributedTags.RMI+@DistributedTags.GIPC+@DistributedTags.CLIENT+@DistributedTags.RMI+@DistributedTags.GIPC+@DistributedTags.NIO,distributed:tags:client:distributed:tags:rmi:distributed:tags:distributed:tags:client:distributed:tags:rmi:distributed:tags:distributed:tags:nio,main,main,AnAbstractSimulationParametersBean:@@DistributedTags.SERVER_REMOTE_INTERFACE+@DistributedTags.RMI+@DistributedTags.SERVER_REMOTE_INTERFACE+@DistributedTags.RMI:Remote:@@DistributedTags.SERVER_REMOTE_INTERFACE+@DistributedTags.GIPC+@DistributedTags.SERVER_REMOTE_INTERFACE+@DistributedTags.GIPC:SimulationParametersListener:PropertyChangeListener:EventListener:SimulationParametersListener:@DistributedTags.READ_THREAD_INTERFACE+@DistributedTags.NIO:Runnable:@DistributedTags.READ_THREAD_INTERFACE+@DistributedTags.NIO:Runnable:SimulationParametersListener:SocketChannelConnectListener:SocketChannelWriteListener:SocketChannelReadListener:SimulationParametersListener:AnAbstractSimulationParametersBean:@@DistributedTags.CLIENT_REMOTE_INTERFACE+@DistributedTags.RMI+@DistributedTags.CLIENT_REMOTE_INTERFACE+@DistributedTags.RMI:Remote:@@DistributedTags.CLIENT_REMOTE_INTERFACE+@DistributedTags.GIPC+@DistributedTags.CLIENT_REMOTE_INTERFACE+@DistributedTags.GIPC:SimulationParametersListener:SimulationParametersListener:SocketChannelAcceptListener:SocketChannelReadListener:SocketChannelWriteListener,an:abstract:simulation:parameters:bean:distributed:tags:server:remote:interface:distributed:tags:rmi:distributed:tags:server:remote:interface:distributed:tags:rmi:remote:distributed:tags:server:remote:interface:distributed:tags:distributed:tags:server:remote:interface:distributed:tags:simulation:parameters:listener:property:change:listener:event:listener:simulation:parameters:listener:distributed:tags:read:thread:interface:distributed:tags:nio:distributed:tags:read:thread:interface:distributed:tags:nio:simulation:parameters:listener:socket:channel:connect:listener:socket:channel:write:listener:socket:channel:read:listener:simulation:parameters:listener:an:abstract:simulation:parameters:bean:distributed:tags:client:remote:interface:distributed:tags:rmi:distributed:tags:client:remote:interface:distributed:tags:rmi:remote:distributed:tags:client:remote:interface:distributed:tags:distributed:tags:client:remote:interface:distributed:tags:simulation:parameters:listener:simulation:parameters:listener:socket:channel:accept:listener:socket:channel:read:listener:socket:channel:write:listener,client.CoupledClientSimulation,coupled:client:simulation,@@DistributedTags.CLIENT_REMOTE_OBJECT+@DistributedTags.RMI+@DistributedTags.GIPC+@DistributedTags.CLIENT_REMOTE_OBJECT+@DistributedTags.RMI+@DistributedTags.GIPC,distributed:tags:client:remote:object:distributed:tags:rmi:distributed:tags:distributed:tags:client:remote:object:distributed:tags:rmi:distributed:tags,startReadingThread,start:reading:thread
client.Main,main,@@DistributedTags.CLIENT+@DistributedTags.RMI+@DistributedTags.GIPC+@DistributedTags.CLIENT+@DistributedTags.RMI+@DistributedTags.GIPC+@DistributedTags.NIO,distributed:tags:client:distributed:tags:rmi:distributed:tags:distributed:tags:client:distributed:tags:rmi:distributed:tags:distributed:tags:nio,main,main,AnAbstractSimulationParametersBean:@@DistributedTags.SERVER_REMOTE_INTERFACE+@DistributedTags.RMI+@DistributedTags.SERVER_REMOTE_INTERFACE+@DistributedTags.RMI:Remote:@@DistributedTags.SERVER_REMOTE_INTERFACE+@DistributedTags.GIPC+@DistributedTags.SERVER_REMOTE_INTERFACE+@DistributedTags.GIPC:SimulationParametersListener:PropertyChangeListener:EventListener:SimulationParametersListener:@DistributedTags.READ_THREAD_INTERFACE+@DistributedTags.NIO:Runnable:@DistributedTags.READ_THREAD_INTERFACE+@DistributedTags.NIO:Runnable:SimulationParametersListener:SocketChannelConnectListener:SocketChannelWriteListener:SocketChannelReadListener:SimulationParametersListener:AnAbstractSimulationParametersBean:@@DistributedTags.CLIENT_REMOTE_INTERFACE+@DistributedTags.RMI+@DistributedTags.CLIENT_REMOTE_INTERFACE+@DistributedTags.RMI:Remote:@@DistributedTags.CLIENT_REMOTE_INTERFACE+@DistributedTags.GIPC+@DistributedTags.CLIENT_REMOTE_INTERFACE+@DistributedTags.GIPC:SimulationParametersListener:SimulationParametersListener:SocketChannelAcceptListener:SocketChannelReadListener:SocketChannelWriteListener,an:abstract:simulation:parameters:bean:distributed:tags:server:remote:interface:distributed:tags:rmi:distributed:tags:server:remote:interface:distributed:tags:rmi:remote:distributed:tags:server:remote:interface:distributed:tags:distributed:tags:server:remote:interface:distributed:tags:simulation:parameters:listener:property:change:listener:event:listener:simulation:parameters:listener:distributed:tags:read:thread:interface:distributed:tags:nio:distributed:tags:read:thread:interface:distributed:tags:nio:simulation:parameters:listener:socket:channel:connect:listener:socket:channel:write:listener:socket:channel:read:listener:simulation:parameters:listener:an:abstract:simulation:parameters:bean:distributed:tags:client:remote:interface:distributed:tags:rmi:distributed:tags:client:remote:interface:distributed:tags:rmi:remote:distributed:tags:client:remote:interface:distributed:tags:distributed:tags:client:remote:interface:distributed:tags:simulation:parameters:listener:simulation:parameters:listener:socket:channel:accept:listener:socket:channel:read:listener:socket:channel:write:listener,client.CoupledClientSimulation,coupled:client:simulation,@@DistributedTags.CLIENT_REMOTE_OBJECT+@DistributedTags.RMI+@DistributedTags.GIPC+@DistributedTags.CLIENT_REMOTE_OBJECT+@DistributedTags.RMI+@DistributedTags.GIPC,distributed:tags:client:remote:object:distributed:tags:rmi:distributed:tags:distributed:tags:client:remote:object:distributed:tags:rmi:distributed:tags,startCustom,start:custom
