Caller Type,Caller Type Words,Caller Tag,Caller Tag Words,Caller Method,Caller Method Words,Caller Super Types,Calling Super Types Words,Called  Type,Called Type Words,Called  Tagged Type,Called Tagged Type Words,Called Method,Called Method Words
model.view.controller.ConnectSum,connect:sum,@StandAloneIntegerSummer,stand:alone:integer:summer,start,start,none,none,model.view.controller.Model,model,@ModelClass,model:class,Model,model
model.view.controller.ConnectSum,connect:sum,@StandAloneIntegerSummer,stand:alone:integer:summer,start,start,none,none,model.view.controller.View,view,@ViewClass,view:class,View,view
model.view.controller.ConnectSum,connect:sum,@StandAloneIntegerSummer,stand:alone:integer:summer,start,start,none,none,model.view.controller.Model,model,@ModelClass,model:class,addPropertyChangeListener,add:property:change:listener
model.view.controller.ConnectSum,connect:sum,@StandAloneIntegerSummer,stand:alone:integer:summer,start,start,none,none,model.view.controller.Controller,controller,@ControllerClass,controller:class,Controller,controller
model.view.controller.ConnectSum,connect:sum,@StandAloneIntegerSummer,stand:alone:integer:summer,start,start,none,none,java.util.Scanner,scanner,java.util.Scanner,scanner,Scanner,scanner
model.view.controller.ConnectSum,connect:sum,@StandAloneIntegerSummer,stand:alone:integer:summer,start,start,none,none,model.view.controller.Controller,controller,@ControllerClass,controller:class,gatherInputFromScanner,gather:input:from:scanner
model.view.controller.ConnectSum,connect:sum,@StandAloneIntegerSummer,stand:alone:integer:summer,main,main,none,none,model.view.controller.ConnectSum,connect:sum,@StandAloneIntegerSummer,stand:alone:integer:summer,start,start
model.view.controller.Model,model,@ModelClass,model:class,setNumThreads,set:num:threads,AMapReduceTracer:@ModelClass:@ModelClass+@RemoteModelInterface:Remote:Serializable,a:map:reduce:tracer:model:class:model:class:remote:model:interface:remote,java.beans.PropertyChangeEvent,property:change:event,java.beans.PropertyChangeEvent,property:change:event,PropertyChangeEvent,property:change:event
model.view.controller.Model,model,@ModelClass,model:class,setNumThreads,set:num:threads,AMapReduceTracer:@ModelClass:@ModelClass+@RemoteModelInterface:Remote:Serializable,a:map:reduce:tracer:model:class:model:class:remote:model:interface:remote,java.beans.PropertyChangeSupport,property:change:support,java.beans.PropertyChangeSupport,property:change:support,firePropertyChange,fire:property:change
model.view.controller.Model,model,@ModelClass,model:class,setNumThreads,set:num:threads,AMapReduceTracer:@ModelClass:@ModelClass+@RemoteModelInterface:Remote:Serializable,a:map:reduce:tracer:model:class:model:class:remote:model:interface:remote,java.util.ArrayList,array:list,java.util.ArrayList,array:list,ArrayList,array:list
model.view.controller.Model,model,@ModelClass,model:class,setNumThreads,set:num:threads,AMapReduceTracer:@ModelClass:@ModelClass+@RemoteModelInterface:Remote:Serializable,a:map:reduce:tracer:model:class:model:class:remote:model:interface:remote,java.util.ArrayList,array:list,java.util.ArrayList,array:list,ArrayList,array:list
model.view.controller.Model,model,@ModelClass,model:class,setNumThreads,set:num:threads,AMapReduceTracer:@ModelClass:@ModelClass+@RemoteModelInterface:Remote:Serializable,a:map:reduce:tracer:model:class:model:class:remote:model:interface:remote,java.util.ArrayList,array:list,java.util.ArrayList,array:list,ArrayList,array:list
model.view.controller.Model,model,@ModelClass,model:class,setNumThreads,set:num:threads,AMapReduceTracer:@ModelClass:@ModelClass+@RemoteModelInterface:Remote:Serializable,a:map:reduce:tracer:model:class:model:class:remote:model:interface:remote,java.util.concurrent.ArrayBlockingQueue,array:blocking:queue,java.util.concurrent.ArrayBlockingQueue,array:blocking:queue,ArrayBlockingQueue,array:blocking:queue
model.view.controller.Model,model,@ModelClass,model:class,setNumThreads,set:num:threads,AMapReduceTracer:@ModelClass:@ModelClass+@RemoteModelInterface:Remote:Serializable,a:map:reduce:tracer:model:class:model:class:remote:model:interface:remote,comp533.joiner.JoinerImpl,joiner:impl,@JoinerClass,joiner:class,JoinerImpl,joiner:impl
model.view.controller.Model,model,@ModelClass,model:class,setNumThreads,set:num:threads,AMapReduceTracer:@ModelClass:@ModelClass+@RemoteModelInterface:Remote:Serializable,a:map:reduce:tracer:model:class:model:class:remote:model:interface:remote,comp533.barrier.BarrierImpl,barrier:impl,@BarrierClass,barrier:class,BarrierImpl,barrier:impl
model.view.controller.Model,model,@ModelClass,model:class,setNumThreads,set:num:threads,AMapReduceTracer:@ModelClass:@ModelClass+@RemoteModelInterface:Remote:Serializable,a:map:reduce:tracer:model:class:model:class:remote:model:interface:remote,slave.SlaveImpl,slave:impl,@SlaveClass,slave:class,SlaveImpl,slave:impl
model.view.controller.Model,model,@ModelClass,model:class,setNumThreads,set:num:threads,AMapReduceTracer:@ModelClass:@ModelClass+@RemoteModelInterface:Remote:Serializable,a:map:reduce:tracer:model:class:model:class:remote:model:interface:remote,java.util.List,list,java.util.List,list,add,add
model.view.controller.Model,model,@ModelClass,model:class,setNumThreads,set:num:threads,AMapReduceTracer:@ModelClass:@ModelClass+@RemoteModelInterface:Remote:Serializable,a:map:reduce:tracer:model:class:model:class:remote:model:interface:remote,java.util.Stack,stack,java.util.Stack,stack,push,push
model.view.controller.Model,model,@ModelClass,model:class,setNumThreads,set:num:threads,AMapReduceTracer:@ModelClass:@ModelClass+@RemoteModelInterface:Remote:Serializable,a:map:reduce:tracer:model:class:model:class:remote:model:interface:remote,Thread,thread,java.lang.Thread,thread,Thread,thread
model.view.controller.Model,model,@ModelClass,model:class,setNumThreads,set:num:threads,AMapReduceTracer:@ModelClass:@ModelClass+@RemoteModelInterface:Remote:Serializable,a:map:reduce:tracer:model:class:model:class:remote:model:interface:remote,Thread,thread,java.lang.Thread,thread,setName,set:name
model.view.controller.Model,model,@ModelClass,model:class,setNumThreads,set:num:threads,AMapReduceTracer:@ModelClass:@ModelClass+@RemoteModelInterface:Remote:Serializable,a:map:reduce:tracer:model:class:model:class:remote:model:interface:remote,Thread,thread,java.lang.Thread,thread,start,start
model.view.controller.Model,model,@ModelClass,model:class,setNumThreads,set:num:threads,AMapReduceTracer:@ModelClass:@ModelClass+@RemoteModelInterface:Remote:Serializable,a:map:reduce:tracer:model:class:model:class:remote:model:interface:remote,java.util.List,list,java.util.List,list,add,add
model.view.controller.Model,model,@ModelClass,model:class,setNumThreads,set:num:threads,AMapReduceTracer:@ModelClass:@ModelClass+@RemoteModelInterface:Remote:Serializable,a:map:reduce:tracer:model:class:model:class:remote:model:interface:remote,java.util.List,list,java.util.List,list,add,add
model.view.controller.Model,model,@ModelClass,model:class,setNumThreads,set:num:threads,AMapReduceTracer:@ModelClass:@ModelClass+@RemoteModelInterface:Remote:Serializable,a:map:reduce:tracer:model:class:model:class:remote:model:interface:remote,java.util.LinkedList,linked:list,java.util.LinkedList,linked:list,LinkedList,linked:list
model.view.controller.Model,model,@ModelClass,model:class,setNumThreads,set:num:threads,AMapReduceTracer:@ModelClass:@ModelClass+@RemoteModelInterface:Remote:Serializable,a:map:reduce:tracer:model:class:model:class:remote:model:interface:remote,model.view.controller.Model,model,@ModelClass,model:class,match,match
model.view.controller.Model,model,@ModelClass,model:class,setNumThreads,set:num:threads,AMapReduceTracer:@ModelClass:@ModelClass+@RemoteModelInterface:Remote:Serializable,a:map:reduce:tracer:model:class:model:class:remote:model:interface:remote,java.beans.PropertyChangeEvent,property:change:event,java.beans.PropertyChangeEvent,property:change:event,PropertyChangeEvent,property:change:event
model.view.controller.Model,model,@ModelClass,model:class,setNumThreads,set:num:threads,AMapReduceTracer:@ModelClass:@ModelClass+@RemoteModelInterface:Remote:Serializable,a:map:reduce:tracer:model:class:model:class:remote:model:interface:remote,java.beans.PropertyChangeSupport,property:change:support,java.beans.PropertyChangeSupport,property:change:support,firePropertyChange,fire:property:change
model.view.controller.Model,model,@ModelClass,model:class,addPropertyChangeListener,add:property:change:listener,AMapReduceTracer:@ModelClass:@ModelClass+@RemoteModelInterface:Remote:Serializable,a:map:reduce:tracer:model:class:model:class:remote:model:interface:remote,java.beans.PropertyChangeSupport,property:change:support,java.beans.PropertyChangeSupport,property:change:support,addPropertyChangeListener,add:property:change:listener
model.view.controller.Model,model,@ModelClass,model:class,gatherResults,gather:results,AMapReduceTracer:@ModelClass:@ModelClass+@RemoteModelInterface:Remote:Serializable,a:map:reduce:tracer:model:class:model:class:remote:model:interface:remote,java.util.HashMap,hash:map,java.util.HashMap,hash:map,HashMap,hash:map
model.view.controller.Model,model,@ModelClass,model:class,gatherResults,gather:results,AMapReduceTracer:@ModelClass:@ModelClass+@RemoteModelInterface:Remote:Serializable,a:map:reduce:tracer:model:class:model:class:remote:model:interface:remote,java.util.List,list,java.util.List,list,size,size
model.view.controller.Model,model,@ModelClass,model:class,gatherResults,gather:results,AMapReduceTracer:@ModelClass:@ModelClass+@RemoteModelInterface:Remote:Serializable,a:map:reduce:tracer:model:class:model:class:remote:model:interface:remote,java.util.List,list,java.util.List,list,get,get
model.view.controller.Model,model,@ModelClass,model:class,gatherResults,gather:results,AMapReduceTracer:@ModelClass:@ModelClass+@RemoteModelInterface:Remote:Serializable,a:map:reduce:tracer:model:class:model:class:remote:model:interface:remote,reduce.factory.ReducerFactoryImpl,reducer:factory:impl,@ReducerFactory,reducer:factory,reduce,reduce
model.view.controller.Model,model,@ModelClass,model:class,gatherResults,gather:results,AMapReduceTracer:@ModelClass:@ModelClass+@RemoteModelInterface:Remote:Serializable,a:map:reduce:tracer:model:class:model:class:remote:model:interface:remote,reduce.factory.ReducerFactoryImpl,reducer:factory:impl,@ReducerFactory,reducer:factory,getReducer,get:reducer
model.view.controller.Model,model,@ModelClass,model:class,gatherResults,gather:results,AMapReduceTracer:@ModelClass:@ModelClass+@RemoteModelInterface:Remote:Serializable,a:map:reduce:tracer:model:class:model:class:remote:model:interface:remote,java.util.Map,map,java.util.Map,map,putAll,put:all
model.view.controller.Model,model,@ModelClass,model:class,gatherResults,gather:results,AMapReduceTracer:@ModelClass:@ModelClass+@RemoteModelInterface:Remote:Serializable,a:map:reduce:tracer:model:class:model:class:remote:model:interface:remote,gradingTools.comp533s19.assignment0.AMapReduceTracer,a:map:reduce:tracer,gradingTools.comp533s19.assignment0.AMapReduceTracer,a:map:reduce:tracer,traceAddedToMap,trace:added:to:map
model.view.controller.Model,model,@ModelClass,model:class,resetInput,reset:input,AMapReduceTracer:@ModelClass:@ModelClass+@RemoteModelInterface:Remote:Serializable,a:map:reduce:tracer:model:class:model:class:remote:model:interface:remote,comp533.joiner.Joiner,joiner,@JoinerClass,joiner:class,resetThreadCount,reset:thread:count
model.view.controller.Model,model,@ModelClass,model:class,resetInput,reset:input,AMapReduceTracer:@ModelClass:@ModelClass+@RemoteModelInterface:Remote:Serializable,a:map:reduce:tracer:model:class:model:class:remote:model:interface:remote,comp533.barrier.Barrier,barrier,@BarrierClass,barrier:class,resetThreadCount,reset:thread:count
model.view.controller.Model,model,@ModelClass,model:class,resetInput,reset:input,AMapReduceTracer:@ModelClass:@ModelClass+@RemoteModelInterface:Remote:Serializable,a:map:reduce:tracer:model:class:model:class:remote:model:interface:remote,java.util.List,list,java.util.List,list,clear,clear
model.view.controller.Model,model,@ModelClass,model:class,resetInput,reset:input,AMapReduceTracer:@ModelClass:@ModelClass+@RemoteModelInterface:Remote:Serializable,a:map:reduce:tracer:model:class:model:class:remote:model:interface:remote,java.util.concurrent.BlockingQueue,blocking:queue,java.util.concurrent.BlockingQueue,blocking:queue,clear,clear
model.view.controller.Model,model,@ModelClass,model:class,resetInput,reset:input,AMapReduceTracer:@ModelClass:@ModelClass+@RemoteModelInterface:Remote:Serializable,a:map:reduce:tracer:model:class:model:class:remote:model:interface:remote,java.util.List,list,java.util.List,list,size,size
model.view.controller.Model,model,@ModelClass,model:class,resetInput,reset:input,AMapReduceTracer:@ModelClass:@ModelClass+@RemoteModelInterface:Remote:Serializable,a:map:reduce:tracer:model:class:model:class:remote:model:interface:remote,java.util.List,list,java.util.List,list,clearInput,clear:input
model.view.controller.Model,model,@ModelClass,model:class,resetInput,reset:input,AMapReduceTracer:@ModelClass:@ModelClass+@RemoteModelInterface:Remote:Serializable,a:map:reduce:tracer:model:class:model:class:remote:model:interface:remote,java.util.List,list,java.util.List,list,get,get
model.view.controller.Model,model,@ModelClass,model:class,resetInput,reset:input,AMapReduceTracer:@ModelClass:@ModelClass+@RemoteModelInterface:Remote:Serializable,a:map:reduce:tracer:model:class:model:class:remote:model:interface:remote,java.util.List,list,java.util.List,list,add,add
model.view.controller.Model,model,@ModelClass,model:class,resetInput,reset:input,AMapReduceTracer:@ModelClass:@ModelClass+@RemoteModelInterface:Remote:Serializable,a:map:reduce:tracer:model:class:model:class:remote:model:interface:remote,java.util.LinkedList,linked:list,java.util.LinkedList,linked:list,LinkedList,linked:list
model.view.controller.Model,model,@ModelClass,model:class,setInputString,set:input:string,AMapReduceTracer:@ModelClass:@ModelClass+@RemoteModelInterface:Remote:Serializable,a:map:reduce:tracer:model:class:model:class:remote:model:interface:remote,model.view.controller.Model,model,@ModelClass,model:class,resetInput,reset:input
model.view.controller.Model,model,@ModelClass,model:class,setInputString,set:input:string,AMapReduceTracer:@ModelClass:@ModelClass+@RemoteModelInterface:Remote:Serializable,a:map:reduce:tracer:model:class:model:class:remote:model:interface:remote,slave.SlaveImpl,slave:impl,@SlaveClass,slave:class,notifySlave,notify:slave
model.view.controller.Model,model,@ModelClass,model:class,setInputString,set:input:string,AMapReduceTracer:@ModelClass:@ModelClass+@RemoteModelInterface:Remote:Serializable,a:map:reduce:tracer:model:class:model:class:remote:model:interface:remote,java.beans.PropertyChangeEvent,property:change:event,java.beans.PropertyChangeEvent,property:change:event,PropertyChangeEvent,property:change:event
model.view.controller.Model,model,@ModelClass,model:class,setInputString,set:input:string,AMapReduceTracer:@ModelClass:@ModelClass+@RemoteModelInterface:Remote:Serializable,a:map:reduce:tracer:model:class:model:class:remote:model:interface:remote,java.beans.PropertyChangeSupport,property:change:support,java.beans.PropertyChangeSupport,property:change:support,firePropertyChange,fire:property:change
model.view.controller.Model,model,@ModelClass,model:class,setInputString,set:input:string,AMapReduceTracer:@ModelClass:@ModelClass+@RemoteModelInterface:Remote:Serializable,a:map:reduce:tracer:model:class:model:class:remote:model:interface:remote,String,string,java.lang.String,string,split,split
model.view.controller.Model,model,@ModelClass,model:class,setInputString,set:input:string,AMapReduceTracer:@ModelClass:@ModelClass+@RemoteModelInterface:Remote:Serializable,a:map:reduce:tracer:model:class:model:class:remote:model:interface:remote,java.util.Arrays,arrays,java.util.Arrays,arrays,asList,as:list
model.view.controller.Model,model,@ModelClass,model:class,setInputString,set:input:string,AMapReduceTracer:@ModelClass:@ModelClass+@RemoteModelInterface:Remote:Serializable,a:map:reduce:tracer:model:class:model:class:remote:model:interface:remote,mapper.factory.MapperFactory,mapper:factory,@MapperFactory,mapper:factory,map,map
model.view.controller.Model,model,@ModelClass,model:class,setInputString,set:input:string,AMapReduceTracer:@ModelClass:@ModelClass+@RemoteModelInterface:Remote:Serializable,a:map:reduce:tracer:model:class:model:class:remote:model:interface:remote,mapper.factory.MapperFactory,mapper:factory,@MapperFactory,mapper:factory,getMapper,get:mapper
model.view.controller.Model,model,@ModelClass,model:class,setInputString,set:input:string,AMapReduceTracer:@ModelClass:@ModelClass+@RemoteModelInterface:Remote:Serializable,a:map:reduce:tracer:model:class:model:class:remote:model:interface:remote,java.util.Arrays,arrays,java.util.Arrays,arrays,asList,as:list
model.view.controller.Model,model,@ModelClass,model:class,setInputString,set:input:string,AMapReduceTracer:@ModelClass:@ModelClass+@RemoteModelInterface:Remote:Serializable,a:map:reduce:tracer:model:class:model:class:remote:model:interface:remote,java.util.List,list,java.util.List,list,size,size
model.view.controller.Model,model,@ModelClass,model:class,setInputString,set:input:string,AMapReduceTracer:@ModelClass:@ModelClass+@RemoteModelInterface:Remote:Serializable,a:map:reduce:tracer:model:class:model:class:remote:model:interface:remote,gradingTools.comp533s19.assignment0.AMapReduceTracer,a:map:reduce:tracer,gradingTools.comp533s19.assignment0.AMapReduceTracer,a:map:reduce:tracer,traceBarrierCreated,trace:barrier:created
model.view.controller.Model,model,@ModelClass,model:class,setInputString,set:input:string,AMapReduceTracer:@ModelClass:@ModelClass+@RemoteModelInterface:Remote:Serializable,a:map:reduce:tracer:model:class:model:class:remote:model:interface:remote,gradingTools.comp533s19.assignment0.AMapReduceTracer,a:map:reduce:tracer,gradingTools.comp533s19.assignment0.AMapReduceTracer,a:map:reduce:tracer,traceJoinerCreated,trace:joiner:created
model.view.controller.Model,model,@ModelClass,model:class,setInputString,set:input:string,AMapReduceTracer:@ModelClass:@ModelClass+@RemoteModelInterface:Remote:Serializable,a:map:reduce:tracer:model:class:model:class:remote:model:interface:remote,java.util.List,list,java.util.List,list,get,get
model.view.controller.Model,model,@ModelClass,model:class,setInputString,set:input:string,AMapReduceTracer:@ModelClass:@ModelClass+@RemoteModelInterface:Remote:Serializable,a:map:reduce:tracer:model:class:model:class:remote:model:interface:remote,gradingTools.comp533s19.assignment0.AMapReduceTracer,a:map:reduce:tracer,gradingTools.comp533s19.assignment0.AMapReduceTracer,a:map:reduce:tracer,traceEnqueueRequest,trace:request
model.view.controller.Model,model,@ModelClass,model:class,setInputString,set:input:string,AMapReduceTracer:@ModelClass:@ModelClass+@RemoteModelInterface:Remote:Serializable,a:map:reduce:tracer:model:class:model:class:remote:model:interface:remote,java.util.concurrent.BlockingQueue,blocking:queue,java.util.concurrent.BlockingQueue,blocking:queue,put,put
model.view.controller.Model,model,@ModelClass,model:class,setInputString,set:input:string,AMapReduceTracer:@ModelClass:@ModelClass+@RemoteModelInterface:Remote:Serializable,a:map:reduce:tracer:model:class:model:class:remote:model:interface:remote,gradingTools.comp533s19.assignment0.AMapReduceTracer,a:map:reduce:tracer,gradingTools.comp533s19.assignment0.AMapReduceTracer,a:map:reduce:tracer,traceEnqueue,trace
model.view.controller.Model,model,@ModelClass,model:class,setInputString,set:input:string,AMapReduceTracer:@ModelClass:@ModelClass+@RemoteModelInterface:Remote:Serializable,a:map:reduce:tracer:model:class:model:class:remote:model:interface:remote,java.io.PrintStream,print:stream,java.io.PrintStream,print:stream,println,none
model.view.controller.Model,model,@ModelClass,model:class,setInputString,set:input:string,AMapReduceTracer:@ModelClass:@ModelClass+@RemoteModelInterface:Remote:Serializable,a:map:reduce:tracer:model:class:model:class:remote:model:interface:remote,Exception,exception,java.lang.Exception,exception,getMessage,get:message
model.view.controller.Model,model,@ModelClass,model:class,setInputString,set:input:string,AMapReduceTracer:@ModelClass:@ModelClass+@RemoteModelInterface:Remote:Serializable,a:map:reduce:tracer:model:class:model:class:remote:model:interface:remote,java.util.List,list,java.util.List,list,size,size
model.view.controller.Model,model,@ModelClass,model:class,setInputString,set:input:string,AMapReduceTracer:@ModelClass:@ModelClass+@RemoteModelInterface:Remote:Serializable,a:map:reduce:tracer:model:class:model:class:remote:model:interface:remote,key.value.KeyValueImpl,key:value:impl,@KeyValueClass,key:value:class,KeyValueImpl,key:value:impl
model.view.controller.Model,model,@ModelClass,model:class,setInputString,set:input:string,AMapReduceTracer:@ModelClass:@ModelClass+@RemoteModelInterface:Remote:Serializable,a:map:reduce:tracer:model:class:model:class:remote:model:interface:remote,gradingTools.comp533s19.assignment0.AMapReduceTracer,a:map:reduce:tracer,gradingTools.comp533s19.assignment0.AMapReduceTracer,a:map:reduce:tracer,traceEnqueueRequest,trace:request
model.view.controller.Model,model,@ModelClass,model:class,setInputString,set:input:string,AMapReduceTracer:@ModelClass:@ModelClass+@RemoteModelInterface:Remote:Serializable,a:map:reduce:tracer:model:class:model:class:remote:model:interface:remote,java.util.concurrent.BlockingQueue,blocking:queue,java.util.concurrent.BlockingQueue,blocking:queue,put,put
model.view.controller.Model,model,@ModelClass,model:class,setInputString,set:input:string,AMapReduceTracer:@ModelClass:@ModelClass+@RemoteModelInterface:Remote:Serializable,a:map:reduce:tracer:model:class:model:class:remote:model:interface:remote,gradingTools.comp533s19.assignment0.AMapReduceTracer,a:map:reduce:tracer,gradingTools.comp533s19.assignment0.AMapReduceTracer,a:map:reduce:tracer,traceEnqueue,trace
model.view.controller.Model,model,@ModelClass,model:class,setInputString,set:input:string,AMapReduceTracer:@ModelClass:@ModelClass+@RemoteModelInterface:Remote:Serializable,a:map:reduce:tracer:model:class:model:class:remote:model:interface:remote,java.io.PrintStream,print:stream,java.io.PrintStream,print:stream,println,none
model.view.controller.Model,model,@ModelClass,model:class,setInputString,set:input:string,AMapReduceTracer:@ModelClass:@ModelClass+@RemoteModelInterface:Remote:Serializable,a:map:reduce:tracer:model:class:model:class:remote:model:interface:remote,Exception,exception,java.lang.Exception,exception,getMessage,get:message
model.view.controller.Model,model,@ModelClass,model:class,setInputString,set:input:string,AMapReduceTracer:@ModelClass:@ModelClass+@RemoteModelInterface:Remote:Serializable,a:map:reduce:tracer:model:class:model:class:remote:model:interface:remote,comp533.joiner.Joiner,joiner,@JoinerClass,joiner:class,join,join
model.view.controller.Model,model,@ModelClass,model:class,setInputString,set:input:string,AMapReduceTracer:@ModelClass:@ModelClass+@RemoteModelInterface:Remote:Serializable,a:map:reduce:tracer:model:class:model:class:remote:model:interface:remote,model.view.controller.Model,model,@ModelClass,model:class,gatherResults,gather:results
model.view.controller.Model,model,@ModelClass,model:class,setInputString,set:input:string,AMapReduceTracer:@ModelClass:@ModelClass+@RemoteModelInterface:Remote:Serializable,a:map:reduce:tracer:model:class:model:class:remote:model:interface:remote,java.beans.PropertyChangeEvent,property:change:event,java.beans.PropertyChangeEvent,property:change:event,PropertyChangeEvent,property:change:event
model.view.controller.Model,model,@ModelClass,model:class,setInputString,set:input:string,AMapReduceTracer:@ModelClass:@ModelClass+@RemoteModelInterface:Remote:Serializable,a:map:reduce:tracer:model:class:model:class:remote:model:interface:remote,java.beans.PropertyChangeSupport,property:change:support,java.beans.PropertyChangeSupport,property:change:support,firePropertyChange,fire:property:change
model.view.controller.Model,model,@ModelClass,model:class,terminate,terminate,AMapReduceTracer:@ModelClass:@ModelClass+@RemoteModelInterface:Remote:Serializable,a:map:reduce:tracer:model:class:model:class:remote:model:interface:remote,Thread,thread,java.lang.Thread,thread,interrupt,interrupt
model.view.controller.Model,model,@ModelClass,model:class,terminate,terminate,AMapReduceTracer:@ModelClass:@ModelClass+@RemoteModelInterface:Remote:Serializable,a:map:reduce:tracer:model:class:model:class:remote:model:interface:remote,model.view.controller.Model,model,@ModelClass,model:class,quit,quit
model.view.controller.Model,model,@ModelClass,model:class,registerRemoteClient,register:remote:client,AMapReduceTracer:@ModelClass:@ModelClass+@RemoteModelInterface:Remote:Serializable,a:map:reduce:tracer:model:class:model:class:remote:model:interface:remote,gradingTools.comp533s19.assignment0.AMapReduceTracer,a:map:reduce:tracer,gradingTools.comp533s19.assignment0.AMapReduceTracer,a:map:reduce:tracer,traceRegister,trace:register
model.view.controller.Model,model,@ModelClass,model:class,registerRemoteClient,register:remote:client,AMapReduceTracer:@ModelClass:@ModelClass+@RemoteModelInterface:Remote:Serializable,a:map:reduce:tracer:model:class:model:class:remote:model:interface:remote,java.util.List,list,java.util.List,list,add,add
model.view.controller.Model,model,@ModelClass,model:class,registerRemoteClient,register:remote:client,AMapReduceTracer:@ModelClass:@ModelClass+@RemoteModelInterface:Remote:Serializable,a:map:reduce:tracer:model:class:model:class:remote:model:interface:remote,java.util.Stack,stack,java.util.Stack,stack,push,push
model.view.controller.Model,model,@ModelClass,model:class,registerRemoteClient,register:remote:client,AMapReduceTracer:@ModelClass:@ModelClass+@RemoteModelInterface:Remote:Serializable,a:map:reduce:tracer:model:class:model:class:remote:model:interface:remote,model.view.controller.Model,model,@ModelClass,model:class,match,match
model.view.controller.Model,model,@ModelClass,model:class,quit,quit,AMapReduceTracer:@ModelClass:@ModelClass+@RemoteModelInterface:Remote:Serializable,a:map:reduce:tracer:model:class:model:class:remote:model:interface:remote,client.Client,client,@RemoteClientObjectClass+@RemoteClientObjectInterface,remote:client:object:class:remote:client:object:interface,quit,quit
model.view.controller.Model,model,@ModelClass,model:class,quit,quit,AMapReduceTracer:@ModelClass:@ModelClass+@RemoteModelInterface:Remote:Serializable,a:map:reduce:tracer:model:class:model:class:remote:model:interface:remote,java.rmi.RemoteException,remote:exception,java.rmi.RemoteException,remote:exception,printStackTrace,print:stack:trace
model.view.controller.Model,model,@ModelClass,model:class,quit,quit,AMapReduceTracer:@ModelClass:@ModelClass+@RemoteModelInterface:Remote:Serializable,a:map:reduce:tracer:model:class:model:class:remote:model:interface:remote,gradingTools.comp533s19.assignment0.AMapReduceTracer,a:map:reduce:tracer,gradingTools.comp533s19.assignment0.AMapReduceTracer,a:map:reduce:tracer,traceExit,trace:exit
model.view.controller.Model,model,@ModelClass,model:class,quit,quit,AMapReduceTracer:@ModelClass:@ModelClass+@RemoteModelInterface:Remote:Serializable,a:map:reduce:tracer:model:class:model:class:remote:model:interface:remote,java.lang.Object,object,java.lang.Object,object,getClass,get:class
model.view.controller.Model,model,@ModelClass,model:class,quit,quit,AMapReduceTracer:@ModelClass:@ModelClass+@RemoteModelInterface:Remote:Serializable,a:map:reduce:tracer:model:class:model:class:remote:model:interface:remote,System,system,java.lang.System,system,exit,exit
model.view.controller.Model,model,@ModelClass,model:class,match,match,AMapReduceTracer:@ModelClass:@ModelClass+@RemoteModelInterface:Remote:Serializable,a:map:reduce:tracer:model:class:model:class:remote:model:interface:remote,java.util.Stack,stack,java.util.Stack,stack,empty,empty
model.view.controller.Model,model,@ModelClass,model:class,match,match,AMapReduceTracer:@ModelClass:@ModelClass+@RemoteModelInterface:Remote:Serializable,a:map:reduce:tracer:model:class:model:class:remote:model:interface:remote,java.util.Stack,stack,java.util.Stack,stack,empty,empty
model.view.controller.Model,model,@ModelClass,model:class,match,match,AMapReduceTracer:@ModelClass:@ModelClass+@RemoteModelInterface:Remote:Serializable,a:map:reduce:tracer:model:class:model:class:remote:model:interface:remote,java.util.Stack,stack,java.util.Stack,stack,pop,pop
model.view.controller.Model,model,@ModelClass,model:class,match,match,AMapReduceTracer:@ModelClass:@ModelClass+@RemoteModelInterface:Remote:Serializable,a:map:reduce:tracer:model:class:model:class:remote:model:interface:remote,slave.SlaveImpl,slave:impl,@SlaveClass,slave:class,addRemoteClient,add:remote:client
model.view.controller.Model,model,@ModelClass,model:class,match,match,AMapReduceTracer:@ModelClass:@ModelClass+@RemoteModelInterface:Remote:Serializable,a:map:reduce:tracer:model:class:model:class:remote:model:interface:remote,java.util.Stack,stack,java.util.Stack,stack,pop,pop
model.view.controller.View,view,@ViewClass,view:class,propertyChange,property:change,AMapReduceTracer:@ModelClass:@ModelClass+@RemoteModelInterface:Remote:Serializable:AMapReduceTracer:PropertyChangeListener:EventListener,a:map:reduce:tracer:model:class:model:class:remote:model:interface:remote:a:map:reduce:tracer:property:change:listener:event:listener,gradingTools.comp533s19.assignment0.AMapReduceTracer,a:map:reduce:tracer,gradingTools.comp533s19.assignment0.AMapReduceTracer,a:map:reduce:tracer,tracePropertyChange,trace:property:change
facebook.FacebookModel,facebook:model,FacebookModel,facebook:model,setNumThreads,set:num:threads,AMapReduceTracer:@ModelClass:@ModelClass+@RemoteModelInterface:Remote:Serializable:AMapReduceTracer:PropertyChangeListener:EventListener:AMapReduceTracer:@ModelClass:Serializable:Remote,a:map:reduce:tracer:model:class:model:class:remote:model:interface:remote:a:map:reduce:tracer:property:change:listener:event:listener:a:map:reduce:tracer:model:class:remote,java.beans.PropertyChangeEvent,property:change:event,java.beans.PropertyChangeEvent,property:change:event,PropertyChangeEvent,property:change:event
facebook.FacebookModel,facebook:model,FacebookModel,facebook:model,setNumThreads,set:num:threads,AMapReduceTracer:@ModelClass:@ModelClass+@RemoteModelInterface:Remote:Serializable:AMapReduceTracer:PropertyChangeListener:EventListener:AMapReduceTracer:@ModelClass:Serializable:Remote,a:map:reduce:tracer:model:class:model:class:remote:model:interface:remote:a:map:reduce:tracer:property:change:listener:event:listener:a:map:reduce:tracer:model:class:remote,java.beans.PropertyChangeSupport,property:change:support,java.beans.PropertyChangeSupport,property:change:support,firePropertyChange,fire:property:change
facebook.FacebookModel,facebook:model,FacebookModel,facebook:model,setNumThreads,set:num:threads,AMapReduceTracer:@ModelClass:@ModelClass+@RemoteModelInterface:Remote:Serializable:AMapReduceTracer:PropertyChangeListener:EventListener:AMapReduceTracer:@ModelClass:Serializable:Remote,a:map:reduce:tracer:model:class:model:class:remote:model:interface:remote:a:map:reduce:tracer:property:change:listener:event:listener:a:map:reduce:tracer:model:class:remote,java.util.ArrayList,array:list,java.util.ArrayList,array:list,ArrayList,array:list
facebook.FacebookModel,facebook:model,FacebookModel,facebook:model,setNumThreads,set:num:threads,AMapReduceTracer:@ModelClass:@ModelClass+@RemoteModelInterface:Remote:Serializable:AMapReduceTracer:PropertyChangeListener:EventListener:AMapReduceTracer:@ModelClass:Serializable:Remote,a:map:reduce:tracer:model:class:model:class:remote:model:interface:remote:a:map:reduce:tracer:property:change:listener:event:listener:a:map:reduce:tracer:model:class:remote,java.util.ArrayList,array:list,java.util.ArrayList,array:list,ArrayList,array:list
facebook.FacebookModel,facebook:model,FacebookModel,facebook:model,setNumThreads,set:num:threads,AMapReduceTracer:@ModelClass:@ModelClass+@RemoteModelInterface:Remote:Serializable:AMapReduceTracer:PropertyChangeListener:EventListener:AMapReduceTracer:@ModelClass:Serializable:Remote,a:map:reduce:tracer:model:class:model:class:remote:model:interface:remote:a:map:reduce:tracer:property:change:listener:event:listener:a:map:reduce:tracer:model:class:remote,java.util.ArrayList,array:list,java.util.ArrayList,array:list,ArrayList,array:list
facebook.FacebookModel,facebook:model,FacebookModel,facebook:model,setNumThreads,set:num:threads,AMapReduceTracer:@ModelClass:@ModelClass+@RemoteModelInterface:Remote:Serializable:AMapReduceTracer:PropertyChangeListener:EventListener:AMapReduceTracer:@ModelClass:Serializable:Remote,a:map:reduce:tracer:model:class:model:class:remote:model:interface:remote:a:map:reduce:tracer:property:change:listener:event:listener:a:map:reduce:tracer:model:class:remote,java.util.concurrent.ArrayBlockingQueue,array:blocking:queue,java.util.concurrent.ArrayBlockingQueue,array:blocking:queue,ArrayBlockingQueue,array:blocking:queue
facebook.FacebookModel,facebook:model,FacebookModel,facebook:model,setNumThreads,set:num:threads,AMapReduceTracer:@ModelClass:@ModelClass+@RemoteModelInterface:Remote:Serializable:AMapReduceTracer:PropertyChangeListener:EventListener:AMapReduceTracer:@ModelClass:Serializable:Remote,a:map:reduce:tracer:model:class:model:class:remote:model:interface:remote:a:map:reduce:tracer:property:change:listener:event:listener:a:map:reduce:tracer:model:class:remote,comp533.joiner.JoinerImpl,joiner:impl,@JoinerClass,joiner:class,JoinerImpl,joiner:impl
facebook.FacebookModel,facebook:model,FacebookModel,facebook:model,setNumThreads,set:num:threads,AMapReduceTracer:@ModelClass:@ModelClass+@RemoteModelInterface:Remote:Serializable:AMapReduceTracer:PropertyChangeListener:EventListener:AMapReduceTracer:@ModelClass:Serializable:Remote,a:map:reduce:tracer:model:class:model:class:remote:model:interface:remote:a:map:reduce:tracer:property:change:listener:event:listener:a:map:reduce:tracer:model:class:remote,comp533.barrier.BarrierImpl,barrier:impl,@BarrierClass,barrier:class,BarrierImpl,barrier:impl
facebook.FacebookModel,facebook:model,FacebookModel,facebook:model,setNumThreads,set:num:threads,AMapReduceTracer:@ModelClass:@ModelClass+@RemoteModelInterface:Remote:Serializable:AMapReduceTracer:PropertyChangeListener:EventListener:AMapReduceTracer:@ModelClass:Serializable:Remote,a:map:reduce:tracer:model:class:model:class:remote:model:interface:remote:a:map:reduce:tracer:property:change:listener:event:listener:a:map:reduce:tracer:model:class:remote,java.util.List,list,java.util.List,list,add,add
facebook.FacebookModel,facebook:model,FacebookModel,facebook:model,setNumThreads,set:num:threads,AMapReduceTracer:@ModelClass:@ModelClass+@RemoteModelInterface:Remote:Serializable:AMapReduceTracer:PropertyChangeListener:EventListener:AMapReduceTracer:@ModelClass:Serializable:Remote,a:map:reduce:tracer:model:class:model:class:remote:model:interface:remote:a:map:reduce:tracer:property:change:listener:event:listener:a:map:reduce:tracer:model:class:remote,java.util.Stack,stack,java.util.Stack,stack,push,push
facebook.FacebookModel,facebook:model,FacebookModel,facebook:model,setNumThreads,set:num:threads,AMapReduceTracer:@ModelClass:@ModelClass+@RemoteModelInterface:Remote:Serializable:AMapReduceTracer:PropertyChangeListener:EventListener:AMapReduceTracer:@ModelClass:Serializable:Remote,a:map:reduce:tracer:model:class:model:class:remote:model:interface:remote:a:map:reduce:tracer:property:change:listener:event:listener:a:map:reduce:tracer:model:class:remote,Thread,thread,java.lang.Thread,thread,Thread,thread
facebook.FacebookModel,facebook:model,FacebookModel,facebook:model,setNumThreads,set:num:threads,AMapReduceTracer:@ModelClass:@ModelClass+@RemoteModelInterface:Remote:Serializable:AMapReduceTracer:PropertyChangeListener:EventListener:AMapReduceTracer:@ModelClass:Serializable:Remote,a:map:reduce:tracer:model:class:model:class:remote:model:interface:remote:a:map:reduce:tracer:property:change:listener:event:listener:a:map:reduce:tracer:model:class:remote,Thread,thread,java.lang.Thread,thread,setName,set:name
facebook.FacebookModel,facebook:model,FacebookModel,facebook:model,setNumThreads,set:num:threads,AMapReduceTracer:@ModelClass:@ModelClass+@RemoteModelInterface:Remote:Serializable:AMapReduceTracer:PropertyChangeListener:EventListener:AMapReduceTracer:@ModelClass:Serializable:Remote,a:map:reduce:tracer:model:class:model:class:remote:model:interface:remote:a:map:reduce:tracer:property:change:listener:event:listener:a:map:reduce:tracer:model:class:remote,Thread,thread,java.lang.Thread,thread,start,start
facebook.FacebookModel,facebook:model,FacebookModel,facebook:model,setNumThreads,set:num:threads,AMapReduceTracer:@ModelClass:@ModelClass+@RemoteModelInterface:Remote:Serializable:AMapReduceTracer:PropertyChangeListener:EventListener:AMapReduceTracer:@ModelClass:Serializable:Remote,a:map:reduce:tracer:model:class:model:class:remote:model:interface:remote:a:map:reduce:tracer:property:change:listener:event:listener:a:map:reduce:tracer:model:class:remote,java.util.List,list,java.util.List,list,add,add
facebook.FacebookModel,facebook:model,FacebookModel,facebook:model,setNumThreads,set:num:threads,AMapReduceTracer:@ModelClass:@ModelClass+@RemoteModelInterface:Remote:Serializable:AMapReduceTracer:PropertyChangeListener:EventListener:AMapReduceTracer:@ModelClass:Serializable:Remote,a:map:reduce:tracer:model:class:model:class:remote:model:interface:remote:a:map:reduce:tracer:property:change:listener:event:listener:a:map:reduce:tracer:model:class:remote,java.util.List,list,java.util.List,list,add,add
facebook.FacebookModel,facebook:model,FacebookModel,facebook:model,setNumThreads,set:num:threads,AMapReduceTracer:@ModelClass:@ModelClass+@RemoteModelInterface:Remote:Serializable:AMapReduceTracer:PropertyChangeListener:EventListener:AMapReduceTracer:@ModelClass:Serializable:Remote,a:map:reduce:tracer:model:class:model:class:remote:model:interface:remote:a:map:reduce:tracer:property:change:listener:event:listener:a:map:reduce:tracer:model:class:remote,java.util.LinkedList,linked:list,java.util.LinkedList,linked:list,LinkedList,linked:list
facebook.FacebookModel,facebook:model,FacebookModel,facebook:model,setNumThreads,set:num:threads,AMapReduceTracer:@ModelClass:@ModelClass+@RemoteModelInterface:Remote:Serializable:AMapReduceTracer:PropertyChangeListener:EventListener:AMapReduceTracer:@ModelClass:Serializable:Remote,a:map:reduce:tracer:model:class:model:class:remote:model:interface:remote:a:map:reduce:tracer:property:change:listener:event:listener:a:map:reduce:tracer:model:class:remote,java.beans.PropertyChangeEvent,property:change:event,java.beans.PropertyChangeEvent,property:change:event,PropertyChangeEvent,property:change:event
facebook.FacebookModel,facebook:model,FacebookModel,facebook:model,setNumThreads,set:num:threads,AMapReduceTracer:@ModelClass:@ModelClass+@RemoteModelInterface:Remote:Serializable:AMapReduceTracer:PropertyChangeListener:EventListener:AMapReduceTracer:@ModelClass:Serializable:Remote,a:map:reduce:tracer:model:class:model:class:remote:model:interface:remote:a:map:reduce:tracer:property:change:listener:event:listener:a:map:reduce:tracer:model:class:remote,java.beans.PropertyChangeSupport,property:change:support,java.beans.PropertyChangeSupport,property:change:support,firePropertyChange,fire:property:change
facebook.FacebookModel,facebook:model,FacebookModel,facebook:model,addPropertyChangeListener,add:property:change:listener,AMapReduceTracer:@ModelClass:@ModelClass+@RemoteModelInterface:Remote:Serializable:AMapReduceTracer:PropertyChangeListener:EventListener:AMapReduceTracer:@ModelClass:Serializable:Remote,a:map:reduce:tracer:model:class:model:class:remote:model:interface:remote:a:map:reduce:tracer:property:change:listener:event:listener:a:map:reduce:tracer:model:class:remote,java.beans.PropertyChangeSupport,property:change:support,java.beans.PropertyChangeSupport,property:change:support,addPropertyChangeListener,add:property:change:listener
facebook.FacebookModel,facebook:model,FacebookModel,facebook:model,gatherResults,gather:results,AMapReduceTracer:@ModelClass:@ModelClass+@RemoteModelInterface:Remote:Serializable:AMapReduceTracer:PropertyChangeListener:EventListener:AMapReduceTracer:@ModelClass:Serializable:Remote,a:map:reduce:tracer:model:class:model:class:remote:model:interface:remote:a:map:reduce:tracer:property:change:listener:event:listener:a:map:reduce:tracer:model:class:remote,java.util.HashMap,hash:map,java.util.HashMap,hash:map,HashMap,hash:map
facebook.FacebookModel,facebook:model,FacebookModel,facebook:model,gatherResults,gather:results,AMapReduceTracer:@ModelClass:@ModelClass+@RemoteModelInterface:Remote:Serializable:AMapReduceTracer:PropertyChangeListener:EventListener:AMapReduceTracer:@ModelClass:Serializable:Remote,a:map:reduce:tracer:model:class:model:class:remote:model:interface:remote:a:map:reduce:tracer:property:change:listener:event:listener:a:map:reduce:tracer:model:class:remote,java.util.List,list,java.util.List,list,size,size
facebook.FacebookModel,facebook:model,FacebookModel,facebook:model,gatherResults,gather:results,AMapReduceTracer:@ModelClass:@ModelClass+@RemoteModelInterface:Remote:Serializable:AMapReduceTracer:PropertyChangeListener:EventListener:AMapReduceTracer:@ModelClass:Serializable:Remote,a:map:reduce:tracer:model:class:model:class:remote:model:interface:remote:a:map:reduce:tracer:property:change:listener:event:listener:a:map:reduce:tracer:model:class:remote,java.util.List,list,java.util.List,list,get,get
facebook.FacebookModel,facebook:model,FacebookModel,facebook:model,gatherResults,gather:results,AMapReduceTracer:@ModelClass:@ModelClass+@RemoteModelInterface:Remote:Serializable:AMapReduceTracer:PropertyChangeListener:EventListener:AMapReduceTracer:@ModelClass:Serializable:Remote,a:map:reduce:tracer:model:class:model:class:remote:model:interface:remote:a:map:reduce:tracer:property:change:listener:event:listener:a:map:reduce:tracer:model:class:remote,java.util.Map,map,java.util.Map,map,putAll,put:all
facebook.FacebookModel,facebook:model,FacebookModel,facebook:model,gatherResults,gather:results,AMapReduceTracer:@ModelClass:@ModelClass+@RemoteModelInterface:Remote:Serializable:AMapReduceTracer:PropertyChangeListener:EventListener:AMapReduceTracer:@ModelClass:Serializable:Remote,a:map:reduce:tracer:model:class:model:class:remote:model:interface:remote:a:map:reduce:tracer:property:change:listener:event:listener:a:map:reduce:tracer:model:class:remote,gradingTools.comp533s19.assignment0.AMapReduceTracer,a:map:reduce:tracer,gradingTools.comp533s19.assignment0.AMapReduceTracer,a:map:reduce:tracer,traceAddedToMap,trace:added:to:map
facebook.FacebookModel,facebook:model,FacebookModel,facebook:model,resetInput,reset:input,AMapReduceTracer:@ModelClass:@ModelClass+@RemoteModelInterface:Remote:Serializable:AMapReduceTracer:PropertyChangeListener:EventListener:AMapReduceTracer:@ModelClass:Serializable:Remote,a:map:reduce:tracer:model:class:model:class:remote:model:interface:remote:a:map:reduce:tracer:property:change:listener:event:listener:a:map:reduce:tracer:model:class:remote,comp533.joiner.Joiner,joiner,@JoinerClass,joiner:class,resetThreadCount,reset:thread:count
facebook.FacebookModel,facebook:model,FacebookModel,facebook:model,resetInput,reset:input,AMapReduceTracer:@ModelClass:@ModelClass+@RemoteModelInterface:Remote:Serializable:AMapReduceTracer:PropertyChangeListener:EventListener:AMapReduceTracer:@ModelClass:Serializable:Remote,a:map:reduce:tracer:model:class:model:class:remote:model:interface:remote:a:map:reduce:tracer:property:change:listener:event:listener:a:map:reduce:tracer:model:class:remote,comp533.barrier.Barrier,barrier,@BarrierClass,barrier:class,resetThreadCount,reset:thread:count
facebook.FacebookModel,facebook:model,FacebookModel,facebook:model,resetInput,reset:input,AMapReduceTracer:@ModelClass:@ModelClass+@RemoteModelInterface:Remote:Serializable:AMapReduceTracer:PropertyChangeListener:EventListener:AMapReduceTracer:@ModelClass:Serializable:Remote,a:map:reduce:tracer:model:class:model:class:remote:model:interface:remote:a:map:reduce:tracer:property:change:listener:event:listener:a:map:reduce:tracer:model:class:remote,java.util.List,list,java.util.List,list,clear,clear
facebook.FacebookModel,facebook:model,FacebookModel,facebook:model,resetInput,reset:input,AMapReduceTracer:@ModelClass:@ModelClass+@RemoteModelInterface:Remote:Serializable:AMapReduceTracer:PropertyChangeListener:EventListener:AMapReduceTracer:@ModelClass:Serializable:Remote,a:map:reduce:tracer:model:class:model:class:remote:model:interface:remote:a:map:reduce:tracer:property:change:listener:event:listener:a:map:reduce:tracer:model:class:remote,java.util.concurrent.BlockingQueue,blocking:queue,java.util.concurrent.BlockingQueue,blocking:queue,clear,clear
facebook.FacebookModel,facebook:model,FacebookModel,facebook:model,resetInput,reset:input,AMapReduceTracer:@ModelClass:@ModelClass+@RemoteModelInterface:Remote:Serializable:AMapReduceTracer:PropertyChangeListener:EventListener:AMapReduceTracer:@ModelClass:Serializable:Remote,a:map:reduce:tracer:model:class:model:class:remote:model:interface:remote:a:map:reduce:tracer:property:change:listener:event:listener:a:map:reduce:tracer:model:class:remote,java.util.List,list,java.util.List,list,size,size
facebook.FacebookModel,facebook:model,FacebookModel,facebook:model,resetInput,reset:input,AMapReduceTracer:@ModelClass:@ModelClass+@RemoteModelInterface:Remote:Serializable:AMapReduceTracer:PropertyChangeListener:EventListener:AMapReduceTracer:@ModelClass:Serializable:Remote,a:map:reduce:tracer:model:class:model:class:remote:model:interface:remote:a:map:reduce:tracer:property:change:listener:event:listener:a:map:reduce:tracer:model:class:remote,java.util.List,list,java.util.List,list,clearInput,clear:input
facebook.FacebookModel,facebook:model,FacebookModel,facebook:model,resetInput,reset:input,AMapReduceTracer:@ModelClass:@ModelClass+@RemoteModelInterface:Remote:Serializable:AMapReduceTracer:PropertyChangeListener:EventListener:AMapReduceTracer:@ModelClass:Serializable:Remote,a:map:reduce:tracer:model:class:model:class:remote:model:interface:remote:a:map:reduce:tracer:property:change:listener:event:listener:a:map:reduce:tracer:model:class:remote,java.util.List,list,java.util.List,list,get,get
facebook.FacebookModel,facebook:model,FacebookModel,facebook:model,resetInput,reset:input,AMapReduceTracer:@ModelClass:@ModelClass+@RemoteModelInterface:Remote:Serializable:AMapReduceTracer:PropertyChangeListener:EventListener:AMapReduceTracer:@ModelClass:Serializable:Remote,a:map:reduce:tracer:model:class:model:class:remote:model:interface:remote:a:map:reduce:tracer:property:change:listener:event:listener:a:map:reduce:tracer:model:class:remote,java.util.List,list,java.util.List,list,add,add
facebook.FacebookModel,facebook:model,FacebookModel,facebook:model,resetInput,reset:input,AMapReduceTracer:@ModelClass:@ModelClass+@RemoteModelInterface:Remote:Serializable:AMapReduceTracer:PropertyChangeListener:EventListener:AMapReduceTracer:@ModelClass:Serializable:Remote,a:map:reduce:tracer:model:class:model:class:remote:model:interface:remote:a:map:reduce:tracer:property:change:listener:event:listener:a:map:reduce:tracer:model:class:remote,java.util.LinkedList,linked:list,java.util.LinkedList,linked:list,LinkedList,linked:list
facebook.FacebookModel,facebook:model,FacebookModel,facebook:model,setInputString,set:input:string,AMapReduceTracer:@ModelClass:@ModelClass+@RemoteModelInterface:Remote:Serializable:AMapReduceTracer:PropertyChangeListener:EventListener:AMapReduceTracer:@ModelClass:Serializable:Remote,a:map:reduce:tracer:model:class:model:class:remote:model:interface:remote:a:map:reduce:tracer:property:change:listener:event:listener:a:map:reduce:tracer:model:class:remote,java.beans.PropertyChangeEvent,property:change:event,java.beans.PropertyChangeEvent,property:change:event,PropertyChangeEvent,property:change:event
facebook.FacebookModel,facebook:model,FacebookModel,facebook:model,setInputString,set:input:string,AMapReduceTracer:@ModelClass:@ModelClass+@RemoteModelInterface:Remote:Serializable:AMapReduceTracer:PropertyChangeListener:EventListener:AMapReduceTracer:@ModelClass:Serializable:Remote,a:map:reduce:tracer:model:class:model:class:remote:model:interface:remote:a:map:reduce:tracer:property:change:listener:event:listener:a:map:reduce:tracer:model:class:remote,java.beans.PropertyChangeSupport,property:change:support,java.beans.PropertyChangeSupport,property:change:support,firePropertyChange,fire:property:change
facebook.FacebookModel,facebook:model,FacebookModel,facebook:model,setInputString,set:input:string,AMapReduceTracer:@ModelClass:@ModelClass+@RemoteModelInterface:Remote:Serializable:AMapReduceTracer:PropertyChangeListener:EventListener:AMapReduceTracer:@ModelClass:Serializable:Remote,a:map:reduce:tracer:model:class:model:class:remote:model:interface:remote:a:map:reduce:tracer:property:change:listener:event:listener:a:map:reduce:tracer:model:class:remote,java.util.List,list,java.util.List,list,size,size
facebook.FacebookModel,facebook:model,FacebookModel,facebook:model,setInputString,set:input:string,AMapReduceTracer:@ModelClass:@ModelClass+@RemoteModelInterface:Remote:Serializable:AMapReduceTracer:PropertyChangeListener:EventListener:AMapReduceTracer:@ModelClass:Serializable:Remote,a:map:reduce:tracer:model:class:model:class:remote:model:interface:remote:a:map:reduce:tracer:property:change:listener:event:listener:a:map:reduce:tracer:model:class:remote,gradingTools.comp533s19.assignment0.AMapReduceTracer,a:map:reduce:tracer,gradingTools.comp533s19.assignment0.AMapReduceTracer,a:map:reduce:tracer,traceBarrierCreated,trace:barrier:created
facebook.FacebookModel,facebook:model,FacebookModel,facebook:model,setInputString,set:input:string,AMapReduceTracer:@ModelClass:@ModelClass+@RemoteModelInterface:Remote:Serializable:AMapReduceTracer:PropertyChangeListener:EventListener:AMapReduceTracer:@ModelClass:Serializable:Remote,a:map:reduce:tracer:model:class:model:class:remote:model:interface:remote:a:map:reduce:tracer:property:change:listener:event:listener:a:map:reduce:tracer:model:class:remote,gradingTools.comp533s19.assignment0.AMapReduceTracer,a:map:reduce:tracer,gradingTools.comp533s19.assignment0.AMapReduceTracer,a:map:reduce:tracer,traceJoinerCreated,trace:joiner:created
facebook.FacebookModel,facebook:model,FacebookModel,facebook:model,setInputString,set:input:string,AMapReduceTracer:@ModelClass:@ModelClass+@RemoteModelInterface:Remote:Serializable:AMapReduceTracer:PropertyChangeListener:EventListener:AMapReduceTracer:@ModelClass:Serializable:Remote,a:map:reduce:tracer:model:class:model:class:remote:model:interface:remote:a:map:reduce:tracer:property:change:listener:event:listener:a:map:reduce:tracer:model:class:remote,java.util.List,list,java.util.List,list,get,get
facebook.FacebookModel,facebook:model,FacebookModel,facebook:model,setInputString,set:input:string,AMapReduceTracer:@ModelClass:@ModelClass+@RemoteModelInterface:Remote:Serializable:AMapReduceTracer:PropertyChangeListener:EventListener:AMapReduceTracer:@ModelClass:Serializable:Remote,a:map:reduce:tracer:model:class:model:class:remote:model:interface:remote:a:map:reduce:tracer:property:change:listener:event:listener:a:map:reduce:tracer:model:class:remote,gradingTools.comp533s19.assignment0.AMapReduceTracer,a:map:reduce:tracer,gradingTools.comp533s19.assignment0.AMapReduceTracer,a:map:reduce:tracer,traceEnqueueRequest,trace:request
facebook.FacebookModel,facebook:model,FacebookModel,facebook:model,setInputString,set:input:string,AMapReduceTracer:@ModelClass:@ModelClass+@RemoteModelInterface:Remote:Serializable:AMapReduceTracer:PropertyChangeListener:EventListener:AMapReduceTracer:@ModelClass:Serializable:Remote,a:map:reduce:tracer:model:class:model:class:remote:model:interface:remote:a:map:reduce:tracer:property:change:listener:event:listener:a:map:reduce:tracer:model:class:remote,java.util.concurrent.BlockingQueue,blocking:queue,java.util.concurrent.BlockingQueue,blocking:queue,put,put
facebook.FacebookModel,facebook:model,FacebookModel,facebook:model,setInputString,set:input:string,AMapReduceTracer:@ModelClass:@ModelClass+@RemoteModelInterface:Remote:Serializable:AMapReduceTracer:PropertyChangeListener:EventListener:AMapReduceTracer:@ModelClass:Serializable:Remote,a:map:reduce:tracer:model:class:model:class:remote:model:interface:remote:a:map:reduce:tracer:property:change:listener:event:listener:a:map:reduce:tracer:model:class:remote,gradingTools.comp533s19.assignment0.AMapReduceTracer,a:map:reduce:tracer,gradingTools.comp533s19.assignment0.AMapReduceTracer,a:map:reduce:tracer,traceEnqueue,trace
facebook.FacebookModel,facebook:model,FacebookModel,facebook:model,setInputString,set:input:string,AMapReduceTracer:@ModelClass:@ModelClass+@RemoteModelInterface:Remote:Serializable:AMapReduceTracer:PropertyChangeListener:EventListener:AMapReduceTracer:@ModelClass:Serializable:Remote,a:map:reduce:tracer:model:class:model:class:remote:model:interface:remote:a:map:reduce:tracer:property:change:listener:event:listener:a:map:reduce:tracer:model:class:remote,java.io.PrintStream,print:stream,java.io.PrintStream,print:stream,println,none
facebook.FacebookModel,facebook:model,FacebookModel,facebook:model,setInputString,set:input:string,AMapReduceTracer:@ModelClass:@ModelClass+@RemoteModelInterface:Remote:Serializable:AMapReduceTracer:PropertyChangeListener:EventListener:AMapReduceTracer:@ModelClass:Serializable:Remote,a:map:reduce:tracer:model:class:model:class:remote:model:interface:remote:a:map:reduce:tracer:property:change:listener:event:listener:a:map:reduce:tracer:model:class:remote,Exception,exception,java.lang.Exception,exception,getMessage,get:message
facebook.FacebookModel,facebook:model,FacebookModel,facebook:model,setInputString,set:input:string,AMapReduceTracer:@ModelClass:@ModelClass+@RemoteModelInterface:Remote:Serializable:AMapReduceTracer:PropertyChangeListener:EventListener:AMapReduceTracer:@ModelClass:Serializable:Remote,a:map:reduce:tracer:model:class:model:class:remote:model:interface:remote:a:map:reduce:tracer:property:change:listener:event:listener:a:map:reduce:tracer:model:class:remote,java.util.List,list,java.util.List,list,size,size
facebook.FacebookModel,facebook:model,FacebookModel,facebook:model,setInputString,set:input:string,AMapReduceTracer:@ModelClass:@ModelClass+@RemoteModelInterface:Remote:Serializable:AMapReduceTracer:PropertyChangeListener:EventListener:AMapReduceTracer:@ModelClass:Serializable:Remote,a:map:reduce:tracer:model:class:model:class:remote:model:interface:remote:a:map:reduce:tracer:property:change:listener:event:listener:a:map:reduce:tracer:model:class:remote,key.value.KeyValueImpl,key:value:impl,@KeyValueClass,key:value:class,KeyValueImpl,key:value:impl
facebook.FacebookModel,facebook:model,FacebookModel,facebook:model,setInputString,set:input:string,AMapReduceTracer:@ModelClass:@ModelClass+@RemoteModelInterface:Remote:Serializable:AMapReduceTracer:PropertyChangeListener:EventListener:AMapReduceTracer:@ModelClass:Serializable:Remote,a:map:reduce:tracer:model:class:model:class:remote:model:interface:remote:a:map:reduce:tracer:property:change:listener:event:listener:a:map:reduce:tracer:model:class:remote,gradingTools.comp533s19.assignment0.AMapReduceTracer,a:map:reduce:tracer,gradingTools.comp533s19.assignment0.AMapReduceTracer,a:map:reduce:tracer,traceEnqueueRequest,trace:request
facebook.FacebookModel,facebook:model,FacebookModel,facebook:model,setInputString,set:input:string,AMapReduceTracer:@ModelClass:@ModelClass+@RemoteModelInterface:Remote:Serializable:AMapReduceTracer:PropertyChangeListener:EventListener:AMapReduceTracer:@ModelClass:Serializable:Remote,a:map:reduce:tracer:model:class:model:class:remote:model:interface:remote:a:map:reduce:tracer:property:change:listener:event:listener:a:map:reduce:tracer:model:class:remote,java.util.concurrent.BlockingQueue,blocking:queue,java.util.concurrent.BlockingQueue,blocking:queue,put,put
facebook.FacebookModel,facebook:model,FacebookModel,facebook:model,setInputString,set:input:string,AMapReduceTracer:@ModelClass:@ModelClass+@RemoteModelInterface:Remote:Serializable:AMapReduceTracer:PropertyChangeListener:EventListener:AMapReduceTracer:@ModelClass:Serializable:Remote,a:map:reduce:tracer:model:class:model:class:remote:model:interface:remote:a:map:reduce:tracer:property:change:listener:event:listener:a:map:reduce:tracer:model:class:remote,gradingTools.comp533s19.assignment0.AMapReduceTracer,a:map:reduce:tracer,gradingTools.comp533s19.assignment0.AMapReduceTracer,a:map:reduce:tracer,traceEnqueue,trace
facebook.FacebookModel,facebook:model,FacebookModel,facebook:model,setInputString,set:input:string,AMapReduceTracer:@ModelClass:@ModelClass+@RemoteModelInterface:Remote:Serializable:AMapReduceTracer:PropertyChangeListener:EventListener:AMapReduceTracer:@ModelClass:Serializable:Remote,a:map:reduce:tracer:model:class:model:class:remote:model:interface:remote:a:map:reduce:tracer:property:change:listener:event:listener:a:map:reduce:tracer:model:class:remote,java.io.PrintStream,print:stream,java.io.PrintStream,print:stream,println,none
facebook.FacebookModel,facebook:model,FacebookModel,facebook:model,setInputString,set:input:string,AMapReduceTracer:@ModelClass:@ModelClass+@RemoteModelInterface:Remote:Serializable:AMapReduceTracer:PropertyChangeListener:EventListener:AMapReduceTracer:@ModelClass:Serializable:Remote,a:map:reduce:tracer:model:class:model:class:remote:model:interface:remote:a:map:reduce:tracer:property:change:listener:event:listener:a:map:reduce:tracer:model:class:remote,Exception,exception,java.lang.Exception,exception,getMessage,get:message
facebook.FacebookModel,facebook:model,FacebookModel,facebook:model,setInputString,set:input:string,AMapReduceTracer:@ModelClass:@ModelClass+@RemoteModelInterface:Remote:Serializable:AMapReduceTracer:PropertyChangeListener:EventListener:AMapReduceTracer:@ModelClass:Serializable:Remote,a:map:reduce:tracer:model:class:model:class:remote:model:interface:remote:a:map:reduce:tracer:property:change:listener:event:listener:a:map:reduce:tracer:model:class:remote,comp533.joiner.Joiner,joiner,@JoinerClass,joiner:class,join,join
facebook.FacebookModel,facebook:model,FacebookModel,facebook:model,setInputString,set:input:string,AMapReduceTracer:@ModelClass:@ModelClass+@RemoteModelInterface:Remote:Serializable:AMapReduceTracer:PropertyChangeListener:EventListener:AMapReduceTracer:@ModelClass:Serializable:Remote,a:map:reduce:tracer:model:class:model:class:remote:model:interface:remote:a:map:reduce:tracer:property:change:listener:event:listener:a:map:reduce:tracer:model:class:remote,java.beans.PropertyChangeEvent,property:change:event,java.beans.PropertyChangeEvent,property:change:event,PropertyChangeEvent,property:change:event
facebook.FacebookModel,facebook:model,FacebookModel,facebook:model,setInputString,set:input:string,AMapReduceTracer:@ModelClass:@ModelClass+@RemoteModelInterface:Remote:Serializable:AMapReduceTracer:PropertyChangeListener:EventListener:AMapReduceTracer:@ModelClass:Serializable:Remote,a:map:reduce:tracer:model:class:model:class:remote:model:interface:remote:a:map:reduce:tracer:property:change:listener:event:listener:a:map:reduce:tracer:model:class:remote,java.beans.PropertyChangeSupport,property:change:support,java.beans.PropertyChangeSupport,property:change:support,firePropertyChange,fire:property:change
facebook.FacebookModel,facebook:model,FacebookModel,facebook:model,terminate,terminate,AMapReduceTracer:@ModelClass:@ModelClass+@RemoteModelInterface:Remote:Serializable:AMapReduceTracer:PropertyChangeListener:EventListener:AMapReduceTracer:@ModelClass:Serializable:Remote,a:map:reduce:tracer:model:class:model:class:remote:model:interface:remote:a:map:reduce:tracer:property:change:listener:event:listener:a:map:reduce:tracer:model:class:remote,Thread,thread,java.lang.Thread,thread,interrupt,interrupt
facebook.FacebookModel,facebook:model,FacebookModel,facebook:model,registerRemoteClient,register:remote:client,AMapReduceTracer:@ModelClass:@ModelClass+@RemoteModelInterface:Remote:Serializable:AMapReduceTracer:PropertyChangeListener:EventListener:AMapReduceTracer:@ModelClass:Serializable:Remote,a:map:reduce:tracer:model:class:model:class:remote:model:interface:remote:a:map:reduce:tracer:property:change:listener:event:listener:a:map:reduce:tracer:model:class:remote,gradingTools.comp533s19.assignment0.AMapReduceTracer,a:map:reduce:tracer,gradingTools.comp533s19.assignment0.AMapReduceTracer,a:map:reduce:tracer,traceRegister,trace:register
facebook.FacebookModel,facebook:model,FacebookModel,facebook:model,registerRemoteClient,register:remote:client,AMapReduceTracer:@ModelClass:@ModelClass+@RemoteModelInterface:Remote:Serializable:AMapReduceTracer:PropertyChangeListener:EventListener:AMapReduceTracer:@ModelClass:Serializable:Remote,a:map:reduce:tracer:model:class:model:class:remote:model:interface:remote:a:map:reduce:tracer:property:change:listener:event:listener:a:map:reduce:tracer:model:class:remote,java.util.List,list,java.util.List,list,add,add
facebook.FacebookModel,facebook:model,FacebookModel,facebook:model,registerRemoteClient,register:remote:client,AMapReduceTracer:@ModelClass:@ModelClass+@RemoteModelInterface:Remote:Serializable:AMapReduceTracer:PropertyChangeListener:EventListener:AMapReduceTracer:@ModelClass:Serializable:Remote,a:map:reduce:tracer:model:class:model:class:remote:model:interface:remote:a:map:reduce:tracer:property:change:listener:event:listener:a:map:reduce:tracer:model:class:remote,java.util.Stack,stack,java.util.Stack,stack,push,push
facebook.FacebookModel,facebook:model,FacebookModel,facebook:model,quit,quit,AMapReduceTracer:@ModelClass:@ModelClass+@RemoteModelInterface:Remote:Serializable:AMapReduceTracer:PropertyChangeListener:EventListener:AMapReduceTracer:@ModelClass:Serializable:Remote,a:map:reduce:tracer:model:class:model:class:remote:model:interface:remote:a:map:reduce:tracer:property:change:listener:event:listener:a:map:reduce:tracer:model:class:remote,java.rmi.RemoteException,remote:exception,java.rmi.RemoteException,remote:exception,printStackTrace,print:stack:trace
facebook.FacebookModel,facebook:model,FacebookModel,facebook:model,quit,quit,AMapReduceTracer:@ModelClass:@ModelClass+@RemoteModelInterface:Remote:Serializable:AMapReduceTracer:PropertyChangeListener:EventListener:AMapReduceTracer:@ModelClass:Serializable:Remote,a:map:reduce:tracer:model:class:model:class:remote:model:interface:remote:a:map:reduce:tracer:property:change:listener:event:listener:a:map:reduce:tracer:model:class:remote,gradingTools.comp533s19.assignment0.AMapReduceTracer,a:map:reduce:tracer,gradingTools.comp533s19.assignment0.AMapReduceTracer,a:map:reduce:tracer,traceExit,trace:exit
facebook.FacebookModel,facebook:model,FacebookModel,facebook:model,quit,quit,AMapReduceTracer:@ModelClass:@ModelClass+@RemoteModelInterface:Remote:Serializable:AMapReduceTracer:PropertyChangeListener:EventListener:AMapReduceTracer:@ModelClass:Serializable:Remote,a:map:reduce:tracer:model:class:model:class:remote:model:interface:remote:a:map:reduce:tracer:property:change:listener:event:listener:a:map:reduce:tracer:model:class:remote,java.lang.Object,object,java.lang.Object,object,getClass,get:class
facebook.FacebookModel,facebook:model,FacebookModel,facebook:model,quit,quit,AMapReduceTracer:@ModelClass:@ModelClass+@RemoteModelInterface:Remote:Serializable:AMapReduceTracer:PropertyChangeListener:EventListener:AMapReduceTracer:@ModelClass:Serializable:Remote,a:map:reduce:tracer:model:class:model:class:remote:model:interface:remote:a:map:reduce:tracer:property:change:listener:event:listener:a:map:reduce:tracer:model:class:remote,System,system,java.lang.System,system,exit,exit
facebook.FacebookModel,facebook:model,FacebookModel,facebook:model,match,match,AMapReduceTracer:@ModelClass:@ModelClass+@RemoteModelInterface:Remote:Serializable:AMapReduceTracer:PropertyChangeListener:EventListener:AMapReduceTracer:@ModelClass:Serializable:Remote,a:map:reduce:tracer:model:class:model:class:remote:model:interface:remote:a:map:reduce:tracer:property:change:listener:event:listener:a:map:reduce:tracer:model:class:remote,java.util.Stack,stack,java.util.Stack,stack,empty,empty
facebook.FacebookModel,facebook:model,FacebookModel,facebook:model,match,match,AMapReduceTracer:@ModelClass:@ModelClass+@RemoteModelInterface:Remote:Serializable:AMapReduceTracer:PropertyChangeListener:EventListener:AMapReduceTracer:@ModelClass:Serializable:Remote,a:map:reduce:tracer:model:class:model:class:remote:model:interface:remote:a:map:reduce:tracer:property:change:listener:event:listener:a:map:reduce:tracer:model:class:remote,java.util.Stack,stack,java.util.Stack,stack,empty,empty
facebook.FacebookModel,facebook:model,FacebookModel,facebook:model,match,match,AMapReduceTracer:@ModelClass:@ModelClass+@RemoteModelInterface:Remote:Serializable:AMapReduceTracer:PropertyChangeListener:EventListener:AMapReduceTracer:@ModelClass:Serializable:Remote,a:map:reduce:tracer:model:class:model:class:remote:model:interface:remote:a:map:reduce:tracer:property:change:listener:event:listener:a:map:reduce:tracer:model:class:remote,java.util.Stack,stack,java.util.Stack,stack,pop,pop
facebook.FacebookModel,facebook:model,FacebookModel,facebook:model,match,match,AMapReduceTracer:@ModelClass:@ModelClass+@RemoteModelInterface:Remote:Serializable:AMapReduceTracer:PropertyChangeListener:EventListener:AMapReduceTracer:@ModelClass:Serializable:Remote,a:map:reduce:tracer:model:class:model:class:remote:model:interface:remote:a:map:reduce:tracer:property:change:listener:event:listener:a:map:reduce:tracer:model:class:remote,java.util.Stack,stack,java.util.Stack,stack,pop,pop
model.view.controller.RemoteConnectSum,remote:connect:sum,@ServerIntegerSummer,server:integer:summer,start,start,AMapReduceTracer:@ModelClass:@ModelClass+@RemoteModelInterface:Remote:Serializable:AMapReduceTracer:PropertyChangeListener:EventListener:AMapReduceTracer:@ModelClass:Serializable:Remote,a:map:reduce:tracer:model:class:model:class:remote:model:interface:remote:a:map:reduce:tracer:property:change:listener:event:listener:a:map:reduce:tracer:model:class:remote,model.view.controller.Model,model,@ModelClass,model:class,Model,model
model.view.controller.RemoteConnectSum,remote:connect:sum,@ServerIntegerSummer,server:integer:summer,start,start,AMapReduceTracer:@ModelClass:@ModelClass+@RemoteModelInterface:Remote:Serializable:AMapReduceTracer:PropertyChangeListener:EventListener:AMapReduceTracer:@ModelClass:Serializable:Remote,a:map:reduce:tracer:model:class:model:class:remote:model:interface:remote:a:map:reduce:tracer:property:change:listener:event:listener:a:map:reduce:tracer:model:class:remote,java.rmi.registry.LocateRegistry,locate:registry,java.rmi.registry.LocateRegistry,locate:registry,createRegistry,create:registry
model.view.controller.RemoteConnectSum,remote:connect:sum,@ServerIntegerSummer,server:integer:summer,start,start,AMapReduceTracer:@ModelClass:@ModelClass+@RemoteModelInterface:Remote:Serializable:AMapReduceTracer:PropertyChangeListener:EventListener:AMapReduceTracer:@ModelClass:Serializable:Remote,a:map:reduce:tracer:model:class:model:class:remote:model:interface:remote:a:map:reduce:tracer:property:change:listener:event:listener:a:map:reduce:tracer:model:class:remote,java.rmi.server.UnicastRemoteObject,remote:object,java.rmi.server.UnicastRemoteObject,remote:object,exportObject,export:object
model.view.controller.RemoteConnectSum,remote:connect:sum,@ServerIntegerSummer,server:integer:summer,start,start,AMapReduceTracer:@ModelClass:@ModelClass+@RemoteModelInterface:Remote:Serializable:AMapReduceTracer:PropertyChangeListener:EventListener:AMapReduceTracer:@ModelClass:Serializable:Remote,a:map:reduce:tracer:model:class:model:class:remote:model:interface:remote:a:map:reduce:tracer:property:change:listener:event:listener:a:map:reduce:tracer:model:class:remote,java.rmi.registry.Registry,registry,java.rmi.registry.Registry,registry,rebind,rebind
model.view.controller.RemoteConnectSum,remote:connect:sum,@ServerIntegerSummer,server:integer:summer,start,start,AMapReduceTracer:@ModelClass:@ModelClass+@RemoteModelInterface:Remote:Serializable:AMapReduceTracer:PropertyChangeListener:EventListener:AMapReduceTracer:@ModelClass:Serializable:Remote,a:map:reduce:tracer:model:class:model:class:remote:model:interface:remote:a:map:reduce:tracer:property:change:listener:event:listener:a:map:reduce:tracer:model:class:remote,java.rmi.RemoteException,remote:exception,java.rmi.RemoteException,remote:exception,printStackTrace,print:stack:trace
model.view.controller.RemoteConnectSum,remote:connect:sum,@ServerIntegerSummer,server:integer:summer,start,start,AMapReduceTracer:@ModelClass:@ModelClass+@RemoteModelInterface:Remote:Serializable:AMapReduceTracer:PropertyChangeListener:EventListener:AMapReduceTracer:@ModelClass:Serializable:Remote,a:map:reduce:tracer:model:class:model:class:remote:model:interface:remote:a:map:reduce:tracer:property:change:listener:event:listener:a:map:reduce:tracer:model:class:remote,model.view.controller.View,view,@ViewClass,view:class,View,view
model.view.controller.RemoteConnectSum,remote:connect:sum,@ServerIntegerSummer,server:integer:summer,start,start,AMapReduceTracer:@ModelClass:@ModelClass+@RemoteModelInterface:Remote:Serializable:AMapReduceTracer:PropertyChangeListener:EventListener:AMapReduceTracer:@ModelClass:Serializable:Remote,a:map:reduce:tracer:model:class:model:class:remote:model:interface:remote:a:map:reduce:tracer:property:change:listener:event:listener:a:map:reduce:tracer:model:class:remote,model.view.controller.Model,model,@ModelClass,model:class,addPropertyChangeListener,add:property:change:listener
model.view.controller.RemoteConnectSum,remote:connect:sum,@ServerIntegerSummer,server:integer:summer,start,start,AMapReduceTracer:@ModelClass:@ModelClass+@RemoteModelInterface:Remote:Serializable:AMapReduceTracer:PropertyChangeListener:EventListener:AMapReduceTracer:@ModelClass:Serializable:Remote,a:map:reduce:tracer:model:class:model:class:remote:model:interface:remote:a:map:reduce:tracer:property:change:listener:event:listener:a:map:reduce:tracer:model:class:remote,model.view.controller.Controller,controller,@ControllerClass,controller:class,Controller,controller
model.view.controller.RemoteConnectSum,remote:connect:sum,@ServerIntegerSummer,server:integer:summer,start,start,AMapReduceTracer:@ModelClass:@ModelClass+@RemoteModelInterface:Remote:Serializable:AMapReduceTracer:PropertyChangeListener:EventListener:AMapReduceTracer:@ModelClass:Serializable:Remote,a:map:reduce:tracer:model:class:model:class:remote:model:interface:remote:a:map:reduce:tracer:property:change:listener:event:listener:a:map:reduce:tracer:model:class:remote,java.util.Scanner,scanner,java.util.Scanner,scanner,Scanner,scanner
model.view.controller.RemoteConnectSum,remote:connect:sum,@ServerIntegerSummer,server:integer:summer,start,start,AMapReduceTracer:@ModelClass:@ModelClass+@RemoteModelInterface:Remote:Serializable:AMapReduceTracer:PropertyChangeListener:EventListener:AMapReduceTracer:@ModelClass:Serializable:Remote,a:map:reduce:tracer:model:class:model:class:remote:model:interface:remote:a:map:reduce:tracer:property:change:listener:event:listener:a:map:reduce:tracer:model:class:remote,model.view.controller.Controller,controller,@ControllerClass,controller:class,gatherInputFromScanner,gather:input:from:scanner
model.view.controller.RemoteConnectSum,remote:connect:sum,@ServerIntegerSummer,server:integer:summer,main,main,AMapReduceTracer:@ModelClass:@ModelClass+@RemoteModelInterface:Remote:Serializable:AMapReduceTracer:PropertyChangeListener:EventListener:AMapReduceTracer:@ModelClass:Serializable:Remote,a:map:reduce:tracer:model:class:model:class:remote:model:interface:remote:a:map:reduce:tracer:property:change:listener:event:listener:a:map:reduce:tracer:model:class:remote,model.view.controller.RemoteConnectSum,remote:connect:sum,@ServerIntegerSummer,server:integer:summer,start,start
facebook.FacebookMapper,facebook:mapper,FacebookMapper,facebook:mapper,map,map,AMapReduceTracer:@ModelClass:@ModelClass+@RemoteModelInterface:Remote:Serializable:AMapReduceTracer:PropertyChangeListener:EventListener:AMapReduceTracer:@ModelClass:Serializable:Remote,a:map:reduce:tracer:model:class:model:class:remote:model:interface:remote:a:map:reduce:tracer:property:change:listener:event:listener:a:map:reduce:tracer:model:class:remote,String,string,java.lang.String,string,split,split
facebook.FacebookMapper,facebook:mapper,FacebookMapper,facebook:mapper,map,map,AMapReduceTracer:@ModelClass:@ModelClass+@RemoteModelInterface:Remote:Serializable:AMapReduceTracer:PropertyChangeListener:EventListener:AMapReduceTracer:@ModelClass:Serializable:Remote,a:map:reduce:tracer:model:class:model:class:remote:model:interface:remote:a:map:reduce:tracer:property:change:listener:event:listener:a:map:reduce:tracer:model:class:remote,java.util.ArrayList,array:list,java.util.ArrayList,array:list,ArrayList,array:list
facebook.FacebookMapper,facebook:mapper,FacebookMapper,facebook:mapper,map,map,AMapReduceTracer:@ModelClass:@ModelClass+@RemoteModelInterface:Remote:Serializable:AMapReduceTracer:PropertyChangeListener:EventListener:AMapReduceTracer:@ModelClass:Serializable:Remote,a:map:reduce:tracer:model:class:model:class:remote:model:interface:remote:a:map:reduce:tracer:property:change:listener:event:listener:a:map:reduce:tracer:model:class:remote,java.util.ArrayList,array:list,java.util.ArrayList,array:list,ArrayList,array:list
facebook.FacebookMapper,facebook:mapper,FacebookMapper,facebook:mapper,map,map,AMapReduceTracer:@ModelClass:@ModelClass+@RemoteModelInterface:Remote:Serializable:AMapReduceTracer:PropertyChangeListener:EventListener:AMapReduceTracer:@ModelClass:Serializable:Remote,a:map:reduce:tracer:model:class:model:class:remote:model:interface:remote:a:map:reduce:tracer:property:change:listener:event:listener:a:map:reduce:tracer:model:class:remote,java.util.List,list,java.util.List,list,of,of
facebook.FacebookMapper,facebook:mapper,FacebookMapper,facebook:mapper,map,map,AMapReduceTracer:@ModelClass:@ModelClass+@RemoteModelInterface:Remote:Serializable:AMapReduceTracer:PropertyChangeListener:EventListener:AMapReduceTracer:@ModelClass:Serializable:Remote,a:map:reduce:tracer:model:class:model:class:remote:model:interface:remote:a:map:reduce:tracer:property:change:listener:event:listener:a:map:reduce:tracer:model:class:remote,String,string,java.lang.String,string,split,split
facebook.FacebookMapper,facebook:mapper,FacebookMapper,facebook:mapper,map,map,AMapReduceTracer:@ModelClass:@ModelClass+@RemoteModelInterface:Remote:Serializable:AMapReduceTracer:PropertyChangeListener:EventListener:AMapReduceTracer:@ModelClass:Serializable:Remote,a:map:reduce:tracer:model:class:model:class:remote:model:interface:remote:a:map:reduce:tracer:property:change:listener:event:listener:a:map:reduce:tracer:model:class:remote,java.util.List,list,java.util.List,list,remove,remove
facebook.FacebookMapper,facebook:mapper,FacebookMapper,facebook:mapper,map,map,AMapReduceTracer:@ModelClass:@ModelClass+@RemoteModelInterface:Remote:Serializable:AMapReduceTracer:PropertyChangeListener:EventListener:AMapReduceTracer:@ModelClass:Serializable:Remote,a:map:reduce:tracer:model:class:model:class:remote:model:interface:remote:a:map:reduce:tracer:property:change:listener:event:listener:a:map:reduce:tracer:model:class:remote,java.util.Collections,collections,java.util.Collections,collections,sort,sort
facebook.FacebookMapper,facebook:mapper,FacebookMapper,facebook:mapper,map,map,AMapReduceTracer:@ModelClass:@ModelClass+@RemoteModelInterface:Remote:Serializable:AMapReduceTracer:PropertyChangeListener:EventListener:AMapReduceTracer:@ModelClass:Serializable:Remote,a:map:reduce:tracer:model:class:model:class:remote:model:interface:remote:a:map:reduce:tracer:property:change:listener:event:listener:a:map:reduce:tracer:model:class:remote,java.util.ArrayList,array:list,java.util.ArrayList,array:list,ArrayList,array:list
facebook.FacebookMapper,facebook:mapper,FacebookMapper,facebook:mapper,map,map,AMapReduceTracer:@ModelClass:@ModelClass+@RemoteModelInterface:Remote:Serializable:AMapReduceTracer:PropertyChangeListener:EventListener:AMapReduceTracer:@ModelClass:Serializable:Remote,a:map:reduce:tracer:model:class:model:class:remote:model:interface:remote:a:map:reduce:tracer:property:change:listener:event:listener:a:map:reduce:tracer:model:class:remote,java.util.List,list,java.util.List,list,add,add
facebook.FacebookMapper,facebook:mapper,FacebookMapper,facebook:mapper,map,map,AMapReduceTracer:@ModelClass:@ModelClass+@RemoteModelInterface:Remote:Serializable:AMapReduceTracer:PropertyChangeListener:EventListener:AMapReduceTracer:@ModelClass:Serializable:Remote,a:map:reduce:tracer:model:class:model:class:remote:model:interface:remote:a:map:reduce:tracer:property:change:listener:event:listener:a:map:reduce:tracer:model:class:remote,java.util.List,list,java.util.List,list,add,add
facebook.FacebookMapper,facebook:mapper,FacebookMapper,facebook:mapper,map,map,AMapReduceTracer:@ModelClass:@ModelClass+@RemoteModelInterface:Remote:Serializable:AMapReduceTracer:PropertyChangeListener:EventListener:AMapReduceTracer:@ModelClass:Serializable:Remote,a:map:reduce:tracer:model:class:model:class:remote:model:interface:remote:a:map:reduce:tracer:property:change:listener:event:listener:a:map:reduce:tracer:model:class:remote,java.util.Collections,collections,java.util.Collections,collections,sort,sort
facebook.FacebookMapper,facebook:mapper,FacebookMapper,facebook:mapper,map,map,AMapReduceTracer:@ModelClass:@ModelClass+@RemoteModelInterface:Remote:Serializable:AMapReduceTracer:PropertyChangeListener:EventListener:AMapReduceTracer:@ModelClass:Serializable:Remote,a:map:reduce:tracer:model:class:model:class:remote:model:interface:remote:a:map:reduce:tracer:property:change:listener:event:listener:a:map:reduce:tracer:model:class:remote,java.util.List,list,java.util.List,list,add,add
facebook.FacebookMapper,facebook:mapper,FacebookMapper,facebook:mapper,map,map,AMapReduceTracer:@ModelClass:@ModelClass+@RemoteModelInterface:Remote:Serializable:AMapReduceTracer:PropertyChangeListener:EventListener:AMapReduceTracer:@ModelClass:Serializable:Remote,a:map:reduce:tracer:model:class:model:class:remote:model:interface:remote:a:map:reduce:tracer:property:change:listener:event:listener:a:map:reduce:tracer:model:class:remote,key.value.KeyValueImpl,key:value:impl,@KeyValueClass,key:value:class,KeyValueImpl,key:value:impl
facebook.FacebookMapper,facebook:mapper,FacebookMapper,facebook:mapper,map,map,AMapReduceTracer:@ModelClass:@ModelClass+@RemoteModelInterface:Remote:Serializable:AMapReduceTracer:PropertyChangeListener:EventListener:AMapReduceTracer:@ModelClass:Serializable:Remote,a:map:reduce:tracer:model:class:model:class:remote:model:interface:remote:a:map:reduce:tracer:property:change:listener:event:listener:a:map:reduce:tracer:model:class:remote,java.util.List,list,java.util.List,list,get,get
facebook.FacebookMapper,facebook:mapper,FacebookMapper,facebook:mapper,map,map,AMapReduceTracer:@ModelClass:@ModelClass+@RemoteModelInterface:Remote:Serializable:AMapReduceTracer:PropertyChangeListener:EventListener:AMapReduceTracer:@ModelClass:Serializable:Remote,a:map:reduce:tracer:model:class:model:class:remote:model:interface:remote:a:map:reduce:tracer:property:change:listener:event:listener:a:map:reduce:tracer:model:class:remote,java.util.List,list,java.util.List,list,get,get
facebook.StandaloneFacebookMapReduce,facebook:map:reduce,@StandAloneFacebookMapReduce,stand:alone:facebook:map:reduce,runLogic,run:logic,AMapReduceTracer:@ModelClass:@ModelClass+@RemoteModelInterface:Remote:Serializable:AMapReduceTracer:PropertyChangeListener:EventListener:AMapReduceTracer:@ModelClass:Serializable:Remote:AMapReduceTracer,a:map:reduce:tracer:model:class:model:class:remote:model:interface:remote:a:map:reduce:tracer:property:change:listener:event:listener:a:map:reduce:tracer:model:class:remote:a:map:reduce:tracer,java.util.Scanner,scanner,java.util.Scanner,scanner,Scanner,scanner
facebook.StandaloneFacebookMapReduce,facebook:map:reduce,@StandAloneFacebookMapReduce,stand:alone:facebook:map:reduce,runLogic,run:logic,AMapReduceTracer:@ModelClass:@ModelClass+@RemoteModelInterface:Remote:Serializable:AMapReduceTracer:PropertyChangeListener:EventListener:AMapReduceTracer:@ModelClass:Serializable:Remote:AMapReduceTracer,a:map:reduce:tracer:model:class:model:class:remote:model:interface:remote:a:map:reduce:tracer:property:change:listener:event:listener:a:map:reduce:tracer:model:class:remote:a:map:reduce:tracer,java.util.Scanner,scanner,java.util.Scanner,scanner,nextLine,next:line
facebook.StandaloneFacebookMapReduce,facebook:map:reduce,@StandAloneFacebookMapReduce,stand:alone:facebook:map:reduce,runLogic,run:logic,AMapReduceTracer:@ModelClass:@ModelClass+@RemoteModelInterface:Remote:Serializable:AMapReduceTracer:PropertyChangeListener:EventListener:AMapReduceTracer:@ModelClass:Serializable:Remote:AMapReduceTracer,a:map:reduce:tracer:model:class:model:class:remote:model:interface:remote:a:map:reduce:tracer:property:change:listener:event:listener:a:map:reduce:tracer:model:class:remote:a:map:reduce:tracer,String,string,java.lang.String,string,equals,equals
facebook.StandaloneFacebookMapReduce,facebook:map:reduce,@StandAloneFacebookMapReduce,stand:alone:facebook:map:reduce,runLogic,run:logic,AMapReduceTracer:@ModelClass:@ModelClass+@RemoteModelInterface:Remote:Serializable:AMapReduceTracer:PropertyChangeListener:EventListener:AMapReduceTracer:@ModelClass:Serializable:Remote:AMapReduceTracer,a:map:reduce:tracer:model:class:model:class:remote:model:interface:remote:a:map:reduce:tracer:property:change:listener:event:listener:a:map:reduce:tracer:model:class:remote:a:map:reduce:tracer,java.io.PrintStream,print:stream,java.io.PrintStream,print:stream,println,none
facebook.StandaloneFacebookMapReduce,facebook:map:reduce,@StandAloneFacebookMapReduce,stand:alone:facebook:map:reduce,runLogic,run:logic,AMapReduceTracer:@ModelClass:@ModelClass+@RemoteModelInterface:Remote:Serializable:AMapReduceTracer:PropertyChangeListener:EventListener:AMapReduceTracer:@ModelClass:Serializable:Remote:AMapReduceTracer,a:map:reduce:tracer:model:class:model:class:remote:model:interface:remote:a:map:reduce:tracer:property:change:listener:event:listener:a:map:reduce:tracer:model:class:remote:a:map:reduce:tracer,gradingTools.comp533s19.assignment0.AMapReduceTracer,a:map:reduce:tracer,gradingTools.comp533s19.assignment0.AMapReduceTracer,a:map:reduce:tracer,trace,trace
facebook.StandaloneFacebookMapReduce,facebook:map:reduce,@StandAloneFacebookMapReduce,stand:alone:facebook:map:reduce,runLogic,run:logic,AMapReduceTracer:@ModelClass:@ModelClass+@RemoteModelInterface:Remote:Serializable:AMapReduceTracer:PropertyChangeListener:EventListener:AMapReduceTracer:@ModelClass:Serializable:Remote:AMapReduceTracer,a:map:reduce:tracer:model:class:model:class:remote:model:interface:remote:a:map:reduce:tracer:property:change:listener:event:listener:a:map:reduce:tracer:model:class:remote:a:map:reduce:tracer,java.util.Map,map,java.util.Map,map,toString,to:string
facebook.StandaloneFacebookMapReduce,facebook:map:reduce,@StandAloneFacebookMapReduce,stand:alone:facebook:map:reduce,runLogic,run:logic,AMapReduceTracer:@ModelClass:@ModelClass+@RemoteModelInterface:Remote:Serializable:AMapReduceTracer:PropertyChangeListener:EventListener:AMapReduceTracer:@ModelClass:Serializable:Remote:AMapReduceTracer,a:map:reduce:tracer:model:class:model:class:remote:model:interface:remote:a:map:reduce:tracer:property:change:listener:event:listener:a:map:reduce:tracer:model:class:remote:a:map:reduce:tracer,java.util.Scanner,scanner,java.util.Scanner,scanner,close,close
facebook.StandaloneFacebookMapReduce,facebook:map:reduce,@StandAloneFacebookMapReduce,stand:alone:facebook:map:reduce,main,main,AMapReduceTracer:@ModelClass:@ModelClass+@RemoteModelInterface:Remote:Serializable:AMapReduceTracer:PropertyChangeListener:EventListener:AMapReduceTracer:@ModelClass:Serializable:Remote:AMapReduceTracer,a:map:reduce:tracer:model:class:model:class:remote:model:interface:remote:a:map:reduce:tracer:property:change:listener:event:listener:a:map:reduce:tracer:model:class:remote:a:map:reduce:tracer,facebook.StandaloneFacebookMapReduce,facebook:map:reduce,@StandAloneFacebookMapReduce,stand:alone:facebook:map:reduce,StandaloneFacebookMapReduce,facebook:map:reduce
facebook.StandaloneFacebookMapReduce,facebook:map:reduce,@StandAloneFacebookMapReduce,stand:alone:facebook:map:reduce,main,main,AMapReduceTracer:@ModelClass:@ModelClass+@RemoteModelInterface:Remote:Serializable:AMapReduceTracer:PropertyChangeListener:EventListener:AMapReduceTracer:@ModelClass:Serializable:Remote:AMapReduceTracer,a:map:reduce:tracer:model:class:model:class:remote:model:interface:remote:a:map:reduce:tracer:property:change:listener:event:listener:a:map:reduce:tracer:model:class:remote:a:map:reduce:tracer,facebook.StandaloneFacebookMapReduce,facebook:map:reduce,@StandAloneFacebookMapReduce,stand:alone:facebook:map:reduce,runLogic,run:logic
comp533.partitioner.PartitionerFactory,partitioner:factory,@PartitionerFactory,partitioner:factory,setPartitioner,set:partitioner,AMapReduceTracer:@ModelClass:@ModelClass+@RemoteModelInterface:Remote:Serializable:AMapReduceTracer:PropertyChangeListener:EventListener:AMapReduceTracer:@ModelClass:Serializable:Remote:AMapReduceTracer:AMapReduceTracer,a:map:reduce:tracer:model:class:model:class:remote:model:interface:remote:a:map:reduce:tracer:property:change:listener:event:listener:a:map:reduce:tracer:model:class:remote:a:map:reduce:tracer:a:map:reduce:tracer,comp533.partitioner.PartitionerImpl,partitioner:impl,@PartitionerClass,partitioner:class,PartitionerImpl,partitioner:impl
comp533.partitioner.PartitionerFactory,partitioner:factory,@PartitionerFactory,partitioner:factory,getPartitioner,get:partitioner,AMapReduceTracer:@ModelClass:@ModelClass+@RemoteModelInterface:Remote:Serializable:AMapReduceTracer:PropertyChangeListener:EventListener:AMapReduceTracer:@ModelClass:Serializable:Remote:AMapReduceTracer:AMapReduceTracer,a:map:reduce:tracer:model:class:model:class:remote:model:interface:remote:a:map:reduce:tracer:property:change:listener:event:listener:a:map:reduce:tracer:model:class:remote:a:map:reduce:tracer:a:map:reduce:tracer,comp533.partitioner.PartitionerFactory,partitioner:factory,@PartitionerFactory,partitioner:factory,setPartitioner,set:partitioner
comp533.partitioner.PartitionerFactory,partitioner:factory,@PartitionerFactory,partitioner:factory,getPartitioner,get:partitioner,AMapReduceTracer:@ModelClass:@ModelClass+@RemoteModelInterface:Remote:Serializable:AMapReduceTracer:PropertyChangeListener:EventListener:AMapReduceTracer:@ModelClass:Serializable:Remote:AMapReduceTracer:AMapReduceTracer,a:map:reduce:tracer:model:class:model:class:remote:model:interface:remote:a:map:reduce:tracer:property:change:listener:event:listener:a:map:reduce:tracer:model:class:remote:a:map:reduce:tracer:a:map:reduce:tracer,comp533.partitioner.PartitionerFactory,partitioner:factory,@PartitionerFactory,partitioner:factory,PartitionerFactory,partitioner:factory
comp533.partitioner.PartitionerFactory,partitioner:factory,@PartitionerFactory,partitioner:factory,getPartitioner,get:partitioner,AMapReduceTracer:@ModelClass:@ModelClass+@RemoteModelInterface:Remote:Serializable:AMapReduceTracer:PropertyChangeListener:EventListener:AMapReduceTracer:@ModelClass:Serializable:Remote:AMapReduceTracer:AMapReduceTracer,a:map:reduce:tracer:model:class:model:class:remote:model:interface:remote:a:map:reduce:tracer:property:change:listener:event:listener:a:map:reduce:tracer:model:class:remote:a:map:reduce:tracer:a:map:reduce:tracer,gradingTools.comp533s19.assignment0.AMapReduceTracer,a:map:reduce:tracer,gradingTools.comp533s19.assignment0.AMapReduceTracer,a:map:reduce:tracer,traceSingletonChange,trace:singleton:change
model.view.controller.Connect,connect,@StandAloneTokenCounter,stand:alone:token:counter,start,start,AMapReduceTracer:@ModelClass:@ModelClass+@RemoteModelInterface:Remote:Serializable:AMapReduceTracer:PropertyChangeListener:EventListener:AMapReduceTracer:@ModelClass:Serializable:Remote:AMapReduceTracer:AMapReduceTracer,a:map:reduce:tracer:model:class:model:class:remote:model:interface:remote:a:map:reduce:tracer:property:change:listener:event:listener:a:map:reduce:tracer:model:class:remote:a:map:reduce:tracer:a:map:reduce:tracer,model.view.controller.Model,model,@ModelClass,model:class,Model,model
model.view.controller.Connect,connect,@StandAloneTokenCounter,stand:alone:token:counter,start,start,AMapReduceTracer:@ModelClass:@ModelClass+@RemoteModelInterface:Remote:Serializable:AMapReduceTracer:PropertyChangeListener:EventListener:AMapReduceTracer:@ModelClass:Serializable:Remote:AMapReduceTracer:AMapReduceTracer,a:map:reduce:tracer:model:class:model:class:remote:model:interface:remote:a:map:reduce:tracer:property:change:listener:event:listener:a:map:reduce:tracer:model:class:remote:a:map:reduce:tracer:a:map:reduce:tracer,model.view.controller.View,view,@ViewClass,view:class,View,view
model.view.controller.Connect,connect,@StandAloneTokenCounter,stand:alone:token:counter,start,start,AMapReduceTracer:@ModelClass:@ModelClass+@RemoteModelInterface:Remote:Serializable:AMapReduceTracer:PropertyChangeListener:EventListener:AMapReduceTracer:@ModelClass:Serializable:Remote:AMapReduceTracer:AMapReduceTracer,a:map:reduce:tracer:model:class:model:class:remote:model:interface:remote:a:map:reduce:tracer:property:change:listener:event:listener:a:map:reduce:tracer:model:class:remote:a:map:reduce:tracer:a:map:reduce:tracer,model.view.controller.Model,model,@ModelClass,model:class,addPropertyChangeListener,add:property:change:listener
model.view.controller.Connect,connect,@StandAloneTokenCounter,stand:alone:token:counter,start,start,AMapReduceTracer:@ModelClass:@ModelClass+@RemoteModelInterface:Remote:Serializable:AMapReduceTracer:PropertyChangeListener:EventListener:AMapReduceTracer:@ModelClass:Serializable:Remote:AMapReduceTracer:AMapReduceTracer,a:map:reduce:tracer:model:class:model:class:remote:model:interface:remote:a:map:reduce:tracer:property:change:listener:event:listener:a:map:reduce:tracer:model:class:remote:a:map:reduce:tracer:a:map:reduce:tracer,model.view.controller.Controller,controller,@ControllerClass,controller:class,Controller,controller
model.view.controller.Connect,connect,@StandAloneTokenCounter,stand:alone:token:counter,start,start,AMapReduceTracer:@ModelClass:@ModelClass+@RemoteModelInterface:Remote:Serializable:AMapReduceTracer:PropertyChangeListener:EventListener:AMapReduceTracer:@ModelClass:Serializable:Remote:AMapReduceTracer:AMapReduceTracer,a:map:reduce:tracer:model:class:model:class:remote:model:interface:remote:a:map:reduce:tracer:property:change:listener:event:listener:a:map:reduce:tracer:model:class:remote:a:map:reduce:tracer:a:map:reduce:tracer,java.util.Scanner,scanner,java.util.Scanner,scanner,Scanner,scanner
model.view.controller.Connect,connect,@StandAloneTokenCounter,stand:alone:token:counter,start,start,AMapReduceTracer:@ModelClass:@ModelClass+@RemoteModelInterface:Remote:Serializable:AMapReduceTracer:PropertyChangeListener:EventListener:AMapReduceTracer:@ModelClass:Serializable:Remote:AMapReduceTracer:AMapReduceTracer,a:map:reduce:tracer:model:class:model:class:remote:model:interface:remote:a:map:reduce:tracer:property:change:listener:event:listener:a:map:reduce:tracer:model:class:remote:a:map:reduce:tracer:a:map:reduce:tracer,model.view.controller.Controller,controller,@ControllerClass,controller:class,gatherInputFromScanner,gather:input:from:scanner
model.view.controller.Connect,connect,@StandAloneTokenCounter,stand:alone:token:counter,main,main,AMapReduceTracer:@ModelClass:@ModelClass+@RemoteModelInterface:Remote:Serializable:AMapReduceTracer:PropertyChangeListener:EventListener:AMapReduceTracer:@ModelClass:Serializable:Remote:AMapReduceTracer:AMapReduceTracer,a:map:reduce:tracer:model:class:model:class:remote:model:interface:remote:a:map:reduce:tracer:property:change:listener:event:listener:a:map:reduce:tracer:model:class:remote:a:map:reduce:tracer:a:map:reduce:tracer,model.view.controller.Connect,connect,@StandAloneTokenCounter,stand:alone:token:counter,start,start
comp533.reducer.implementation.ReducerImpl,reducer:impl,@ReducerClass,reducer:class,reduce,reduce,AMapReduceTracer:@ModelClass:@ModelClass+@RemoteModelInterface:Remote:Serializable:AMapReduceTracer:PropertyChangeListener:EventListener:AMapReduceTracer:@ModelClass:Serializable:Remote:AMapReduceTracer:AMapReduceTracer:AMapReduceTracer:@ReducerClass,a:map:reduce:tracer:model:class:model:class:remote:model:interface:remote:a:map:reduce:tracer:property:change:listener:event:listener:a:map:reduce:tracer:model:class:remote:a:map:reduce:tracer:a:map:reduce:tracer:a:map:reduce:tracer:reducer:class,java.util.HashMap,hash:map,java.util.HashMap,hash:map,HashMap,hash:map
comp533.reducer.implementation.ReducerImpl,reducer:impl,@ReducerClass,reducer:class,reduce,reduce,AMapReduceTracer:@ModelClass:@ModelClass+@RemoteModelInterface:Remote:Serializable:AMapReduceTracer:PropertyChangeListener:EventListener:AMapReduceTracer:@ModelClass:Serializable:Remote:AMapReduceTracer:AMapReduceTracer:AMapReduceTracer:@ReducerClass,a:map:reduce:tracer:model:class:model:class:remote:model:interface:remote:a:map:reduce:tracer:property:change:listener:event:listener:a:map:reduce:tracer:model:class:remote:a:map:reduce:tracer:a:map:reduce:tracer:a:map:reduce:tracer:reducer:class,java.util.List,list,java.util.List,list,size,size
comp533.reducer.implementation.ReducerImpl,reducer:impl,@ReducerClass,reducer:class,reduce,reduce,AMapReduceTracer:@ModelClass:@ModelClass+@RemoteModelInterface:Remote:Serializable:AMapReduceTracer:PropertyChangeListener:EventListener:AMapReduceTracer:@ModelClass:Serializable:Remote:AMapReduceTracer:AMapReduceTracer:AMapReduceTracer:@ReducerClass,a:map:reduce:tracer:model:class:model:class:remote:model:interface:remote:a:map:reduce:tracer:property:change:listener:event:listener:a:map:reduce:tracer:model:class:remote:a:map:reduce:tracer:a:map:reduce:tracer:a:map:reduce:tracer:reducer:class,java.util.List,list,java.util.List,list,getKey,get:key
comp533.reducer.implementation.ReducerImpl,reducer:impl,@ReducerClass,reducer:class,reduce,reduce,AMapReduceTracer:@ModelClass:@ModelClass+@RemoteModelInterface:Remote:Serializable:AMapReduceTracer:PropertyChangeListener:EventListener:AMapReduceTracer:@ModelClass:Serializable:Remote:AMapReduceTracer:AMapReduceTracer:AMapReduceTracer:@ReducerClass,a:map:reduce:tracer:model:class:model:class:remote:model:interface:remote:a:map:reduce:tracer:property:change:listener:event:listener:a:map:reduce:tracer:model:class:remote:a:map:reduce:tracer:a:map:reduce:tracer:a:map:reduce:tracer:reducer:class,java.util.List,list,java.util.List,list,get,get
comp533.reducer.implementation.ReducerImpl,reducer:impl,@ReducerClass,reducer:class,reduce,reduce,AMapReduceTracer:@ModelClass:@ModelClass+@RemoteModelInterface:Remote:Serializable:AMapReduceTracer:PropertyChangeListener:EventListener:AMapReduceTracer:@ModelClass:Serializable:Remote:AMapReduceTracer:AMapReduceTracer:AMapReduceTracer:@ReducerClass,a:map:reduce:tracer:model:class:model:class:remote:model:interface:remote:a:map:reduce:tracer:property:change:listener:event:listener:a:map:reduce:tracer:model:class:remote:a:map:reduce:tracer:a:map:reduce:tracer:a:map:reduce:tracer:reducer:class,java.util.Map,map,java.util.Map,map,containsKey,contains:key
comp533.reducer.implementation.ReducerImpl,reducer:impl,@ReducerClass,reducer:class,reduce,reduce,AMapReduceTracer:@ModelClass:@ModelClass+@RemoteModelInterface:Remote:Serializable:AMapReduceTracer:PropertyChangeListener:EventListener:AMapReduceTracer:@ModelClass:Serializable:Remote:AMapReduceTracer:AMapReduceTracer:AMapReduceTracer:@ReducerClass,a:map:reduce:tracer:model:class:model:class:remote:model:interface:remote:a:map:reduce:tracer:property:change:listener:event:listener:a:map:reduce:tracer:model:class:remote:a:map:reduce:tracer:a:map:reduce:tracer:a:map:reduce:tracer:reducer:class,java.util.Map,map,java.util.Map,map,put,put
comp533.reducer.implementation.ReducerImpl,reducer:impl,@ReducerClass,reducer:class,reduce,reduce,AMapReduceTracer:@ModelClass:@ModelClass+@RemoteModelInterface:Remote:Serializable:AMapReduceTracer:PropertyChangeListener:EventListener:AMapReduceTracer:@ModelClass:Serializable:Remote:AMapReduceTracer:AMapReduceTracer:AMapReduceTracer:@ReducerClass,a:map:reduce:tracer:model:class:model:class:remote:model:interface:remote:a:map:reduce:tracer:property:change:listener:event:listener:a:map:reduce:tracer:model:class:remote:a:map:reduce:tracer:a:map:reduce:tracer:a:map:reduce:tracer:reducer:class,java.util.Map,map,java.util.Map,map,get,get
comp533.reducer.implementation.ReducerImpl,reducer:impl,@ReducerClass,reducer:class,reduce,reduce,AMapReduceTracer:@ModelClass:@ModelClass+@RemoteModelInterface:Remote:Serializable:AMapReduceTracer:PropertyChangeListener:EventListener:AMapReduceTracer:@ModelClass:Serializable:Remote:AMapReduceTracer:AMapReduceTracer:AMapReduceTracer:@ReducerClass,a:map:reduce:tracer:model:class:model:class:remote:model:interface:remote:a:map:reduce:tracer:property:change:listener:event:listener:a:map:reduce:tracer:model:class:remote:a:map:reduce:tracer:a:map:reduce:tracer:a:map:reduce:tracer:reducer:class,java.util.List,list,java.util.List,list,getValue,get:value
comp533.reducer.implementation.ReducerImpl,reducer:impl,@ReducerClass,reducer:class,reduce,reduce,AMapReduceTracer:@ModelClass:@ModelClass+@RemoteModelInterface:Remote:Serializable:AMapReduceTracer:PropertyChangeListener:EventListener:AMapReduceTracer:@ModelClass:Serializable:Remote:AMapReduceTracer:AMapReduceTracer:AMapReduceTracer:@ReducerClass,a:map:reduce:tracer:model:class:model:class:remote:model:interface:remote:a:map:reduce:tracer:property:change:listener:event:listener:a:map:reduce:tracer:model:class:remote:a:map:reduce:tracer:a:map:reduce:tracer:a:map:reduce:tracer:reducer:class,java.util.List,list,java.util.List,list,get,get
comp533.reducer.implementation.ReducerImpl,reducer:impl,@ReducerClass,reducer:class,reduce,reduce,AMapReduceTracer:@ModelClass:@ModelClass+@RemoteModelInterface:Remote:Serializable:AMapReduceTracer:PropertyChangeListener:EventListener:AMapReduceTracer:@ModelClass:Serializable:Remote:AMapReduceTracer:AMapReduceTracer:AMapReduceTracer:@ReducerClass,a:map:reduce:tracer:model:class:model:class:remote:model:interface:remote:a:map:reduce:tracer:property:change:listener:event:listener:a:map:reduce:tracer:model:class:remote:a:map:reduce:tracer:a:map:reduce:tracer:a:map:reduce:tracer:reducer:class,java.util.Map,map,java.util.Map,map,put,put
comp533.reducer.implementation.ReducerImpl,reducer:impl,@ReducerClass,reducer:class,reduce,reduce,AMapReduceTracer:@ModelClass:@ModelClass+@RemoteModelInterface:Remote:Serializable:AMapReduceTracer:PropertyChangeListener:EventListener:AMapReduceTracer:@ModelClass:Serializable:Remote:AMapReduceTracer:AMapReduceTracer:AMapReduceTracer:@ReducerClass,a:map:reduce:tracer:model:class:model:class:remote:model:interface:remote:a:map:reduce:tracer:property:change:listener:event:listener:a:map:reduce:tracer:model:class:remote:a:map:reduce:tracer:a:map:reduce:tracer:a:map:reduce:tracer:reducer:class,java.util.List,list,java.util.List,list,getValue,get:value
comp533.reducer.implementation.ReducerImpl,reducer:impl,@ReducerClass,reducer:class,reduce,reduce,AMapReduceTracer:@ModelClass:@ModelClass+@RemoteModelInterface:Remote:Serializable:AMapReduceTracer:PropertyChangeListener:EventListener:AMapReduceTracer:@ModelClass:Serializable:Remote:AMapReduceTracer:AMapReduceTracer:AMapReduceTracer:@ReducerClass,a:map:reduce:tracer:model:class:model:class:remote:model:interface:remote:a:map:reduce:tracer:property:change:listener:event:listener:a:map:reduce:tracer:model:class:remote:a:map:reduce:tracer:a:map:reduce:tracer:a:map:reduce:tracer:reducer:class,java.util.List,list,java.util.List,list,get,get
comp533.reducer.implementation.ReducerImpl,reducer:impl,@ReducerClass,reducer:class,reduce,reduce,AMapReduceTracer:@ModelClass:@ModelClass+@RemoteModelInterface:Remote:Serializable:AMapReduceTracer:PropertyChangeListener:EventListener:AMapReduceTracer:@ModelClass:Serializable:Remote:AMapReduceTracer:AMapReduceTracer:AMapReduceTracer:@ReducerClass,a:map:reduce:tracer:model:class:model:class:remote:model:interface:remote:a:map:reduce:tracer:property:change:listener:event:listener:a:map:reduce:tracer:model:class:remote:a:map:reduce:tracer:a:map:reduce:tracer:a:map:reduce:tracer:reducer:class,gradingTools.comp533s19.assignment0.AMapReduceTracer,a:map:reduce:tracer,gradingTools.comp533s19.assignment0.AMapReduceTracer,a:map:reduce:tracer,traceReduce,trace:reduce
reduce.factory.ReducerFactoryImpl,reducer:factory:impl,@ReducerFactory,reducer:factory,setReducer,set:reducer,AMapReduceTracer:@ModelClass:@ModelClass+@RemoteModelInterface:Remote:Serializable:AMapReduceTracer:PropertyChangeListener:EventListener:AMapReduceTracer:@ModelClass:Serializable:Remote:AMapReduceTracer:AMapReduceTracer:AMapReduceTracer:@ReducerClass:AMapReduceTracer,a:map:reduce:tracer:model:class:model:class:remote:model:interface:remote:a:map:reduce:tracer:property:change:listener:event:listener:a:map:reduce:tracer:model:class:remote:a:map:reduce:tracer:a:map:reduce:tracer:a:map:reduce:tracer:reducer:class:a:map:reduce:tracer,comp533.reducer.implementation.ReducerImpl,reducer:impl,@ReducerClass,reducer:class,ReducerImpl,reducer:impl
reduce.factory.ReducerFactoryImpl,reducer:factory:impl,@ReducerFactory,reducer:factory,setReducer,set:reducer,AMapReduceTracer:@ModelClass:@ModelClass+@RemoteModelInterface:Remote:Serializable:AMapReduceTracer:PropertyChangeListener:EventListener:AMapReduceTracer:@ModelClass:Serializable:Remote:AMapReduceTracer:AMapReduceTracer:AMapReduceTracer:@ReducerClass:AMapReduceTracer,a:map:reduce:tracer:model:class:model:class:remote:model:interface:remote:a:map:reduce:tracer:property:change:listener:event:listener:a:map:reduce:tracer:model:class:remote:a:map:reduce:tracer:a:map:reduce:tracer:a:map:reduce:tracer:reducer:class:a:map:reduce:tracer,gradingTools.comp533s19.assignment0.AMapReduceTracer,a:map:reduce:tracer,gradingTools.comp533s19.assignment0.AMapReduceTracer,a:map:reduce:tracer,traceSingletonChange,trace:singleton:change
reduce.factory.ReducerFactoryImpl,reducer:factory:impl,@ReducerFactory,reducer:factory,getReducer,get:reducer,AMapReduceTracer:@ModelClass:@ModelClass+@RemoteModelInterface:Remote:Serializable:AMapReduceTracer:PropertyChangeListener:EventListener:AMapReduceTracer:@ModelClass:Serializable:Remote:AMapReduceTracer:AMapReduceTracer:AMapReduceTracer:@ReducerClass:AMapReduceTracer,a:map:reduce:tracer:model:class:model:class:remote:model:interface:remote:a:map:reduce:tracer:property:change:listener:event:listener:a:map:reduce:tracer:model:class:remote:a:map:reduce:tracer:a:map:reduce:tracer:a:map:reduce:tracer:reducer:class:a:map:reduce:tracer,reduce.factory.ReducerFactoryImpl,reducer:factory:impl,@ReducerFactory,reducer:factory,setReducer,set:reducer
facebook.FacebookReducer,facebook:reducer,FacebookReducer,facebook:reducer,reduce,reduce,AMapReduceTracer:@ModelClass:@ModelClass+@RemoteModelInterface:Remote:Serializable:AMapReduceTracer:PropertyChangeListener:EventListener:AMapReduceTracer:@ModelClass:Serializable:Remote:AMapReduceTracer:AMapReduceTracer:AMapReduceTracer:@ReducerClass:AMapReduceTracer:AMapReduceTracer,a:map:reduce:tracer:model:class:model:class:remote:model:interface:remote:a:map:reduce:tracer:property:change:listener:event:listener:a:map:reduce:tracer:model:class:remote:a:map:reduce:tracer:a:map:reduce:tracer:a:map:reduce:tracer:reducer:class:a:map:reduce:tracer:a:map:reduce:tracer,java.util.HashMap,hash:map,java.util.HashMap,hash:map,HashMap,hash:map
facebook.FacebookReducer,facebook:reducer,FacebookReducer,facebook:reducer,reduce,reduce,AMapReduceTracer:@ModelClass:@ModelClass+@RemoteModelInterface:Remote:Serializable:AMapReduceTracer:PropertyChangeListener:EventListener:AMapReduceTracer:@ModelClass:Serializable:Remote:AMapReduceTracer:AMapReduceTracer:AMapReduceTracer:@ReducerClass:AMapReduceTracer:AMapReduceTracer,a:map:reduce:tracer:model:class:model:class:remote:model:interface:remote:a:map:reduce:tracer:property:change:listener:event:listener:a:map:reduce:tracer:model:class:remote:a:map:reduce:tracer:a:map:reduce:tracer:a:map:reduce:tracer:reducer:class:a:map:reduce:tracer:a:map:reduce:tracer,java.util.List,list,java.util.List,list,size,size
facebook.FacebookReducer,facebook:reducer,FacebookReducer,facebook:reducer,reduce,reduce,AMapReduceTracer:@ModelClass:@ModelClass+@RemoteModelInterface:Remote:Serializable:AMapReduceTracer:PropertyChangeListener:EventListener:AMapReduceTracer:@ModelClass:Serializable:Remote:AMapReduceTracer:AMapReduceTracer:AMapReduceTracer:@ReducerClass:AMapReduceTracer:AMapReduceTracer,a:map:reduce:tracer:model:class:model:class:remote:model:interface:remote:a:map:reduce:tracer:property:change:listener:event:listener:a:map:reduce:tracer:model:class:remote:a:map:reduce:tracer:a:map:reduce:tracer:a:map:reduce:tracer:reducer:class:a:map:reduce:tracer:a:map:reduce:tracer,java.util.List,list,java.util.List,list,get,get
facebook.FacebookReducer,facebook:reducer,FacebookReducer,facebook:reducer,reduce,reduce,AMapReduceTracer:@ModelClass:@ModelClass+@RemoteModelInterface:Remote:Serializable:AMapReduceTracer:PropertyChangeListener:EventListener:AMapReduceTracer:@ModelClass:Serializable:Remote:AMapReduceTracer:AMapReduceTracer:AMapReduceTracer:@ReducerClass:AMapReduceTracer:AMapReduceTracer,a:map:reduce:tracer:model:class:model:class:remote:model:interface:remote:a:map:reduce:tracer:property:change:listener:event:listener:a:map:reduce:tracer:model:class:remote:a:map:reduce:tracer:a:map:reduce:tracer:a:map:reduce:tracer:reducer:class:a:map:reduce:tracer:a:map:reduce:tracer,key.value.KeyValue,key:value,@KeyValueClass,key:value:class,getKey,get:key
facebook.FacebookReducer,facebook:reducer,FacebookReducer,facebook:reducer,reduce,reduce,AMapReduceTracer:@ModelClass:@ModelClass+@RemoteModelInterface:Remote:Serializable:AMapReduceTracer:PropertyChangeListener:EventListener:AMapReduceTracer:@ModelClass:Serializable:Remote:AMapReduceTracer:AMapReduceTracer:AMapReduceTracer:@ReducerClass:AMapReduceTracer:AMapReduceTracer,a:map:reduce:tracer:model:class:model:class:remote:model:interface:remote:a:map:reduce:tracer:property:change:listener:event:listener:a:map:reduce:tracer:model:class:remote:a:map:reduce:tracer:a:map:reduce:tracer:a:map:reduce:tracer:reducer:class:a:map:reduce:tracer:a:map:reduce:tracer,java.util.List,list,java.util.List,list,size,size
facebook.FacebookReducer,facebook:reducer,FacebookReducer,facebook:reducer,reduce,reduce,AMapReduceTracer:@ModelClass:@ModelClass+@RemoteModelInterface:Remote:Serializable:AMapReduceTracer:PropertyChangeListener:EventListener:AMapReduceTracer:@ModelClass:Serializable:Remote:AMapReduceTracer:AMapReduceTracer:AMapReduceTracer:@ReducerClass:AMapReduceTracer:AMapReduceTracer,a:map:reduce:tracer:model:class:model:class:remote:model:interface:remote:a:map:reduce:tracer:property:change:listener:event:listener:a:map:reduce:tracer:model:class:remote:a:map:reduce:tracer:a:map:reduce:tracer:a:map:reduce:tracer:reducer:class:a:map:reduce:tracer:a:map:reduce:tracer,java.util.List,list,java.util.List,list,get,get
facebook.FacebookReducer,facebook:reducer,FacebookReducer,facebook:reducer,reduce,reduce,AMapReduceTracer:@ModelClass:@ModelClass+@RemoteModelInterface:Remote:Serializable:AMapReduceTracer:PropertyChangeListener:EventListener:AMapReduceTracer:@ModelClass:Serializable:Remote:AMapReduceTracer:AMapReduceTracer:AMapReduceTracer:@ReducerClass:AMapReduceTracer:AMapReduceTracer,a:map:reduce:tracer:model:class:model:class:remote:model:interface:remote:a:map:reduce:tracer:property:change:listener:event:listener:a:map:reduce:tracer:model:class:remote:a:map:reduce:tracer:a:map:reduce:tracer:a:map:reduce:tracer:reducer:class:a:map:reduce:tracer:a:map:reduce:tracer,key.value.KeyValue,key:value,@KeyValueClass,key:value:class,equals,equals
facebook.FacebookReducer,facebook:reducer,FacebookReducer,facebook:reducer,reduce,reduce,AMapReduceTracer:@ModelClass:@ModelClass+@RemoteModelInterface:Remote:Serializable:AMapReduceTracer:PropertyChangeListener:EventListener:AMapReduceTracer:@ModelClass:Serializable:Remote:AMapReduceTracer:AMapReduceTracer:AMapReduceTracer:@ReducerClass:AMapReduceTracer:AMapReduceTracer,a:map:reduce:tracer:model:class:model:class:remote:model:interface:remote:a:map:reduce:tracer:property:change:listener:event:listener:a:map:reduce:tracer:model:class:remote:a:map:reduce:tracer:a:map:reduce:tracer:a:map:reduce:tracer:reducer:class:a:map:reduce:tracer:a:map:reduce:tracer,key.value.KeyValue,key:value,@KeyValueClass,key:value:class,getKey,get:key
facebook.FacebookReducer,facebook:reducer,FacebookReducer,facebook:reducer,reduce,reduce,AMapReduceTracer:@ModelClass:@ModelClass+@RemoteModelInterface:Remote:Serializable:AMapReduceTracer:PropertyChangeListener:EventListener:AMapReduceTracer:@ModelClass:Serializable:Remote:AMapReduceTracer:AMapReduceTracer:AMapReduceTracer:@ReducerClass:AMapReduceTracer:AMapReduceTracer,a:map:reduce:tracer:model:class:model:class:remote:model:interface:remote:a:map:reduce:tracer:property:change:listener:event:listener:a:map:reduce:tracer:model:class:remote:a:map:reduce:tracer:a:map:reduce:tracer:a:map:reduce:tracer:reducer:class:a:map:reduce:tracer:a:map:reduce:tracer,java.util.List,list,java.util.List,list,retainAll,retain:all
facebook.FacebookReducer,facebook:reducer,FacebookReducer,facebook:reducer,reduce,reduce,AMapReduceTracer:@ModelClass:@ModelClass+@RemoteModelInterface:Remote:Serializable:AMapReduceTracer:PropertyChangeListener:EventListener:AMapReduceTracer:@ModelClass:Serializable:Remote:AMapReduceTracer:AMapReduceTracer:AMapReduceTracer:@ReducerClass:AMapReduceTracer:AMapReduceTracer,a:map:reduce:tracer:model:class:model:class:remote:model:interface:remote:a:map:reduce:tracer:property:change:listener:event:listener:a:map:reduce:tracer:model:class:remote:a:map:reduce:tracer:a:map:reduce:tracer:a:map:reduce:tracer:reducer:class:a:map:reduce:tracer:a:map:reduce:tracer,key.value.KeyValue,key:value,@KeyValueClass,key:value:class,getValue,get:value
facebook.FacebookReducer,facebook:reducer,FacebookReducer,facebook:reducer,reduce,reduce,AMapReduceTracer:@ModelClass:@ModelClass+@RemoteModelInterface:Remote:Serializable:AMapReduceTracer:PropertyChangeListener:EventListener:AMapReduceTracer:@ModelClass:Serializable:Remote:AMapReduceTracer:AMapReduceTracer:AMapReduceTracer:@ReducerClass:AMapReduceTracer:AMapReduceTracer,a:map:reduce:tracer:model:class:model:class:remote:model:interface:remote:a:map:reduce:tracer:property:change:listener:event:listener:a:map:reduce:tracer:model:class:remote:a:map:reduce:tracer:a:map:reduce:tracer:a:map:reduce:tracer:reducer:class:a:map:reduce:tracer:a:map:reduce:tracer,java.util.ArrayList,array:list,java.util.ArrayList,array:list,ArrayList,array:list
facebook.FacebookReducer,facebook:reducer,FacebookReducer,facebook:reducer,reduce,reduce,AMapReduceTracer:@ModelClass:@ModelClass+@RemoteModelInterface:Remote:Serializable:AMapReduceTracer:PropertyChangeListener:EventListener:AMapReduceTracer:@ModelClass:Serializable:Remote:AMapReduceTracer:AMapReduceTracer:AMapReduceTracer:@ReducerClass:AMapReduceTracer:AMapReduceTracer,a:map:reduce:tracer:model:class:model:class:remote:model:interface:remote:a:map:reduce:tracer:property:change:listener:event:listener:a:map:reduce:tracer:model:class:remote:a:map:reduce:tracer:a:map:reduce:tracer:a:map:reduce:tracer:reducer:class:a:map:reduce:tracer:a:map:reduce:tracer,key.value.KeyValue,key:value,@KeyValueClass,key:value:class,getValue,get:value
facebook.FacebookReducer,facebook:reducer,FacebookReducer,facebook:reducer,reduce,reduce,AMapReduceTracer:@ModelClass:@ModelClass+@RemoteModelInterface:Remote:Serializable:AMapReduceTracer:PropertyChangeListener:EventListener:AMapReduceTracer:@ModelClass:Serializable:Remote:AMapReduceTracer:AMapReduceTracer:AMapReduceTracer:@ReducerClass:AMapReduceTracer:AMapReduceTracer,a:map:reduce:tracer:model:class:model:class:remote:model:interface:remote:a:map:reduce:tracer:property:change:listener:event:listener:a:map:reduce:tracer:model:class:remote:a:map:reduce:tracer:a:map:reduce:tracer:a:map:reduce:tracer:reducer:class:a:map:reduce:tracer:a:map:reduce:tracer,java.util.Map,map,java.util.Map,map,put,put
facebook.FacebookReducer,facebook:reducer,FacebookReducer,facebook:reducer,reduce,reduce,AMapReduceTracer:@ModelClass:@ModelClass+@RemoteModelInterface:Remote:Serializable:AMapReduceTracer:PropertyChangeListener:EventListener:AMapReduceTracer:@ModelClass:Serializable:Remote:AMapReduceTracer:AMapReduceTracer:AMapReduceTracer:@ReducerClass:AMapReduceTracer:AMapReduceTracer,a:map:reduce:tracer:model:class:model:class:remote:model:interface:remote:a:map:reduce:tracer:property:change:listener:event:listener:a:map:reduce:tracer:model:class:remote:a:map:reduce:tracer:a:map:reduce:tracer:a:map:reduce:tracer:reducer:class:a:map:reduce:tracer:a:map:reduce:tracer,java.util.Map,map,java.util.Map,map,put,put
facebook.FacebookReducer,facebook:reducer,FacebookReducer,facebook:reducer,reduce,reduce,AMapReduceTracer:@ModelClass:@ModelClass+@RemoteModelInterface:Remote:Serializable:AMapReduceTracer:PropertyChangeListener:EventListener:AMapReduceTracer:@ModelClass:Serializable:Remote:AMapReduceTracer:AMapReduceTracer:AMapReduceTracer:@ReducerClass:AMapReduceTracer:AMapReduceTracer,a:map:reduce:tracer:model:class:model:class:remote:model:interface:remote:a:map:reduce:tracer:property:change:listener:event:listener:a:map:reduce:tracer:model:class:remote:a:map:reduce:tracer:a:map:reduce:tracer:a:map:reduce:tracer:reducer:class:a:map:reduce:tracer:a:map:reduce:tracer,key.value.KeyValue,key:value,@KeyValueClass,key:value:class,getValue,get:value
facebook.FacebookReducer,facebook:reducer,FacebookReducer,facebook:reducer,traceReduction,trace:reduction,AMapReduceTracer:@ModelClass:@ModelClass+@RemoteModelInterface:Remote:Serializable:AMapReduceTracer:PropertyChangeListener:EventListener:AMapReduceTracer:@ModelClass:Serializable:Remote:AMapReduceTracer:AMapReduceTracer:AMapReduceTracer:@ReducerClass:AMapReduceTracer:AMapReduceTracer,a:map:reduce:tracer:model:class:model:class:remote:model:interface:remote:a:map:reduce:tracer:property:change:listener:event:listener:a:map:reduce:tracer:model:class:remote:a:map:reduce:tracer:a:map:reduce:tracer:a:map:reduce:tracer:reducer:class:a:map:reduce:tracer:a:map:reduce:tracer,gradingTools.comp533s19.assignment0.AMapReduceTracer,a:map:reduce:tracer,gradingTools.comp533s19.assignment0.AMapReduceTracer,a:map:reduce:tracer,traceReduce,trace:reduce
client.MainClient,main:client,@ClientTokenCounter,client:token:counter,main,main,AMapReduceTracer:@ModelClass:@ModelClass+@RemoteModelInterface:Remote:Serializable:AMapReduceTracer:PropertyChangeListener:EventListener:AMapReduceTracer:@ModelClass:Serializable:Remote:AMapReduceTracer:AMapReduceTracer:AMapReduceTracer:@ReducerClass:AMapReduceTracer:AMapReduceTracer,a:map:reduce:tracer:model:class:model:class:remote:model:interface:remote:a:map:reduce:tracer:property:change:listener:event:listener:a:map:reduce:tracer:model:class:remote:a:map:reduce:tracer:a:map:reduce:tracer:a:map:reduce:tracer:reducer:class:a:map:reduce:tracer:a:map:reduce:tracer,java.rmi.registry.LocateRegistry,locate:registry,java.rmi.registry.LocateRegistry,locate:registry,getRegistry,get:registry
client.MainClient,main:client,@ClientTokenCounter,client:token:counter,main,main,AMapReduceTracer:@ModelClass:@ModelClass+@RemoteModelInterface:Remote:Serializable:AMapReduceTracer:PropertyChangeListener:EventListener:AMapReduceTracer:@ModelClass:Serializable:Remote:AMapReduceTracer:AMapReduceTracer:AMapReduceTracer:@ReducerClass:AMapReduceTracer:AMapReduceTracer,a:map:reduce:tracer:model:class:model:class:remote:model:interface:remote:a:map:reduce:tracer:property:change:listener:event:listener:a:map:reduce:tracer:model:class:remote:a:map:reduce:tracer:a:map:reduce:tracer:a:map:reduce:tracer:reducer:class:a:map:reduce:tracer:a:map:reduce:tracer,java.rmi.registry.Registry,registry,java.rmi.registry.Registry,registry,lookup,none
client.MainClient,main:client,@ClientTokenCounter,client:token:counter,main,main,AMapReduceTracer:@ModelClass:@ModelClass+@RemoteModelInterface:Remote:Serializable:AMapReduceTracer:PropertyChangeListener:EventListener:AMapReduceTracer:@ModelClass:Serializable:Remote:AMapReduceTracer:AMapReduceTracer:AMapReduceTracer:@ReducerClass:AMapReduceTracer:AMapReduceTracer,a:map:reduce:tracer:model:class:model:class:remote:model:interface:remote:a:map:reduce:tracer:property:change:listener:event:listener:a:map:reduce:tracer:model:class:remote:a:map:reduce:tracer:a:map:reduce:tracer:a:map:reduce:tracer:reducer:class:a:map:reduce:tracer:a:map:reduce:tracer,client.ClientImpl,client:impl,@RemoteClientObjectClass,remote:client:object:class,ClientImpl,client:impl
client.MainClient,main:client,@ClientTokenCounter,client:token:counter,main,main,AMapReduceTracer:@ModelClass:@ModelClass+@RemoteModelInterface:Remote:Serializable:AMapReduceTracer:PropertyChangeListener:EventListener:AMapReduceTracer:@ModelClass:Serializable:Remote:AMapReduceTracer:AMapReduceTracer:AMapReduceTracer:@ReducerClass:AMapReduceTracer:AMapReduceTracer,a:map:reduce:tracer:model:class:model:class:remote:model:interface:remote:a:map:reduce:tracer:property:change:listener:event:listener:a:map:reduce:tracer:model:class:remote:a:map:reduce:tracer:a:map:reduce:tracer:a:map:reduce:tracer:reducer:class:a:map:reduce:tracer:a:map:reduce:tracer,java.rmi.server.UnicastRemoteObject,remote:object,java.rmi.server.UnicastRemoteObject,remote:object,exportObject,export:object
client.MainClient,main:client,@ClientTokenCounter,client:token:counter,main,main,AMapReduceTracer:@ModelClass:@ModelClass+@RemoteModelInterface:Remote:Serializable:AMapReduceTracer:PropertyChangeListener:EventListener:AMapReduceTracer:@ModelClass:Serializable:Remote:AMapReduceTracer:AMapReduceTracer:AMapReduceTracer:@ReducerClass:AMapReduceTracer:AMapReduceTracer,a:map:reduce:tracer:model:class:model:class:remote:model:interface:remote:a:map:reduce:tracer:property:change:listener:event:listener:a:map:reduce:tracer:model:class:remote:a:map:reduce:tracer:a:map:reduce:tracer:a:map:reduce:tracer:reducer:class:a:map:reduce:tracer:a:map:reduce:tracer,model.view.controller.RemoteModel,remote:model,@ModelClass+@RemoteModelInterface,model:class:remote:model:interface,registerRemoteClient,register:remote:client
client.MainClient,main:client,@ClientTokenCounter,client:token:counter,main,main,AMapReduceTracer:@ModelClass:@ModelClass+@RemoteModelInterface:Remote:Serializable:AMapReduceTracer:PropertyChangeListener:EventListener:AMapReduceTracer:@ModelClass:Serializable:Remote:AMapReduceTracer:AMapReduceTracer:AMapReduceTracer:@ReducerClass:AMapReduceTracer:AMapReduceTracer,a:map:reduce:tracer:model:class:model:class:remote:model:interface:remote:a:map:reduce:tracer:property:change:listener:event:listener:a:map:reduce:tracer:model:class:remote:a:map:reduce:tracer:a:map:reduce:tracer:a:map:reduce:tracer:reducer:class:a:map:reduce:tracer:a:map:reduce:tracer,client.ClientImpl,client:impl,@RemoteClientObjectClass,remote:client:object:class,block,block
client.MainClient,main:client,@ClientTokenCounter,client:token:counter,main,main,AMapReduceTracer:@ModelClass:@ModelClass+@RemoteModelInterface:Remote:Serializable:AMapReduceTracer:PropertyChangeListener:EventListener:AMapReduceTracer:@ModelClass:Serializable:Remote:AMapReduceTracer:AMapReduceTracer:AMapReduceTracer:@ReducerClass:AMapReduceTracer:AMapReduceTracer,a:map:reduce:tracer:model:class:model:class:remote:model:interface:remote:a:map:reduce:tracer:property:change:listener:event:listener:a:map:reduce:tracer:model:class:remote:a:map:reduce:tracer:a:map:reduce:tracer:a:map:reduce:tracer:reducer:class:a:map:reduce:tracer:a:map:reduce:tracer,java.rmi.RemoteException,remote:exception,java.rmi.RemoteException,remote:exception,printStackTrace,print:stack:trace
comp533.barrier.BarrierImpl,barrier:impl,@BarrierClass,barrier:class,barrier,barrier,AMapReduceTracer:@ModelClass:@ModelClass+@RemoteModelInterface:Remote:Serializable:AMapReduceTracer:PropertyChangeListener:EventListener:AMapReduceTracer:@ModelClass:Serializable:Remote:AMapReduceTracer:AMapReduceTracer:AMapReduceTracer:@ReducerClass:AMapReduceTracer:AMapReduceTracer:AMapReduceTracer:@BarrierClass,a:map:reduce:tracer:model:class:model:class:remote:model:interface:remote:a:map:reduce:tracer:property:change:listener:event:listener:a:map:reduce:tracer:model:class:remote:a:map:reduce:tracer:a:map:reduce:tracer:a:map:reduce:tracer:reducer:class:a:map:reduce:tracer:a:map:reduce:tracer:a:map:reduce:tracer:barrier:class,gradingTools.comp533s19.assignment0.AMapReduceTracer,a:map:reduce:tracer,gradingTools.comp533s19.assignment0.AMapReduceTracer,a:map:reduce:tracer,traceBarrierWaitStart,trace:barrier:wait:start
comp533.barrier.BarrierImpl,barrier:impl,@BarrierClass,barrier:class,barrier,barrier,AMapReduceTracer:@ModelClass:@ModelClass+@RemoteModelInterface:Remote:Serializable:AMapReduceTracer:PropertyChangeListener:EventListener:AMapReduceTracer:@ModelClass:Serializable:Remote:AMapReduceTracer:AMapReduceTracer:AMapReduceTracer:@ReducerClass:AMapReduceTracer:AMapReduceTracer:AMapReduceTracer:@BarrierClass,a:map:reduce:tracer:model:class:model:class:remote:model:interface:remote:a:map:reduce:tracer:property:change:listener:event:listener:a:map:reduce:tracer:model:class:remote:a:map:reduce:tracer:a:map:reduce:tracer:a:map:reduce:tracer:reducer:class:a:map:reduce:tracer:a:map:reduce:tracer:a:map:reduce:tracer:barrier:class,gradingTools.comp533s19.assignment0.AMapReduceTracer,a:map:reduce:tracer,gradingTools.comp533s19.assignment0.AMapReduceTracer,a:map:reduce:tracer,traceWait,trace:wait
comp533.barrier.BarrierImpl,barrier:impl,@BarrierClass,barrier:class,barrier,barrier,AMapReduceTracer:@ModelClass:@ModelClass+@RemoteModelInterface:Remote:Serializable:AMapReduceTracer:PropertyChangeListener:EventListener:AMapReduceTracer:@ModelClass:Serializable:Remote:AMapReduceTracer:AMapReduceTracer:AMapReduceTracer:@ReducerClass:AMapReduceTracer:AMapReduceTracer:AMapReduceTracer:@BarrierClass,a:map:reduce:tracer:model:class:model:class:remote:model:interface:remote:a:map:reduce:tracer:property:change:listener:event:listener:a:map:reduce:tracer:model:class:remote:a:map:reduce:tracer:a:map:reduce:tracer:a:map:reduce:tracer:reducer:class:a:map:reduce:tracer:a:map:reduce:tracer:a:map:reduce:tracer:barrier:class,java.lang.Object,object,java.lang.Object,object,wait,wait
comp533.barrier.BarrierImpl,barrier:impl,@BarrierClass,barrier:class,barrier,barrier,AMapReduceTracer:@ModelClass:@ModelClass+@RemoteModelInterface:Remote:Serializable:AMapReduceTracer:PropertyChangeListener:EventListener:AMapReduceTracer:@ModelClass:Serializable:Remote:AMapReduceTracer:AMapReduceTracer:AMapReduceTracer:@ReducerClass:AMapReduceTracer:AMapReduceTracer:AMapReduceTracer:@BarrierClass,a:map:reduce:tracer:model:class:model:class:remote:model:interface:remote:a:map:reduce:tracer:property:change:listener:event:listener:a:map:reduce:tracer:model:class:remote:a:map:reduce:tracer:a:map:reduce:tracer:a:map:reduce:tracer:reducer:class:a:map:reduce:tracer:a:map:reduce:tracer:a:map:reduce:tracer:barrier:class,gradingTools.comp533s19.assignment0.AMapReduceTracer,a:map:reduce:tracer,gradingTools.comp533s19.assignment0.AMapReduceTracer,a:map:reduce:tracer,traceBarrierWaitEnd,trace:barrier:wait:end
comp533.barrier.BarrierImpl,barrier:impl,@BarrierClass,barrier:class,barrier,barrier,AMapReduceTracer:@ModelClass:@ModelClass+@RemoteModelInterface:Remote:Serializable:AMapReduceTracer:PropertyChangeListener:EventListener:AMapReduceTracer:@ModelClass:Serializable:Remote:AMapReduceTracer:AMapReduceTracer:AMapReduceTracer:@ReducerClass:AMapReduceTracer:AMapReduceTracer:AMapReduceTracer:@BarrierClass,a:map:reduce:tracer:model:class:model:class:remote:model:interface:remote:a:map:reduce:tracer:property:change:listener:event:listener:a:map:reduce:tracer:model:class:remote:a:map:reduce:tracer:a:map:reduce:tracer:a:map:reduce:tracer:reducer:class:a:map:reduce:tracer:a:map:reduce:tracer:a:map:reduce:tracer:barrier:class,java.io.PrintStream,print:stream,java.io.PrintStream,print:stream,println,none
comp533.barrier.BarrierImpl,barrier:impl,@BarrierClass,barrier:class,barrier,barrier,AMapReduceTracer:@ModelClass:@ModelClass+@RemoteModelInterface:Remote:Serializable:AMapReduceTracer:PropertyChangeListener:EventListener:AMapReduceTracer:@ModelClass:Serializable:Remote:AMapReduceTracer:AMapReduceTracer:AMapReduceTracer:@ReducerClass:AMapReduceTracer:AMapReduceTracer:AMapReduceTracer:@BarrierClass,a:map:reduce:tracer:model:class:model:class:remote:model:interface:remote:a:map:reduce:tracer:property:change:listener:event:listener:a:map:reduce:tracer:model:class:remote:a:map:reduce:tracer:a:map:reduce:tracer:a:map:reduce:tracer:reducer:class:a:map:reduce:tracer:a:map:reduce:tracer:a:map:reduce:tracer:barrier:class,Exception,exception,java.lang.Exception,exception,getMessage,get:message
comp533.barrier.BarrierImpl,barrier:impl,@BarrierClass,barrier:class,barrier,barrier,AMapReduceTracer:@ModelClass:@ModelClass+@RemoteModelInterface:Remote:Serializable:AMapReduceTracer:PropertyChangeListener:EventListener:AMapReduceTracer:@ModelClass:Serializable:Remote:AMapReduceTracer:AMapReduceTracer:AMapReduceTracer:@ReducerClass:AMapReduceTracer:AMapReduceTracer:AMapReduceTracer:@BarrierClass,a:map:reduce:tracer:model:class:model:class:remote:model:interface:remote:a:map:reduce:tracer:property:change:listener:event:listener:a:map:reduce:tracer:model:class:remote:a:map:reduce:tracer:a:map:reduce:tracer:a:map:reduce:tracer:reducer:class:a:map:reduce:tracer:a:map:reduce:tracer:a:map:reduce:tracer:barrier:class,gradingTools.comp533s19.assignment0.AMapReduceTracer,a:map:reduce:tracer,gradingTools.comp533s19.assignment0.AMapReduceTracer,a:map:reduce:tracer,traceNotify,trace:notify
comp533.barrier.BarrierImpl,barrier:impl,@BarrierClass,barrier:class,barrier,barrier,AMapReduceTracer:@ModelClass:@ModelClass+@RemoteModelInterface:Remote:Serializable:AMapReduceTracer:PropertyChangeListener:EventListener:AMapReduceTracer:@ModelClass:Serializable:Remote:AMapReduceTracer:AMapReduceTracer:AMapReduceTracer:@ReducerClass:AMapReduceTracer:AMapReduceTracer:AMapReduceTracer:@BarrierClass,a:map:reduce:tracer:model:class:model:class:remote:model:interface:remote:a:map:reduce:tracer:property:change:listener:event:listener:a:map:reduce:tracer:model:class:remote:a:map:reduce:tracer:a:map:reduce:tracer:a:map:reduce:tracer:reducer:class:a:map:reduce:tracer:a:map:reduce:tracer:a:map:reduce:tracer:barrier:class,java.lang.Object,object,java.lang.Object,object,notify,notify
comp533.barrier.BarrierImpl,barrier:impl,@BarrierClass,barrier:class,barrier,barrier,AMapReduceTracer:@ModelClass:@ModelClass+@RemoteModelInterface:Remote:Serializable:AMapReduceTracer:PropertyChangeListener:EventListener:AMapReduceTracer:@ModelClass:Serializable:Remote:AMapReduceTracer:AMapReduceTracer:AMapReduceTracer:@ReducerClass:AMapReduceTracer:AMapReduceTracer:AMapReduceTracer:@BarrierClass,a:map:reduce:tracer:model:class:model:class:remote:model:interface:remote:a:map:reduce:tracer:property:change:listener:event:listener:a:map:reduce:tracer:model:class:remote:a:map:reduce:tracer:a:map:reduce:tracer:a:map:reduce:tracer:reducer:class:a:map:reduce:tracer:a:map:reduce:tracer:a:map:reduce:tracer:barrier:class,gradingTools.comp533s19.assignment0.AMapReduceTracer,a:map:reduce:tracer,gradingTools.comp533s19.assignment0.AMapReduceTracer,a:map:reduce:tracer,traceBarrierReleaseAll,trace:barrier:release:all
reducer.MapReduce,map:reduce,MapReduce,map:reduce,getReducer,get:reducer,AMapReduceTracer:@ModelClass:@ModelClass+@RemoteModelInterface:Remote:Serializable:AMapReduceTracer:PropertyChangeListener:EventListener:AMapReduceTracer:@ModelClass:Serializable:Remote:AMapReduceTracer:AMapReduceTracer:AMapReduceTracer:@ReducerClass:AMapReduceTracer:AMapReduceTracer:AMapReduceTracer:@BarrierClass:MapReduceConfiguration,a:map:reduce:tracer:model:class:model:class:remote:model:interface:remote:a:map:reduce:tracer:property:change:listener:event:listener:a:map:reduce:tracer:model:class:remote:a:map:reduce:tracer:a:map:reduce:tracer:a:map:reduce:tracer:reducer:class:a:map:reduce:tracer:a:map:reduce:tracer:a:map:reduce:tracer:barrier:class:map:reduce:configuration,reduce.factory.ReducerFactoryImpl,reducer:factory:impl,@ReducerFactory,reducer:factory,getReducer,get:reducer
reducer.MapReduce,map:reduce,MapReduce,map:reduce,getReducerClass,get:reducer:class,AMapReduceTracer:@ModelClass:@ModelClass+@RemoteModelInterface:Remote:Serializable:AMapReduceTracer:PropertyChangeListener:EventListener:AMapReduceTracer:@ModelClass:Serializable:Remote:AMapReduceTracer:AMapReduceTracer:AMapReduceTracer:@ReducerClass:AMapReduceTracer:AMapReduceTracer:AMapReduceTracer:@BarrierClass:MapReduceConfiguration,a:map:reduce:tracer:model:class:model:class:remote:model:interface:remote:a:map:reduce:tracer:property:change:listener:event:listener:a:map:reduce:tracer:model:class:remote:a:map:reduce:tracer:a:map:reduce:tracer:a:map:reduce:tracer:reducer:class:a:map:reduce:tracer:a:map:reduce:tracer:a:map:reduce:tracer:barrier:class:map:reduce:configuration,reduce.factory.ReducerFactoryImpl,reducer:factory:impl,@ReducerFactory,reducer:factory,getClass,get:class
reducer.MapReduce,map:reduce,MapReduce,map:reduce,getReducerClass,get:reducer:class,AMapReduceTracer:@ModelClass:@ModelClass+@RemoteModelInterface:Remote:Serializable:AMapReduceTracer:PropertyChangeListener:EventListener:AMapReduceTracer:@ModelClass:Serializable:Remote:AMapReduceTracer:AMapReduceTracer:AMapReduceTracer:@ReducerClass:AMapReduceTracer:AMapReduceTracer:AMapReduceTracer:@BarrierClass:MapReduceConfiguration,a:map:reduce:tracer:model:class:model:class:remote:model:interface:remote:a:map:reduce:tracer:property:change:listener:event:listener:a:map:reduce:tracer:model:class:remote:a:map:reduce:tracer:a:map:reduce:tracer:a:map:reduce:tracer:reducer:class:a:map:reduce:tracer:a:map:reduce:tracer:a:map:reduce:tracer:barrier:class:map:reduce:configuration,reduce.factory.ReducerFactoryImpl,reducer:factory:impl,@ReducerFactory,reducer:factory,getReducer,get:reducer
reducer.MapReduce,map:reduce,MapReduce,map:reduce,getTokenCountingMapper,get:token:counting:mapper,AMapReduceTracer:@ModelClass:@ModelClass+@RemoteModelInterface:Remote:Serializable:AMapReduceTracer:PropertyChangeListener:EventListener:AMapReduceTracer:@ModelClass:Serializable:Remote:AMapReduceTracer:AMapReduceTracer:AMapReduceTracer:@ReducerClass:AMapReduceTracer:AMapReduceTracer:AMapReduceTracer:@BarrierClass:MapReduceConfiguration,a:map:reduce:tracer:model:class:model:class:remote:model:interface:remote:a:map:reduce:tracer:property:change:listener:event:listener:a:map:reduce:tracer:model:class:remote:a:map:reduce:tracer:a:map:reduce:tracer:a:map:reduce:tracer:reducer:class:a:map:reduce:tracer:a:map:reduce:tracer:a:map:reduce:tracer:barrier:class:map:reduce:configuration,mapper.factory.MapperFactory,mapper:factory,@MapperFactory,mapper:factory,getMapper,get:mapper
reducer.MapReduce,map:reduce,MapReduce,map:reduce,getTokenCountingMapperClass,get:token:counting:mapper:class,AMapReduceTracer:@ModelClass:@ModelClass+@RemoteModelInterface:Remote:Serializable:AMapReduceTracer:PropertyChangeListener:EventListener:AMapReduceTracer:@ModelClass:Serializable:Remote:AMapReduceTracer:AMapReduceTracer:AMapReduceTracer:@ReducerClass:AMapReduceTracer:AMapReduceTracer:AMapReduceTracer:@BarrierClass:MapReduceConfiguration,a:map:reduce:tracer:model:class:model:class:remote:model:interface:remote:a:map:reduce:tracer:property:change:listener:event:listener:a:map:reduce:tracer:model:class:remote:a:map:reduce:tracer:a:map:reduce:tracer:a:map:reduce:tracer:reducer:class:a:map:reduce:tracer:a:map:reduce:tracer:a:map:reduce:tracer:barrier:class:map:reduce:configuration,mapper.factory.MapperFactory,mapper:factory,@MapperFactory,mapper:factory,getClass,get:class
reducer.MapReduce,map:reduce,MapReduce,map:reduce,getTokenCountingMapperClass,get:token:counting:mapper:class,AMapReduceTracer:@ModelClass:@ModelClass+@RemoteModelInterface:Remote:Serializable:AMapReduceTracer:PropertyChangeListener:EventListener:AMapReduceTracer:@ModelClass:Serializable:Remote:AMapReduceTracer:AMapReduceTracer:AMapReduceTracer:@ReducerClass:AMapReduceTracer:AMapReduceTracer:AMapReduceTracer:@BarrierClass:MapReduceConfiguration,a:map:reduce:tracer:model:class:model:class:remote:model:interface:remote:a:map:reduce:tracer:property:change:listener:event:listener:a:map:reduce:tracer:model:class:remote:a:map:reduce:tracer:a:map:reduce:tracer:a:map:reduce:tracer:reducer:class:a:map:reduce:tracer:a:map:reduce:tracer:a:map:reduce:tracer:barrier:class:map:reduce:configuration,mapper.factory.MapperFactory,mapper:factory,@MapperFactory,mapper:factory,getMapper,get:mapper
reducer.MapReduce,map:reduce,MapReduce,map:reduce,getBarrier,get:barrier,AMapReduceTracer:@ModelClass:@ModelClass+@RemoteModelInterface:Remote:Serializable:AMapReduceTracer:PropertyChangeListener:EventListener:AMapReduceTracer:@ModelClass:Serializable:Remote:AMapReduceTracer:AMapReduceTracer:AMapReduceTracer:@ReducerClass:AMapReduceTracer:AMapReduceTracer:AMapReduceTracer:@BarrierClass:MapReduceConfiguration,a:map:reduce:tracer:model:class:model:class:remote:model:interface:remote:a:map:reduce:tracer:property:change:listener:event:listener:a:map:reduce:tracer:model:class:remote:a:map:reduce:tracer:a:map:reduce:tracer:a:map:reduce:tracer:reducer:class:a:map:reduce:tracer:a:map:reduce:tracer:a:map:reduce:tracer:barrier:class:map:reduce:configuration,comp533.barrier.BarrierImpl,barrier:impl,@BarrierClass,barrier:class,BarrierImpl,barrier:impl
reducer.MapReduce,map:reduce,MapReduce,map:reduce,getJoiner,get:joiner,AMapReduceTracer:@ModelClass:@ModelClass+@RemoteModelInterface:Remote:Serializable:AMapReduceTracer:PropertyChangeListener:EventListener:AMapReduceTracer:@ModelClass:Serializable:Remote:AMapReduceTracer:AMapReduceTracer:AMapReduceTracer:@ReducerClass:AMapReduceTracer:AMapReduceTracer:AMapReduceTracer:@BarrierClass:MapReduceConfiguration,a:map:reduce:tracer:model:class:model:class:remote:model:interface:remote:a:map:reduce:tracer:property:change:listener:event:listener:a:map:reduce:tracer:model:class:remote:a:map:reduce:tracer:a:map:reduce:tracer:a:map:reduce:tracer:reducer:class:a:map:reduce:tracer:a:map:reduce:tracer:a:map:reduce:tracer:barrier:class:map:reduce:configuration,comp533.joiner.JoinerImpl,joiner:impl,@JoinerClass,joiner:class,JoinerImpl,joiner:impl
reducer.MapReduce,map:reduce,MapReduce,map:reduce,getPartitioner,get:partitioner,AMapReduceTracer:@ModelClass:@ModelClass+@RemoteModelInterface:Remote:Serializable:AMapReduceTracer:PropertyChangeListener:EventListener:AMapReduceTracer:@ModelClass:Serializable:Remote:AMapReduceTracer:AMapReduceTracer:AMapReduceTracer:@ReducerClass:AMapReduceTracer:AMapReduceTracer:AMapReduceTracer:@BarrierClass:MapReduceConfiguration,a:map:reduce:tracer:model:class:model:class:remote:model:interface:remote:a:map:reduce:tracer:property:change:listener:event:listener:a:map:reduce:tracer:model:class:remote:a:map:reduce:tracer:a:map:reduce:tracer:a:map:reduce:tracer:reducer:class:a:map:reduce:tracer:a:map:reduce:tracer:a:map:reduce:tracer:barrier:class:map:reduce:configuration,comp533.partitioner.PartitionerFactory,partitioner:factory,@PartitionerFactory,partitioner:factory,getPartitioner,get:partitioner
tests.RunTestsA1,run:tests:a,RunTestsA1,run:tests:a,main,main,AMapReduceTracer:@ModelClass:@ModelClass+@RemoteModelInterface:Remote:Serializable:AMapReduceTracer:PropertyChangeListener:EventListener:AMapReduceTracer:@ModelClass:Serializable:Remote:AMapReduceTracer:AMapReduceTracer:AMapReduceTracer:@ReducerClass:AMapReduceTracer:AMapReduceTracer:AMapReduceTracer:@BarrierClass:MapReduceConfiguration,a:map:reduce:tracer:model:class:model:class:remote:model:interface:remote:a:map:reduce:tracer:property:change:listener:event:listener:a:map:reduce:tracer:model:class:remote:a:map:reduce:tracer:a:map:reduce:tracer:a:map:reduce:tracer:reducer:class:a:map:reduce:tracer:a:map:reduce:tracer:a:map:reduce:tracer:barrier:class:map:reduce:configuration,trace.grader.basics.GraderBasicsTraceUtility,grader:basics:trace:utility,trace.grader.basics.GraderBasicsTraceUtility,grader:basics:trace:utility,setTracerShowInfo,set:tracer:show:info
tests.RunTestsA1,run:tests:a,RunTestsA1,run:tests:a,main,main,AMapReduceTracer:@ModelClass:@ModelClass+@RemoteModelInterface:Remote:Serializable:AMapReduceTracer:PropertyChangeListener:EventListener:AMapReduceTracer:@ModelClass:Serializable:Remote:AMapReduceTracer:AMapReduceTracer:AMapReduceTracer:@ReducerClass:AMapReduceTracer:AMapReduceTracer:AMapReduceTracer:@BarrierClass:MapReduceConfiguration,a:map:reduce:tracer:model:class:model:class:remote:model:interface:remote:a:map:reduce:tracer:property:change:listener:event:listener:a:map:reduce:tracer:model:class:remote:a:map:reduce:tracer:a:map:reduce:tracer:a:map:reduce:tracer:reducer:class:a:map:reduce:tracer:a:map:reduce:tracer:a:map:reduce:tracer:barrier:class:map:reduce:configuration,trace.grader.basics.GraderBasicsTraceUtility,grader:basics:trace:utility,trace.grader.basics.GraderBasicsTraceUtility,grader:basics:trace:utility,setBufferTracedMessages,set:buffer:traced:messages
tests.RunTestsA1,run:tests:a,RunTestsA1,run:tests:a,main,main,AMapReduceTracer:@ModelClass:@ModelClass+@RemoteModelInterface:Remote:Serializable:AMapReduceTracer:PropertyChangeListener:EventListener:AMapReduceTracer:@ModelClass:Serializable:Remote:AMapReduceTracer:AMapReduceTracer:AMapReduceTracer:@ReducerClass:AMapReduceTracer:AMapReduceTracer:AMapReduceTracer:@BarrierClass:MapReduceConfiguration,a:map:reduce:tracer:model:class:model:class:remote:model:interface:remote:a:map:reduce:tracer:property:change:listener:event:listener:a:map:reduce:tracer:model:class:remote:a:map:reduce:tracer:a:map:reduce:tracer:a:map:reduce:tracer:reducer:class:a:map:reduce:tracer:a:map:reduce:tracer:a:map:reduce:tracer:barrier:class:map:reduce:configuration,trace.grader.basics.GraderBasicsTraceUtility,grader:basics:trace:utility,trace.grader.basics.GraderBasicsTraceUtility,grader:basics:trace:utility,setMaxPrintedTraces,set:max:printed:traces
tests.RunTestsA1,run:tests:a,RunTestsA1,run:tests:a,main,main,AMapReduceTracer:@ModelClass:@ModelClass+@RemoteModelInterface:Remote:Serializable:AMapReduceTracer:PropertyChangeListener:EventListener:AMapReduceTracer:@ModelClass:Serializable:Remote:AMapReduceTracer:AMapReduceTracer:AMapReduceTracer:@ReducerClass:AMapReduceTracer:AMapReduceTracer:AMapReduceTracer:@BarrierClass:MapReduceConfiguration,a:map:reduce:tracer:model:class:model:class:remote:model:interface:remote:a:map:reduce:tracer:property:change:listener:event:listener:a:map:reduce:tracer:model:class:remote:a:map:reduce:tracer:a:map:reduce:tracer:a:map:reduce:tracer:reducer:class:a:map:reduce:tracer:a:map:reduce:tracer:a:map:reduce:tracer:barrier:class:map:reduce:configuration,trace.grader.basics.GraderBasicsTraceUtility,grader:basics:trace:utility,trace.grader.basics.GraderBasicsTraceUtility,grader:basics:trace:utility,setMaxTraces,set:max:traces
tests.RunTestsA1,run:tests:a,RunTestsA1,run:tests:a,main,main,AMapReduceTracer:@ModelClass:@ModelClass+@RemoteModelInterface:Remote:Serializable:AMapReduceTracer:PropertyChangeListener:EventListener:AMapReduceTracer:@ModelClass:Serializable:Remote:AMapReduceTracer:AMapReduceTracer:AMapReduceTracer:@ReducerClass:AMapReduceTracer:AMapReduceTracer:AMapReduceTracer:@BarrierClass:MapReduceConfiguration,a:map:reduce:tracer:model:class:model:class:remote:model:interface:remote:a:map:reduce:tracer:property:change:listener:event:listener:a:map:reduce:tracer:model:class:remote:a:map:reduce:tracer:a:map:reduce:tracer:a:map:reduce:tracer:reducer:class:a:map:reduce:tracer:a:map:reduce:tracer:a:map:reduce:tracer:barrier:class:map:reduce:configuration,grader.basics.execution.BasicProjectExecution,basic:project:execution,grader.basics.execution.BasicProjectExecution,basic:project:execution,setProcessTimeOut,set:process:time:out
tests.RunTestsA1,run:tests:a,RunTestsA1,run:tests:a,main,main,AMapReduceTracer:@ModelClass:@ModelClass+@RemoteModelInterface:Remote:Serializable:AMapReduceTracer:PropertyChangeListener:EventListener:AMapReduceTracer:@ModelClass:Serializable:Remote:AMapReduceTracer:AMapReduceTracer:AMapReduceTracer:@ReducerClass:AMapReduceTracer:AMapReduceTracer:AMapReduceTracer:@BarrierClass:MapReduceConfiguration,a:map:reduce:tracer:model:class:model:class:remote:model:interface:remote:a:map:reduce:tracer:property:change:listener:event:listener:a:map:reduce:tracer:model:class:remote:a:map:reduce:tracer:a:map:reduce:tracer:a:map:reduce:tracer:reducer:class:a:map:reduce:tracer:a:map:reduce:tracer:a:map:reduce:tracer:barrier:class:map:reduce:configuration,gradingTools.comp533s25.assignment3.S25Assignment3Suite,assignment:suite,gradingTools.comp533s25.assignment3.S25Assignment3Suite,assignment:suite,main,main
standalone.token.counter.StandaloneTokenCounter,token:counter,StandaloneTokenCounter,token:counter,runLogic,run:logic,AMapReduceTracer:@ModelClass:@ModelClass+@RemoteModelInterface:Remote:Serializable:AMapReduceTracer:PropertyChangeListener:EventListener:AMapReduceTracer:@ModelClass:Serializable:Remote:AMapReduceTracer:AMapReduceTracer:AMapReduceTracer:@ReducerClass:AMapReduceTracer:AMapReduceTracer:AMapReduceTracer:@BarrierClass:MapReduceConfiguration:AMapReduceTracer,a:map:reduce:tracer:model:class:model:class:remote:model:interface:remote:a:map:reduce:tracer:property:change:listener:event:listener:a:map:reduce:tracer:model:class:remote:a:map:reduce:tracer:a:map:reduce:tracer:a:map:reduce:tracer:reducer:class:a:map:reduce:tracer:a:map:reduce:tracer:a:map:reduce:tracer:barrier:class:map:reduce:configuration:a:map:reduce:tracer,java.util.Scanner,scanner,java.util.Scanner,scanner,Scanner,scanner
standalone.token.counter.StandaloneTokenCounter,token:counter,StandaloneTokenCounter,token:counter,runLogic,run:logic,AMapReduceTracer:@ModelClass:@ModelClass+@RemoteModelInterface:Remote:Serializable:AMapReduceTracer:PropertyChangeListener:EventListener:AMapReduceTracer:@ModelClass:Serializable:Remote:AMapReduceTracer:AMapReduceTracer:AMapReduceTracer:@ReducerClass:AMapReduceTracer:AMapReduceTracer:AMapReduceTracer:@BarrierClass:MapReduceConfiguration:AMapReduceTracer,a:map:reduce:tracer:model:class:model:class:remote:model:interface:remote:a:map:reduce:tracer:property:change:listener:event:listener:a:map:reduce:tracer:model:class:remote:a:map:reduce:tracer:a:map:reduce:tracer:a:map:reduce:tracer:reducer:class:a:map:reduce:tracer:a:map:reduce:tracer:a:map:reduce:tracer:barrier:class:map:reduce:configuration:a:map:reduce:tracer,gradingTools.comp533s19.assignment0.AMapReduceTracer,a:map:reduce:tracer,gradingTools.comp533s19.assignment0.AMapReduceTracer,a:map:reduce:tracer,traceNumbersPrompt,trace:numbers:prompt
standalone.token.counter.StandaloneTokenCounter,token:counter,StandaloneTokenCounter,token:counter,runLogic,run:logic,AMapReduceTracer:@ModelClass:@ModelClass+@RemoteModelInterface:Remote:Serializable:AMapReduceTracer:PropertyChangeListener:EventListener:AMapReduceTracer:@ModelClass:Serializable:Remote:AMapReduceTracer:AMapReduceTracer:AMapReduceTracer:@ReducerClass:AMapReduceTracer:AMapReduceTracer:AMapReduceTracer:@BarrierClass:MapReduceConfiguration:AMapReduceTracer,a:map:reduce:tracer:model:class:model:class:remote:model:interface:remote:a:map:reduce:tracer:property:change:listener:event:listener:a:map:reduce:tracer:model:class:remote:a:map:reduce:tracer:a:map:reduce:tracer:a:map:reduce:tracer:reducer:class:a:map:reduce:tracer:a:map:reduce:tracer:a:map:reduce:tracer:barrier:class:map:reduce:configuration:a:map:reduce:tracer,java.util.Scanner,scanner,java.util.Scanner,scanner,nextLine,next:line
standalone.token.counter.StandaloneTokenCounter,token:counter,StandaloneTokenCounter,token:counter,runLogic,run:logic,AMapReduceTracer:@ModelClass:@ModelClass+@RemoteModelInterface:Remote:Serializable:AMapReduceTracer:PropertyChangeListener:EventListener:AMapReduceTracer:@ModelClass:Serializable:Remote:AMapReduceTracer:AMapReduceTracer:AMapReduceTracer:@ReducerClass:AMapReduceTracer:AMapReduceTracer:AMapReduceTracer:@BarrierClass:MapReduceConfiguration:AMapReduceTracer,a:map:reduce:tracer:model:class:model:class:remote:model:interface:remote:a:map:reduce:tracer:property:change:listener:event:listener:a:map:reduce:tracer:model:class:remote:a:map:reduce:tracer:a:map:reduce:tracer:a:map:reduce:tracer:reducer:class:a:map:reduce:tracer:a:map:reduce:tracer:a:map:reduce:tracer:barrier:class:map:reduce:configuration:a:map:reduce:tracer,String,string,java.lang.String,string,equals,equals
standalone.token.counter.StandaloneTokenCounter,token:counter,StandaloneTokenCounter,token:counter,runLogic,run:logic,AMapReduceTracer:@ModelClass:@ModelClass+@RemoteModelInterface:Remote:Serializable:AMapReduceTracer:PropertyChangeListener:EventListener:AMapReduceTracer:@ModelClass:Serializable:Remote:AMapReduceTracer:AMapReduceTracer:AMapReduceTracer:@ReducerClass:AMapReduceTracer:AMapReduceTracer:AMapReduceTracer:@BarrierClass:MapReduceConfiguration:AMapReduceTracer,a:map:reduce:tracer:model:class:model:class:remote:model:interface:remote:a:map:reduce:tracer:property:change:listener:event:listener:a:map:reduce:tracer:model:class:remote:a:map:reduce:tracer:a:map:reduce:tracer:a:map:reduce:tracer:reducer:class:a:map:reduce:tracer:a:map:reduce:tracer:a:map:reduce:tracer:barrier:class:map:reduce:configuration:a:map:reduce:tracer,String,string,java.lang.String,string,split,split
standalone.token.counter.StandaloneTokenCounter,token:counter,StandaloneTokenCounter,token:counter,runLogic,run:logic,AMapReduceTracer:@ModelClass:@ModelClass+@RemoteModelInterface:Remote:Serializable:AMapReduceTracer:PropertyChangeListener:EventListener:AMapReduceTracer:@ModelClass:Serializable:Remote:AMapReduceTracer:AMapReduceTracer:AMapReduceTracer:@ReducerClass:AMapReduceTracer:AMapReduceTracer:AMapReduceTracer:@BarrierClass:MapReduceConfiguration:AMapReduceTracer,a:map:reduce:tracer:model:class:model:class:remote:model:interface:remote:a:map:reduce:tracer:property:change:listener:event:listener:a:map:reduce:tracer:model:class:remote:a:map:reduce:tracer:a:map:reduce:tracer:a:map:reduce:tracer:reducer:class:a:map:reduce:tracer:a:map:reduce:tracer:a:map:reduce:tracer:barrier:class:map:reduce:configuration:a:map:reduce:tracer,java.util.HashMap,hash:map,java.util.HashMap,hash:map,HashMap,hash:map
standalone.token.counter.StandaloneTokenCounter,token:counter,StandaloneTokenCounter,token:counter,runLogic,run:logic,AMapReduceTracer:@ModelClass:@ModelClass+@RemoteModelInterface:Remote:Serializable:AMapReduceTracer:PropertyChangeListener:EventListener:AMapReduceTracer:@ModelClass:Serializable:Remote:AMapReduceTracer:AMapReduceTracer:AMapReduceTracer:@ReducerClass:AMapReduceTracer:AMapReduceTracer:AMapReduceTracer:@BarrierClass:MapReduceConfiguration:AMapReduceTracer,a:map:reduce:tracer:model:class:model:class:remote:model:interface:remote:a:map:reduce:tracer:property:change:listener:event:listener:a:map:reduce:tracer:model:class:remote:a:map:reduce:tracer:a:map:reduce:tracer:a:map:reduce:tracer:reducer:class:a:map:reduce:tracer:a:map:reduce:tracer:a:map:reduce:tracer:barrier:class:map:reduce:configuration:a:map:reduce:tracer,java.util.HashMap,hash:map,java.util.HashMap,hash:map,containsKey,contains:key
standalone.token.counter.StandaloneTokenCounter,token:counter,StandaloneTokenCounter,token:counter,runLogic,run:logic,AMapReduceTracer:@ModelClass:@ModelClass+@RemoteModelInterface:Remote:Serializable:AMapReduceTracer:PropertyChangeListener:EventListener:AMapReduceTracer:@ModelClass:Serializable:Remote:AMapReduceTracer:AMapReduceTracer:AMapReduceTracer:@ReducerClass:AMapReduceTracer:AMapReduceTracer:AMapReduceTracer:@BarrierClass:MapReduceConfiguration:AMapReduceTracer,a:map:reduce:tracer:model:class:model:class:remote:model:interface:remote:a:map:reduce:tracer:property:change:listener:event:listener:a:map:reduce:tracer:model:class:remote:a:map:reduce:tracer:a:map:reduce:tracer:a:map:reduce:tracer:reducer:class:a:map:reduce:tracer:a:map:reduce:tracer:a:map:reduce:tracer:barrier:class:map:reduce:configuration:a:map:reduce:tracer,java.util.HashMap,hash:map,java.util.HashMap,hash:map,put,put
standalone.token.counter.StandaloneTokenCounter,token:counter,StandaloneTokenCounter,token:counter,runLogic,run:logic,AMapReduceTracer:@ModelClass:@ModelClass+@RemoteModelInterface:Remote:Serializable:AMapReduceTracer:PropertyChangeListener:EventListener:AMapReduceTracer:@ModelClass:Serializable:Remote:AMapReduceTracer:AMapReduceTracer:AMapReduceTracer:@ReducerClass:AMapReduceTracer:AMapReduceTracer:AMapReduceTracer:@BarrierClass:MapReduceConfiguration:AMapReduceTracer,a:map:reduce:tracer:model:class:model:class:remote:model:interface:remote:a:map:reduce:tracer:property:change:listener:event:listener:a:map:reduce:tracer:model:class:remote:a:map:reduce:tracer:a:map:reduce:tracer:a:map:reduce:tracer:reducer:class:a:map:reduce:tracer:a:map:reduce:tracer:a:map:reduce:tracer:barrier:class:map:reduce:configuration:a:map:reduce:tracer,java.util.HashMap,hash:map,java.util.HashMap,hash:map,get,get
standalone.token.counter.StandaloneTokenCounter,token:counter,StandaloneTokenCounter,token:counter,runLogic,run:logic,AMapReduceTracer:@ModelClass:@ModelClass+@RemoteModelInterface:Remote:Serializable:AMapReduceTracer:PropertyChangeListener:EventListener:AMapReduceTracer:@ModelClass:Serializable:Remote:AMapReduceTracer:AMapReduceTracer:AMapReduceTracer:@ReducerClass:AMapReduceTracer:AMapReduceTracer:AMapReduceTracer:@BarrierClass:MapReduceConfiguration:AMapReduceTracer,a:map:reduce:tracer:model:class:model:class:remote:model:interface:remote:a:map:reduce:tracer:property:change:listener:event:listener:a:map:reduce:tracer:model:class:remote:a:map:reduce:tracer:a:map:reduce:tracer:a:map:reduce:tracer:reducer:class:a:map:reduce:tracer:a:map:reduce:tracer:a:map:reduce:tracer:barrier:class:map:reduce:configuration:a:map:reduce:tracer,java.util.HashMap,hash:map,java.util.HashMap,hash:map,put,put
standalone.token.counter.StandaloneTokenCounter,token:counter,StandaloneTokenCounter,token:counter,runLogic,run:logic,AMapReduceTracer:@ModelClass:@ModelClass+@RemoteModelInterface:Remote:Serializable:AMapReduceTracer:PropertyChangeListener:EventListener:AMapReduceTracer:@ModelClass:Serializable:Remote:AMapReduceTracer:AMapReduceTracer:AMapReduceTracer:@ReducerClass:AMapReduceTracer:AMapReduceTracer:AMapReduceTracer:@BarrierClass:MapReduceConfiguration:AMapReduceTracer,a:map:reduce:tracer:model:class:model:class:remote:model:interface:remote:a:map:reduce:tracer:property:change:listener:event:listener:a:map:reduce:tracer:model:class:remote:a:map:reduce:tracer:a:map:reduce:tracer:a:map:reduce:tracer:reducer:class:a:map:reduce:tracer:a:map:reduce:tracer:a:map:reduce:tracer:barrier:class:map:reduce:configuration:a:map:reduce:tracer,java.util.HashMap,hash:map,java.util.HashMap,hash:map,containsKey,contains:key
standalone.token.counter.StandaloneTokenCounter,token:counter,StandaloneTokenCounter,token:counter,runLogic,run:logic,AMapReduceTracer:@ModelClass:@ModelClass+@RemoteModelInterface:Remote:Serializable:AMapReduceTracer:PropertyChangeListener:EventListener:AMapReduceTracer:@ModelClass:Serializable:Remote:AMapReduceTracer:AMapReduceTracer:AMapReduceTracer:@ReducerClass:AMapReduceTracer:AMapReduceTracer:AMapReduceTracer:@BarrierClass:MapReduceConfiguration:AMapReduceTracer,a:map:reduce:tracer:model:class:model:class:remote:model:interface:remote:a:map:reduce:tracer:property:change:listener:event:listener:a:map:reduce:tracer:model:class:remote:a:map:reduce:tracer:a:map:reduce:tracer:a:map:reduce:tracer:reducer:class:a:map:reduce:tracer:a:map:reduce:tracer:a:map:reduce:tracer:barrier:class:map:reduce:configuration:a:map:reduce:tracer,java.util.HashMap,hash:map,java.util.HashMap,hash:map,get,get
standalone.token.counter.StandaloneTokenCounter,token:counter,StandaloneTokenCounter,token:counter,runLogic,run:logic,AMapReduceTracer:@ModelClass:@ModelClass+@RemoteModelInterface:Remote:Serializable:AMapReduceTracer:PropertyChangeListener:EventListener:AMapReduceTracer:@ModelClass:Serializable:Remote:AMapReduceTracer:AMapReduceTracer:AMapReduceTracer:@ReducerClass:AMapReduceTracer:AMapReduceTracer:AMapReduceTracer:@BarrierClass:MapReduceConfiguration:AMapReduceTracer,a:map:reduce:tracer:model:class:model:class:remote:model:interface:remote:a:map:reduce:tracer:property:change:listener:event:listener:a:map:reduce:tracer:model:class:remote:a:map:reduce:tracer:a:map:reduce:tracer:a:map:reduce:tracer:reducer:class:a:map:reduce:tracer:a:map:reduce:tracer:a:map:reduce:tracer:barrier:class:map:reduce:configuration:a:map:reduce:tracer,java.util.HashMap,hash:map,java.util.HashMap,hash:map,size,size
standalone.token.counter.StandaloneTokenCounter,token:counter,StandaloneTokenCounter,token:counter,runLogic,run:logic,AMapReduceTracer:@ModelClass:@ModelClass+@RemoteModelInterface:Remote:Serializable:AMapReduceTracer:PropertyChangeListener:EventListener:AMapReduceTracer:@ModelClass:Serializable:Remote:AMapReduceTracer:AMapReduceTracer:AMapReduceTracer:@ReducerClass:AMapReduceTracer:AMapReduceTracer:AMapReduceTracer:@BarrierClass:MapReduceConfiguration:AMapReduceTracer,a:map:reduce:tracer:model:class:model:class:remote:model:interface:remote:a:map:reduce:tracer:property:change:listener:event:listener:a:map:reduce:tracer:model:class:remote:a:map:reduce:tracer:a:map:reduce:tracer:a:map:reduce:tracer:reducer:class:a:map:reduce:tracer:a:map:reduce:tracer:a:map:reduce:tracer:barrier:class:map:reduce:configuration:a:map:reduce:tracer,java.util.HashMap,hash:map,java.util.HashMap,hash:map,remove,remove
standalone.token.counter.StandaloneTokenCounter,token:counter,StandaloneTokenCounter,token:counter,runLogic,run:logic,AMapReduceTracer:@ModelClass:@ModelClass+@RemoteModelInterface:Remote:Serializable:AMapReduceTracer:PropertyChangeListener:EventListener:AMapReduceTracer:@ModelClass:Serializable:Remote:AMapReduceTracer:AMapReduceTracer:AMapReduceTracer:@ReducerClass:AMapReduceTracer:AMapReduceTracer:AMapReduceTracer:@BarrierClass:MapReduceConfiguration:AMapReduceTracer,a:map:reduce:tracer:model:class:model:class:remote:model:interface:remote:a:map:reduce:tracer:property:change:listener:event:listener:a:map:reduce:tracer:model:class:remote:a:map:reduce:tracer:a:map:reduce:tracer:a:map:reduce:tracer:reducer:class:a:map:reduce:tracer:a:map:reduce:tracer:a:map:reduce:tracer:barrier:class:map:reduce:configuration:a:map:reduce:tracer,gradingTools.comp533s19.assignment0.AMapReduceTracer,a:map:reduce:tracer,gradingTools.comp533s19.assignment0.AMapReduceTracer,a:map:reduce:tracer,trace,trace
standalone.token.counter.StandaloneTokenCounter,token:counter,StandaloneTokenCounter,token:counter,runLogic,run:logic,AMapReduceTracer:@ModelClass:@ModelClass+@RemoteModelInterface:Remote:Serializable:AMapReduceTracer:PropertyChangeListener:EventListener:AMapReduceTracer:@ModelClass:Serializable:Remote:AMapReduceTracer:AMapReduceTracer:AMapReduceTracer:@ReducerClass:AMapReduceTracer:AMapReduceTracer:AMapReduceTracer:@BarrierClass:MapReduceConfiguration:AMapReduceTracer,a:map:reduce:tracer:model:class:model:class:remote:model:interface:remote:a:map:reduce:tracer:property:change:listener:event:listener:a:map:reduce:tracer:model:class:remote:a:map:reduce:tracer:a:map:reduce:tracer:a:map:reduce:tracer:reducer:class:a:map:reduce:tracer:a:map:reduce:tracer:a:map:reduce:tracer:barrier:class:map:reduce:configuration:a:map:reduce:tracer,java.util.Scanner,scanner,java.util.Scanner,scanner,close,close
client.ClientImpl,client:impl,@RemoteClientObjectClass,remote:client:object:class,reduce,reduce,AMapReduceTracer:@ModelClass:@ModelClass+@RemoteModelInterface:Remote:Serializable:AMapReduceTracer:PropertyChangeListener:EventListener:AMapReduceTracer:@ModelClass:Serializable:Remote:AMapReduceTracer:AMapReduceTracer:AMapReduceTracer:@ReducerClass:AMapReduceTracer:AMapReduceTracer:AMapReduceTracer:@BarrierClass:MapReduceConfiguration:AMapReduceTracer:AMapReduceTracer:@RemoteClientObjectClass+@RemoteClientObjectInterface:Remote:Serializable,a:map:reduce:tracer:model:class:model:class:remote:model:interface:remote:a:map:reduce:tracer:property:change:listener:event:listener:a:map:reduce:tracer:model:class:remote:a:map:reduce:tracer:a:map:reduce:tracer:a:map:reduce:tracer:reducer:class:a:map:reduce:tracer:a:map:reduce:tracer:a:map:reduce:tracer:barrier:class:map:reduce:configuration:a:map:reduce:tracer:a:map:reduce:tracer:remote:client:object:class:remote:client:object:interface:remote,gradingTools.comp533s19.assignment0.AMapReduceTracer,a:map:reduce:tracer,gradingTools.comp533s19.assignment0.AMapReduceTracer,a:map:reduce:tracer,traceRemoteList,trace:remote:list
client.ClientImpl,client:impl,@RemoteClientObjectClass,remote:client:object:class,reduce,reduce,AMapReduceTracer:@ModelClass:@ModelClass+@RemoteModelInterface:Remote:Serializable:AMapReduceTracer:PropertyChangeListener:EventListener:AMapReduceTracer:@ModelClass:Serializable:Remote:AMapReduceTracer:AMapReduceTracer:AMapReduceTracer:@ReducerClass:AMapReduceTracer:AMapReduceTracer:AMapReduceTracer:@BarrierClass:MapReduceConfiguration:AMapReduceTracer:AMapReduceTracer:@RemoteClientObjectClass+@RemoteClientObjectInterface:Remote:Serializable,a:map:reduce:tracer:model:class:model:class:remote:model:interface:remote:a:map:reduce:tracer:property:change:listener:event:listener:a:map:reduce:tracer:model:class:remote:a:map:reduce:tracer:a:map:reduce:tracer:a:map:reduce:tracer:reducer:class:a:map:reduce:tracer:a:map:reduce:tracer:a:map:reduce:tracer:barrier:class:map:reduce:configuration:a:map:reduce:tracer:a:map:reduce:tracer:remote:client:object:class:remote:client:object:interface:remote,reduce.factory.ReducerFactoryImpl,reducer:factory:impl,@ReducerFactory,reducer:factory,reduce,reduce
client.ClientImpl,client:impl,@RemoteClientObjectClass,remote:client:object:class,reduce,reduce,AMapReduceTracer:@ModelClass:@ModelClass+@RemoteModelInterface:Remote:Serializable:AMapReduceTracer:PropertyChangeListener:EventListener:AMapReduceTracer:@ModelClass:Serializable:Remote:AMapReduceTracer:AMapReduceTracer:AMapReduceTracer:@ReducerClass:AMapReduceTracer:AMapReduceTracer:AMapReduceTracer:@BarrierClass:MapReduceConfiguration:AMapReduceTracer:AMapReduceTracer:@RemoteClientObjectClass+@RemoteClientObjectInterface:Remote:Serializable,a:map:reduce:tracer:model:class:model:class:remote:model:interface:remote:a:map:reduce:tracer:property:change:listener:event:listener:a:map:reduce:tracer:model:class:remote:a:map:reduce:tracer:a:map:reduce:tracer:a:map:reduce:tracer:reducer:class:a:map:reduce:tracer:a:map:reduce:tracer:a:map:reduce:tracer:barrier:class:map:reduce:configuration:a:map:reduce:tracer:a:map:reduce:tracer:remote:client:object:class:remote:client:object:interface:remote,reduce.factory.ReducerFactoryImpl,reducer:factory:impl,@ReducerFactory,reducer:factory,getReducer,get:reducer
client.ClientImpl,client:impl,@RemoteClientObjectClass,remote:client:object:class,reduce,reduce,AMapReduceTracer:@ModelClass:@ModelClass+@RemoteModelInterface:Remote:Serializable:AMapReduceTracer:PropertyChangeListener:EventListener:AMapReduceTracer:@ModelClass:Serializable:Remote:AMapReduceTracer:AMapReduceTracer:AMapReduceTracer:@ReducerClass:AMapReduceTracer:AMapReduceTracer:AMapReduceTracer:@BarrierClass:MapReduceConfiguration:AMapReduceTracer:AMapReduceTracer:@RemoteClientObjectClass+@RemoteClientObjectInterface:Remote:Serializable,a:map:reduce:tracer:model:class:model:class:remote:model:interface:remote:a:map:reduce:tracer:property:change:listener:event:listener:a:map:reduce:tracer:model:class:remote:a:map:reduce:tracer:a:map:reduce:tracer:a:map:reduce:tracer:reducer:class:a:map:reduce:tracer:a:map:reduce:tracer:a:map:reduce:tracer:barrier:class:map:reduce:configuration:a:map:reduce:tracer:a:map:reduce:tracer:remote:client:object:class:remote:client:object:interface:remote,gradingTools.comp533s19.assignment0.AMapReduceTracer,a:map:reduce:tracer,gradingTools.comp533s19.assignment0.AMapReduceTracer,a:map:reduce:tracer,traceRemoteResult,trace:remote:result
client.ClientImpl,client:impl,@RemoteClientObjectClass,remote:client:object:class,quit,quit,AMapReduceTracer:@ModelClass:@ModelClass+@RemoteModelInterface:Remote:Serializable:AMapReduceTracer:PropertyChangeListener:EventListener:AMapReduceTracer:@ModelClass:Serializable:Remote:AMapReduceTracer:AMapReduceTracer:AMapReduceTracer:@ReducerClass:AMapReduceTracer:AMapReduceTracer:AMapReduceTracer:@BarrierClass:MapReduceConfiguration:AMapReduceTracer:AMapReduceTracer:@RemoteClientObjectClass+@RemoteClientObjectInterface:Remote:Serializable,a:map:reduce:tracer:model:class:model:class:remote:model:interface:remote:a:map:reduce:tracer:property:change:listener:event:listener:a:map:reduce:tracer:model:class:remote:a:map:reduce:tracer:a:map:reduce:tracer:a:map:reduce:tracer:reducer:class:a:map:reduce:tracer:a:map:reduce:tracer:a:map:reduce:tracer:barrier:class:map:reduce:configuration:a:map:reduce:tracer:a:map:reduce:tracer:remote:client:object:class:remote:client:object:interface:remote,gradingTools.comp533s19.assignment0.AMapReduceTracer,a:map:reduce:tracer,gradingTools.comp533s19.assignment0.AMapReduceTracer,a:map:reduce:tracer,traceQuit,trace:quit
client.ClientImpl,client:impl,@RemoteClientObjectClass,remote:client:object:class,quit,quit,AMapReduceTracer:@ModelClass:@ModelClass+@RemoteModelInterface:Remote:Serializable:AMapReduceTracer:PropertyChangeListener:EventListener:AMapReduceTracer:@ModelClass:Serializable:Remote:AMapReduceTracer:AMapReduceTracer:AMapReduceTracer:@ReducerClass:AMapReduceTracer:AMapReduceTracer:AMapReduceTracer:@BarrierClass:MapReduceConfiguration:AMapReduceTracer:AMapReduceTracer:@RemoteClientObjectClass+@RemoteClientObjectInterface:Remote:Serializable,a:map:reduce:tracer:model:class:model:class:remote:model:interface:remote:a:map:reduce:tracer:property:change:listener:event:listener:a:map:reduce:tracer:model:class:remote:a:map:reduce:tracer:a:map:reduce:tracer:a:map:reduce:tracer:reducer:class:a:map:reduce:tracer:a:map:reduce:tracer:a:map:reduce:tracer:barrier:class:map:reduce:configuration:a:map:reduce:tracer:a:map:reduce:tracer:remote:client:object:class:remote:client:object:interface:remote,gradingTools.comp533s19.assignment0.AMapReduceTracer,a:map:reduce:tracer,gradingTools.comp533s19.assignment0.AMapReduceTracer,a:map:reduce:tracer,traceNotify,trace:notify
client.ClientImpl,client:impl,@RemoteClientObjectClass,remote:client:object:class,quit,quit,AMapReduceTracer:@ModelClass:@ModelClass+@RemoteModelInterface:Remote:Serializable:AMapReduceTracer:PropertyChangeListener:EventListener:AMapReduceTracer:@ModelClass:Serializable:Remote:AMapReduceTracer:AMapReduceTracer:AMapReduceTracer:@ReducerClass:AMapReduceTracer:AMapReduceTracer:AMapReduceTracer:@BarrierClass:MapReduceConfiguration:AMapReduceTracer:AMapReduceTracer:@RemoteClientObjectClass+@RemoteClientObjectInterface:Remote:Serializable,a:map:reduce:tracer:model:class:model:class:remote:model:interface:remote:a:map:reduce:tracer:property:change:listener:event:listener:a:map:reduce:tracer:model:class:remote:a:map:reduce:tracer:a:map:reduce:tracer:a:map:reduce:tracer:reducer:class:a:map:reduce:tracer:a:map:reduce:tracer:a:map:reduce:tracer:barrier:class:map:reduce:configuration:a:map:reduce:tracer:a:map:reduce:tracer:remote:client:object:class:remote:client:object:interface:remote,java.lang.Object,object,java.lang.Object,object,notify,notify
client.ClientImpl,client:impl,@RemoteClientObjectClass,remote:client:object:class,block,block,AMapReduceTracer:@ModelClass:@ModelClass+@RemoteModelInterface:Remote:Serializable:AMapReduceTracer:PropertyChangeListener:EventListener:AMapReduceTracer:@ModelClass:Serializable:Remote:AMapReduceTracer:AMapReduceTracer:AMapReduceTracer:@ReducerClass:AMapReduceTracer:AMapReduceTracer:AMapReduceTracer:@BarrierClass:MapReduceConfiguration:AMapReduceTracer:AMapReduceTracer:@RemoteClientObjectClass+@RemoteClientObjectInterface:Remote:Serializable,a:map:reduce:tracer:model:class:model:class:remote:model:interface:remote:a:map:reduce:tracer:property:change:listener:event:listener:a:map:reduce:tracer:model:class:remote:a:map:reduce:tracer:a:map:reduce:tracer:a:map:reduce:tracer:reducer:class:a:map:reduce:tracer:a:map:reduce:tracer:a:map:reduce:tracer:barrier:class:map:reduce:configuration:a:map:reduce:tracer:a:map:reduce:tracer:remote:client:object:class:remote:client:object:interface:remote,gradingTools.comp533s19.assignment0.AMapReduceTracer,a:map:reduce:tracer,gradingTools.comp533s19.assignment0.AMapReduceTracer,a:map:reduce:tracer,traceWait,trace:wait
client.ClientImpl,client:impl,@RemoteClientObjectClass,remote:client:object:class,block,block,AMapReduceTracer:@ModelClass:@ModelClass+@RemoteModelInterface:Remote:Serializable:AMapReduceTracer:PropertyChangeListener:EventListener:AMapReduceTracer:@ModelClass:Serializable:Remote:AMapReduceTracer:AMapReduceTracer:AMapReduceTracer:@ReducerClass:AMapReduceTracer:AMapReduceTracer:AMapReduceTracer:@BarrierClass:MapReduceConfiguration:AMapReduceTracer:AMapReduceTracer:@RemoteClientObjectClass+@RemoteClientObjectInterface:Remote:Serializable,a:map:reduce:tracer:model:class:model:class:remote:model:interface:remote:a:map:reduce:tracer:property:change:listener:event:listener:a:map:reduce:tracer:model:class:remote:a:map:reduce:tracer:a:map:reduce:tracer:a:map:reduce:tracer:reducer:class:a:map:reduce:tracer:a:map:reduce:tracer:a:map:reduce:tracer:barrier:class:map:reduce:configuration:a:map:reduce:tracer:a:map:reduce:tracer:remote:client:object:class:remote:client:object:interface:remote,java.lang.Object,object,java.lang.Object,object,wait,wait
client.ClientImpl,client:impl,@RemoteClientObjectClass,remote:client:object:class,block,block,AMapReduceTracer:@ModelClass:@ModelClass+@RemoteModelInterface:Remote:Serializable:AMapReduceTracer:PropertyChangeListener:EventListener:AMapReduceTracer:@ModelClass:Serializable:Remote:AMapReduceTracer:AMapReduceTracer:AMapReduceTracer:@ReducerClass:AMapReduceTracer:AMapReduceTracer:AMapReduceTracer:@BarrierClass:MapReduceConfiguration:AMapReduceTracer:AMapReduceTracer:@RemoteClientObjectClass+@RemoteClientObjectInterface:Remote:Serializable,a:map:reduce:tracer:model:class:model:class:remote:model:interface:remote:a:map:reduce:tracer:property:change:listener:event:listener:a:map:reduce:tracer:model:class:remote:a:map:reduce:tracer:a:map:reduce:tracer:a:map:reduce:tracer:reducer:class:a:map:reduce:tracer:a:map:reduce:tracer:a:map:reduce:tracer:barrier:class:map:reduce:configuration:a:map:reduce:tracer:a:map:reduce:tracer:remote:client:object:class:remote:client:object:interface:remote,gradingTools.comp533s19.assignment0.AMapReduceTracer,a:map:reduce:tracer,gradingTools.comp533s19.assignment0.AMapReduceTracer,a:map:reduce:tracer,traceExit,trace:exit
client.ClientImpl,client:impl,@RemoteClientObjectClass,remote:client:object:class,block,block,AMapReduceTracer:@ModelClass:@ModelClass+@RemoteModelInterface:Remote:Serializable:AMapReduceTracer:PropertyChangeListener:EventListener:AMapReduceTracer:@ModelClass:Serializable:Remote:AMapReduceTracer:AMapReduceTracer:AMapReduceTracer:@ReducerClass:AMapReduceTracer:AMapReduceTracer:AMapReduceTracer:@BarrierClass:MapReduceConfiguration:AMapReduceTracer:AMapReduceTracer:@RemoteClientObjectClass+@RemoteClientObjectInterface:Remote:Serializable,a:map:reduce:tracer:model:class:model:class:remote:model:interface:remote:a:map:reduce:tracer:property:change:listener:event:listener:a:map:reduce:tracer:model:class:remote:a:map:reduce:tracer:a:map:reduce:tracer:a:map:reduce:tracer:reducer:class:a:map:reduce:tracer:a:map:reduce:tracer:a:map:reduce:tracer:barrier:class:map:reduce:configuration:a:map:reduce:tracer:a:map:reduce:tracer:remote:client:object:class:remote:client:object:interface:remote,java.lang.Object,object,java.lang.Object,object,getClass,get:class
client.ClientImpl,client:impl,@RemoteClientObjectClass,remote:client:object:class,block,block,AMapReduceTracer:@ModelClass:@ModelClass+@RemoteModelInterface:Remote:Serializable:AMapReduceTracer:PropertyChangeListener:EventListener:AMapReduceTracer:@ModelClass:Serializable:Remote:AMapReduceTracer:AMapReduceTracer:AMapReduceTracer:@ReducerClass:AMapReduceTracer:AMapReduceTracer:AMapReduceTracer:@BarrierClass:MapReduceConfiguration:AMapReduceTracer:AMapReduceTracer:@RemoteClientObjectClass+@RemoteClientObjectInterface:Remote:Serializable,a:map:reduce:tracer:model:class:model:class:remote:model:interface:remote:a:map:reduce:tracer:property:change:listener:event:listener:a:map:reduce:tracer:model:class:remote:a:map:reduce:tracer:a:map:reduce:tracer:a:map:reduce:tracer:reducer:class:a:map:reduce:tracer:a:map:reduce:tracer:a:map:reduce:tracer:barrier:class:map:reduce:configuration:a:map:reduce:tracer:a:map:reduce:tracer:remote:client:object:class:remote:client:object:interface:remote,System,system,java.lang.System,system,exit,exit
client.ClientImpl,client:impl,@RemoteClientObjectClass,remote:client:object:class,block,block,AMapReduceTracer:@ModelClass:@ModelClass+@RemoteModelInterface:Remote:Serializable:AMapReduceTracer:PropertyChangeListener:EventListener:AMapReduceTracer:@ModelClass:Serializable:Remote:AMapReduceTracer:AMapReduceTracer:AMapReduceTracer:@ReducerClass:AMapReduceTracer:AMapReduceTracer:AMapReduceTracer:@BarrierClass:MapReduceConfiguration:AMapReduceTracer:AMapReduceTracer:@RemoteClientObjectClass+@RemoteClientObjectInterface:Remote:Serializable,a:map:reduce:tracer:model:class:model:class:remote:model:interface:remote:a:map:reduce:tracer:property:change:listener:event:listener:a:map:reduce:tracer:model:class:remote:a:map:reduce:tracer:a:map:reduce:tracer:a:map:reduce:tracer:reducer:class:a:map:reduce:tracer:a:map:reduce:tracer:a:map:reduce:tracer:barrier:class:map:reduce:configuration:a:map:reduce:tracer:a:map:reduce:tracer:remote:client:object:class:remote:client:object:interface:remote,java.io.PrintStream,print:stream,java.io.PrintStream,print:stream,println,none
client.ClientImpl,client:impl,@RemoteClientObjectClass,remote:client:object:class,block,block,AMapReduceTracer:@ModelClass:@ModelClass+@RemoteModelInterface:Remote:Serializable:AMapReduceTracer:PropertyChangeListener:EventListener:AMapReduceTracer:@ModelClass:Serializable:Remote:AMapReduceTracer:AMapReduceTracer:AMapReduceTracer:@ReducerClass:AMapReduceTracer:AMapReduceTracer:AMapReduceTracer:@BarrierClass:MapReduceConfiguration:AMapReduceTracer:AMapReduceTracer:@RemoteClientObjectClass+@RemoteClientObjectInterface:Remote:Serializable,a:map:reduce:tracer:model:class:model:class:remote:model:interface:remote:a:map:reduce:tracer:property:change:listener:event:listener:a:map:reduce:tracer:model:class:remote:a:map:reduce:tracer:a:map:reduce:tracer:a:map:reduce:tracer:reducer:class:a:map:reduce:tracer:a:map:reduce:tracer:a:map:reduce:tracer:barrier:class:map:reduce:configuration:a:map:reduce:tracer:a:map:reduce:tracer:remote:client:object:class:remote:client:object:interface:remote,InterruptedException,interrupted:exception,java.lang.InterruptedException,interrupted:exception,getMessage,get:message
client.ClientImpl,client:impl,@RemoteClientObjectClass,remote:client:object:class,block,block,AMapReduceTracer:@ModelClass:@ModelClass+@RemoteModelInterface:Remote:Serializable:AMapReduceTracer:PropertyChangeListener:EventListener:AMapReduceTracer:@ModelClass:Serializable:Remote:AMapReduceTracer:AMapReduceTracer:AMapReduceTracer:@ReducerClass:AMapReduceTracer:AMapReduceTracer:AMapReduceTracer:@BarrierClass:MapReduceConfiguration:AMapReduceTracer:AMapReduceTracer:@RemoteClientObjectClass+@RemoteClientObjectInterface:Remote:Serializable,a:map:reduce:tracer:model:class:model:class:remote:model:interface:remote:a:map:reduce:tracer:property:change:listener:event:listener:a:map:reduce:tracer:model:class:remote:a:map:reduce:tracer:a:map:reduce:tracer:a:map:reduce:tracer:reducer:class:a:map:reduce:tracer:a:map:reduce:tracer:a:map:reduce:tracer:barrier:class:map:reduce:configuration:a:map:reduce:tracer:a:map:reduce:tracer:remote:client:object:class:remote:client:object:interface:remote,InterruptedException,interrupted:exception,java.lang.InterruptedException,interrupted:exception,printStackTrace,print:stack:trace
facebook.FacebookController,facebook:controller,FacebookController,facebook:controller,gatherInputFromScanner,gather:input:from:scanner,AMapReduceTracer:@ModelClass:@ModelClass+@RemoteModelInterface:Remote:Serializable:AMapReduceTracer:PropertyChangeListener:EventListener:AMapReduceTracer:@ModelClass:Serializable:Remote:AMapReduceTracer:AMapReduceTracer:AMapReduceTracer:@ReducerClass:AMapReduceTracer:AMapReduceTracer:AMapReduceTracer:@BarrierClass:MapReduceConfiguration:AMapReduceTracer:AMapReduceTracer:@RemoteClientObjectClass+@RemoteClientObjectInterface:Remote:Serializable:AMapReduceTracer,a:map:reduce:tracer:model:class:model:class:remote:model:interface:remote:a:map:reduce:tracer:property:change:listener:event:listener:a:map:reduce:tracer:model:class:remote:a:map:reduce:tracer:a:map:reduce:tracer:a:map:reduce:tracer:reducer:class:a:map:reduce:tracer:a:map:reduce:tracer:a:map:reduce:tracer:barrier:class:map:reduce:configuration:a:map:reduce:tracer:a:map:reduce:tracer:remote:client:object:class:remote:client:object:interface:remote:a:map:reduce:tracer,gradingTools.comp533s19.assignment0.AMapReduceTracer,a:map:reduce:tracer,gradingTools.comp533s19.assignment0.AMapReduceTracer,a:map:reduce:tracer,traceThreadPrompt,trace:thread:prompt
facebook.FacebookController,facebook:controller,FacebookController,facebook:controller,gatherInputFromScanner,gather:input:from:scanner,AMapReduceTracer:@ModelClass:@ModelClass+@RemoteModelInterface:Remote:Serializable:AMapReduceTracer:PropertyChangeListener:EventListener:AMapReduceTracer:@ModelClass:Serializable:Remote:AMapReduceTracer:AMapReduceTracer:AMapReduceTracer:@ReducerClass:AMapReduceTracer:AMapReduceTracer:AMapReduceTracer:@BarrierClass:MapReduceConfiguration:AMapReduceTracer:AMapReduceTracer:@RemoteClientObjectClass+@RemoteClientObjectInterface:Remote:Serializable:AMapReduceTracer,a:map:reduce:tracer:model:class:model:class:remote:model:interface:remote:a:map:reduce:tracer:property:change:listener:event:listener:a:map:reduce:tracer:model:class:remote:a:map:reduce:tracer:a:map:reduce:tracer:a:map:reduce:tracer:reducer:class:a:map:reduce:tracer:a:map:reduce:tracer:a:map:reduce:tracer:barrier:class:map:reduce:configuration:a:map:reduce:tracer:a:map:reduce:tracer:remote:client:object:class:remote:client:object:interface:remote:a:map:reduce:tracer,java.util.Scanner,scanner,java.util.Scanner,scanner,nextInt,next:int
facebook.FacebookController,facebook:controller,FacebookController,facebook:controller,gatherInputFromScanner,gather:input:from:scanner,AMapReduceTracer:@ModelClass:@ModelClass+@RemoteModelInterface:Remote:Serializable:AMapReduceTracer:PropertyChangeListener:EventListener:AMapReduceTracer:@ModelClass:Serializable:Remote:AMapReduceTracer:AMapReduceTracer:AMapReduceTracer:@ReducerClass:AMapReduceTracer:AMapReduceTracer:AMapReduceTracer:@BarrierClass:MapReduceConfiguration:AMapReduceTracer:AMapReduceTracer:@RemoteClientObjectClass+@RemoteClientObjectInterface:Remote:Serializable:AMapReduceTracer,a:map:reduce:tracer:model:class:model:class:remote:model:interface:remote:a:map:reduce:tracer:property:change:listener:event:listener:a:map:reduce:tracer:model:class:remote:a:map:reduce:tracer:a:map:reduce:tracer:a:map:reduce:tracer:reducer:class:a:map:reduce:tracer:a:map:reduce:tracer:a:map:reduce:tracer:barrier:class:map:reduce:configuration:a:map:reduce:tracer:a:map:reduce:tracer:remote:client:object:class:remote:client:object:interface:remote:a:map:reduce:tracer,java.util.Scanner,scanner,java.util.Scanner,scanner,nextLine,next:line
facebook.FacebookController,facebook:controller,FacebookController,facebook:controller,gatherInputFromScanner,gather:input:from:scanner,AMapReduceTracer:@ModelClass:@ModelClass+@RemoteModelInterface:Remote:Serializable:AMapReduceTracer:PropertyChangeListener:EventListener:AMapReduceTracer:@ModelClass:Serializable:Remote:AMapReduceTracer:AMapReduceTracer:AMapReduceTracer:@ReducerClass:AMapReduceTracer:AMapReduceTracer:AMapReduceTracer:@BarrierClass:MapReduceConfiguration:AMapReduceTracer:AMapReduceTracer:@RemoteClientObjectClass+@RemoteClientObjectInterface:Remote:Serializable:AMapReduceTracer,a:map:reduce:tracer:model:class:model:class:remote:model:interface:remote:a:map:reduce:tracer:property:change:listener:event:listener:a:map:reduce:tracer:model:class:remote:a:map:reduce:tracer:a:map:reduce:tracer:a:map:reduce:tracer:reducer:class:a:map:reduce:tracer:a:map:reduce:tracer:a:map:reduce:tracer:barrier:class:map:reduce:configuration:a:map:reduce:tracer:a:map:reduce:tracer:remote:client:object:class:remote:client:object:interface:remote:a:map:reduce:tracer,gradingTools.comp533s19.assignment0.AMapReduceTracer,a:map:reduce:tracer,gradingTools.comp533s19.assignment0.AMapReduceTracer,a:map:reduce:tracer,traceNumbersPrompt,trace:numbers:prompt
facebook.FacebookController,facebook:controller,FacebookController,facebook:controller,gatherInputFromScanner,gather:input:from:scanner,AMapReduceTracer:@ModelClass:@ModelClass+@RemoteModelInterface:Remote:Serializable:AMapReduceTracer:PropertyChangeListener:EventListener:AMapReduceTracer:@ModelClass:Serializable:Remote:AMapReduceTracer:AMapReduceTracer:AMapReduceTracer:@ReducerClass:AMapReduceTracer:AMapReduceTracer:AMapReduceTracer:@BarrierClass:MapReduceConfiguration:AMapReduceTracer:AMapReduceTracer:@RemoteClientObjectClass+@RemoteClientObjectInterface:Remote:Serializable:AMapReduceTracer,a:map:reduce:tracer:model:class:model:class:remote:model:interface:remote:a:map:reduce:tracer:property:change:listener:event:listener:a:map:reduce:tracer:model:class:remote:a:map:reduce:tracer:a:map:reduce:tracer:a:map:reduce:tracer:reducer:class:a:map:reduce:tracer:a:map:reduce:tracer:a:map:reduce:tracer:barrier:class:map:reduce:configuration:a:map:reduce:tracer:a:map:reduce:tracer:remote:client:object:class:remote:client:object:interface:remote:a:map:reduce:tracer,java.util.Scanner,scanner,java.util.Scanner,scanner,nextLine,next:line
facebook.FacebookController,facebook:controller,FacebookController,facebook:controller,gatherInputFromScanner,gather:input:from:scanner,AMapReduceTracer:@ModelClass:@ModelClass+@RemoteModelInterface:Remote:Serializable:AMapReduceTracer:PropertyChangeListener:EventListener:AMapReduceTracer:@ModelClass:Serializable:Remote:AMapReduceTracer:AMapReduceTracer:AMapReduceTracer:@ReducerClass:AMapReduceTracer:AMapReduceTracer:AMapReduceTracer:@BarrierClass:MapReduceConfiguration:AMapReduceTracer:AMapReduceTracer:@RemoteClientObjectClass+@RemoteClientObjectInterface:Remote:Serializable:AMapReduceTracer,a:map:reduce:tracer:model:class:model:class:remote:model:interface:remote:a:map:reduce:tracer:property:change:listener:event:listener:a:map:reduce:tracer:model:class:remote:a:map:reduce:tracer:a:map:reduce:tracer:a:map:reduce:tracer:reducer:class:a:map:reduce:tracer:a:map:reduce:tracer:a:map:reduce:tracer:barrier:class:map:reduce:configuration:a:map:reduce:tracer:a:map:reduce:tracer:remote:client:object:class:remote:client:object:interface:remote:a:map:reduce:tracer,String,string,java.lang.String,string,equals,equals
facebook.FacebookController,facebook:controller,FacebookController,facebook:controller,gatherInputFromScanner,gather:input:from:scanner,AMapReduceTracer:@ModelClass:@ModelClass+@RemoteModelInterface:Remote:Serializable:AMapReduceTracer:PropertyChangeListener:EventListener:AMapReduceTracer:@ModelClass:Serializable:Remote:AMapReduceTracer:AMapReduceTracer:AMapReduceTracer:@ReducerClass:AMapReduceTracer:AMapReduceTracer:AMapReduceTracer:@BarrierClass:MapReduceConfiguration:AMapReduceTracer:AMapReduceTracer:@RemoteClientObjectClass+@RemoteClientObjectInterface:Remote:Serializable:AMapReduceTracer,a:map:reduce:tracer:model:class:model:class:remote:model:interface:remote:a:map:reduce:tracer:property:change:listener:event:listener:a:map:reduce:tracer:model:class:remote:a:map:reduce:tracer:a:map:reduce:tracer:a:map:reduce:tracer:reducer:class:a:map:reduce:tracer:a:map:reduce:tracer:a:map:reduce:tracer:barrier:class:map:reduce:configuration:a:map:reduce:tracer:a:map:reduce:tracer:remote:client:object:class:remote:client:object:interface:remote:a:map:reduce:tracer,gradingTools.comp533s19.assignment0.AMapReduceTracer,a:map:reduce:tracer,gradingTools.comp533s19.assignment0.AMapReduceTracer,a:map:reduce:tracer,traceQuit,trace:quit
facebook.FacebookController,facebook:controller,FacebookController,facebook:controller,gatherInputFromScanner,gather:input:from:scanner,AMapReduceTracer:@ModelClass:@ModelClass+@RemoteModelInterface:Remote:Serializable:AMapReduceTracer:PropertyChangeListener:EventListener:AMapReduceTracer:@ModelClass:Serializable:Remote:AMapReduceTracer:AMapReduceTracer:AMapReduceTracer:@ReducerClass:AMapReduceTracer:AMapReduceTracer:AMapReduceTracer:@BarrierClass:MapReduceConfiguration:AMapReduceTracer:AMapReduceTracer:@RemoteClientObjectClass+@RemoteClientObjectInterface:Remote:Serializable:AMapReduceTracer,a:map:reduce:tracer:model:class:model:class:remote:model:interface:remote:a:map:reduce:tracer:property:change:listener:event:listener:a:map:reduce:tracer:model:class:remote:a:map:reduce:tracer:a:map:reduce:tracer:a:map:reduce:tracer:reducer:class:a:map:reduce:tracer:a:map:reduce:tracer:a:map:reduce:tracer:barrier:class:map:reduce:configuration:a:map:reduce:tracer:a:map:reduce:tracer:remote:client:object:class:remote:client:object:interface:remote:a:map:reduce:tracer,gradingTools.comp533s19.assignment0.AMapReduceTracer,a:map:reduce:tracer,gradingTools.comp533s19.assignment0.AMapReduceTracer,a:map:reduce:tracer,traceQuit,trace:quit
facebook.FacebookController,facebook:controller,FacebookController,facebook:controller,gatherInputFromScanner,gather:input:from:scanner,AMapReduceTracer:@ModelClass:@ModelClass+@RemoteModelInterface:Remote:Serializable:AMapReduceTracer:PropertyChangeListener:EventListener:AMapReduceTracer:@ModelClass:Serializable:Remote:AMapReduceTracer:AMapReduceTracer:AMapReduceTracer:@ReducerClass:AMapReduceTracer:AMapReduceTracer:AMapReduceTracer:@BarrierClass:MapReduceConfiguration:AMapReduceTracer:AMapReduceTracer:@RemoteClientObjectClass+@RemoteClientObjectInterface:Remote:Serializable:AMapReduceTracer,a:map:reduce:tracer:model:class:model:class:remote:model:interface:remote:a:map:reduce:tracer:property:change:listener:event:listener:a:map:reduce:tracer:model:class:remote:a:map:reduce:tracer:a:map:reduce:tracer:a:map:reduce:tracer:reducer:class:a:map:reduce:tracer:a:map:reduce:tracer:a:map:reduce:tracer:barrier:class:map:reduce:configuration:a:map:reduce:tracer:a:map:reduce:tracer:remote:client:object:class:remote:client:object:interface:remote:a:map:reduce:tracer,java.util.Scanner,scanner,java.util.Scanner,scanner,close,close
slave.SlaveImpl,slave:impl,@SlaveClass,slave:class,produceMap,produce:map,AMapReduceTracer:@ModelClass:@ModelClass+@RemoteModelInterface:Remote:Serializable:AMapReduceTracer:PropertyChangeListener:EventListener:AMapReduceTracer:@ModelClass:Serializable:Remote:AMapReduceTracer:AMapReduceTracer:AMapReduceTracer:@ReducerClass:AMapReduceTracer:AMapReduceTracer:AMapReduceTracer:@BarrierClass:MapReduceConfiguration:AMapReduceTracer:AMapReduceTracer:@RemoteClientObjectClass+@RemoteClientObjectInterface:Remote:Serializable:AMapReduceTracer:AMapReduceTracer:Runnable:@SlaveClass,a:map:reduce:tracer:model:class:model:class:remote:model:interface:remote:a:map:reduce:tracer:property:change:listener:event:listener:a:map:reduce:tracer:model:class:remote:a:map:reduce:tracer:a:map:reduce:tracer:a:map:reduce:tracer:reducer:class:a:map:reduce:tracer:a:map:reduce:tracer:a:map:reduce:tracer:barrier:class:map:reduce:configuration:a:map:reduce:tracer:a:map:reduce:tracer:remote:client:object:class:remote:client:object:interface:remote:a:map:reduce:tracer:a:map:reduce:tracer:slave:class,reduce.factory.ReducerFactoryImpl,reducer:factory:impl,@ReducerFactory,reducer:factory,reduce,reduce
slave.SlaveImpl,slave:impl,@SlaveClass,slave:class,produceMap,produce:map,AMapReduceTracer:@ModelClass:@ModelClass+@RemoteModelInterface:Remote:Serializable:AMapReduceTracer:PropertyChangeListener:EventListener:AMapReduceTracer:@ModelClass:Serializable:Remote:AMapReduceTracer:AMapReduceTracer:AMapReduceTracer:@ReducerClass:AMapReduceTracer:AMapReduceTracer:AMapReduceTracer:@BarrierClass:MapReduceConfiguration:AMapReduceTracer:AMapReduceTracer:@RemoteClientObjectClass+@RemoteClientObjectInterface:Remote:Serializable:AMapReduceTracer:AMapReduceTracer:Runnable:@SlaveClass,a:map:reduce:tracer:model:class:model:class:remote:model:interface:remote:a:map:reduce:tracer:property:change:listener:event:listener:a:map:reduce:tracer:model:class:remote:a:map:reduce:tracer:a:map:reduce:tracer:a:map:reduce:tracer:reducer:class:a:map:reduce:tracer:a:map:reduce:tracer:a:map:reduce:tracer:barrier:class:map:reduce:configuration:a:map:reduce:tracer:a:map:reduce:tracer:remote:client:object:class:remote:client:object:interface:remote:a:map:reduce:tracer:a:map:reduce:tracer:slave:class,reduce.factory.ReducerFactoryImpl,reducer:factory:impl,@ReducerFactory,reducer:factory,getReducer,get:reducer
slave.SlaveImpl,slave:impl,@SlaveClass,slave:class,produceMap,produce:map,AMapReduceTracer:@ModelClass:@ModelClass+@RemoteModelInterface:Remote:Serializable:AMapReduceTracer:PropertyChangeListener:EventListener:AMapReduceTracer:@ModelClass:Serializable:Remote:AMapReduceTracer:AMapReduceTracer:AMapReduceTracer:@ReducerClass:AMapReduceTracer:AMapReduceTracer:AMapReduceTracer:@BarrierClass:MapReduceConfiguration:AMapReduceTracer:AMapReduceTracer:@RemoteClientObjectClass+@RemoteClientObjectInterface:Remote:Serializable:AMapReduceTracer:AMapReduceTracer:Runnable:@SlaveClass,a:map:reduce:tracer:model:class:model:class:remote:model:interface:remote:a:map:reduce:tracer:property:change:listener:event:listener:a:map:reduce:tracer:model:class:remote:a:map:reduce:tracer:a:map:reduce:tracer:a:map:reduce:tracer:reducer:class:a:map:reduce:tracer:a:map:reduce:tracer:a:map:reduce:tracer:barrier:class:map:reduce:configuration:a:map:reduce:tracer:a:map:reduce:tracer:remote:client:object:class:remote:client:object:interface:remote:a:map:reduce:tracer:a:map:reduce:tracer:slave:class,java.util.Map,map,java.util.Map,map,forEach,for:each
slave.SlaveImpl,slave:impl,@SlaveClass,slave:class,produceMap,produce:map,AMapReduceTracer:@ModelClass:@ModelClass+@RemoteModelInterface:Remote:Serializable:AMapReduceTracer:PropertyChangeListener:EventListener:AMapReduceTracer:@ModelClass:Serializable:Remote:AMapReduceTracer:AMapReduceTracer:AMapReduceTracer:@ReducerClass:AMapReduceTracer:AMapReduceTracer:AMapReduceTracer:@BarrierClass:MapReduceConfiguration:AMapReduceTracer:AMapReduceTracer:@RemoteClientObjectClass+@RemoteClientObjectInterface:Remote:Serializable:AMapReduceTracer:AMapReduceTracer:Runnable:@SlaveClass,a:map:reduce:tracer:model:class:model:class:remote:model:interface:remote:a:map:reduce:tracer:property:change:listener:event:listener:a:map:reduce:tracer:model:class:remote:a:map:reduce:tracer:a:map:reduce:tracer:a:map:reduce:tracer:reducer:class:a:map:reduce:tracer:a:map:reduce:tracer:a:map:reduce:tracer:barrier:class:map:reduce:configuration:a:map:reduce:tracer:a:map:reduce:tracer:remote:client:object:class:remote:client:object:interface:remote:a:map:reduce:tracer:a:map:reduce:tracer:slave:class,comp533.partitioner.PartitionerFactory,partitioner:factory,@PartitionerFactory,partitioner:factory,getPartition,get:partition
slave.SlaveImpl,slave:impl,@SlaveClass,slave:class,produceMap,produce:map,AMapReduceTracer:@ModelClass:@ModelClass+@RemoteModelInterface:Remote:Serializable:AMapReduceTracer:PropertyChangeListener:EventListener:AMapReduceTracer:@ModelClass:Serializable:Remote:AMapReduceTracer:AMapReduceTracer:AMapReduceTracer:@ReducerClass:AMapReduceTracer:AMapReduceTracer:AMapReduceTracer:@BarrierClass:MapReduceConfiguration:AMapReduceTracer:AMapReduceTracer:@RemoteClientObjectClass+@RemoteClientObjectInterface:Remote:Serializable:AMapReduceTracer:AMapReduceTracer:Runnable:@SlaveClass,a:map:reduce:tracer:model:class:model:class:remote:model:interface:remote:a:map:reduce:tracer:property:change:listener:event:listener:a:map:reduce:tracer:model:class:remote:a:map:reduce:tracer:a:map:reduce:tracer:a:map:reduce:tracer:reducer:class:a:map:reduce:tracer:a:map:reduce:tracer:a:map:reduce:tracer:barrier:class:map:reduce:configuration:a:map:reduce:tracer:a:map:reduce:tracer:remote:client:object:class:remote:client:object:interface:remote:a:map:reduce:tracer:a:map:reduce:tracer:slave:class,comp533.partitioner.PartitionerFactory,partitioner:factory,@PartitionerFactory,partitioner:factory,getPartitioner,get:partitioner
slave.SlaveImpl,slave:impl,@SlaveClass,slave:class,produceMap,produce:map,AMapReduceTracer:@ModelClass:@ModelClass+@RemoteModelInterface:Remote:Serializable:AMapReduceTracer:PropertyChangeListener:EventListener:AMapReduceTracer:@ModelClass:Serializable:Remote:AMapReduceTracer:AMapReduceTracer:AMapReduceTracer:@ReducerClass:AMapReduceTracer:AMapReduceTracer:AMapReduceTracer:@BarrierClass:MapReduceConfiguration:AMapReduceTracer:AMapReduceTracer:@RemoteClientObjectClass+@RemoteClientObjectInterface:Remote:Serializable:AMapReduceTracer:AMapReduceTracer:Runnable:@SlaveClass,a:map:reduce:tracer:model:class:model:class:remote:model:interface:remote:a:map:reduce:tracer:property:change:listener:event:listener:a:map:reduce:tracer:model:class:remote:a:map:reduce:tracer:a:map:reduce:tracer:a:map:reduce:tracer:reducer:class:a:map:reduce:tracer:a:map:reduce:tracer:a:map:reduce:tracer:barrier:class:map:reduce:configuration:a:map:reduce:tracer:a:map:reduce:tracer:remote:client:object:class:remote:client:object:interface:remote:a:map:reduce:tracer:a:map:reduce:tracer:slave:class,model.view.controller.Model,model,@ModelClass,model:class,getNumThreads,get:num:threads
slave.SlaveImpl,slave:impl,@SlaveClass,slave:class,produceMap,produce:map,AMapReduceTracer:@ModelClass:@ModelClass+@RemoteModelInterface:Remote:Serializable:AMapReduceTracer:PropertyChangeListener:EventListener:AMapReduceTracer:@ModelClass:Serializable:Remote:AMapReduceTracer:AMapReduceTracer:AMapReduceTracer:@ReducerClass:AMapReduceTracer:AMapReduceTracer:AMapReduceTracer:@BarrierClass:MapReduceConfiguration:AMapReduceTracer:AMapReduceTracer:@RemoteClientObjectClass+@RemoteClientObjectInterface:Remote:Serializable:AMapReduceTracer:AMapReduceTracer:Runnable:@SlaveClass,a:map:reduce:tracer:model:class:model:class:remote:model:interface:remote:a:map:reduce:tracer:property:change:listener:event:listener:a:map:reduce:tracer:model:class:remote:a:map:reduce:tracer:a:map:reduce:tracer:a:map:reduce:tracer:reducer:class:a:map:reduce:tracer:a:map:reduce:tracer:a:map:reduce:tracer:barrier:class:map:reduce:configuration:a:map:reduce:tracer:a:map:reduce:tracer:remote:client:object:class:remote:client:object:interface:remote:a:map:reduce:tracer:a:map:reduce:tracer:slave:class,gradingTools.comp533s19.assignment0.AMapReduceTracer,a:map:reduce:tracer,gradingTools.comp533s19.assignment0.AMapReduceTracer,a:map:reduce:tracer,tracePartitionAssigned,trace:partition:assigned
slave.SlaveImpl,slave:impl,@SlaveClass,slave:class,produceMap,produce:map,AMapReduceTracer:@ModelClass:@ModelClass+@RemoteModelInterface:Remote:Serializable:AMapReduceTracer:PropertyChangeListener:EventListener:AMapReduceTracer:@ModelClass:Serializable:Remote:AMapReduceTracer:AMapReduceTracer:AMapReduceTracer:@ReducerClass:AMapReduceTracer:AMapReduceTracer:AMapReduceTracer:@BarrierClass:MapReduceConfiguration:AMapReduceTracer:AMapReduceTracer:@RemoteClientObjectClass+@RemoteClientObjectInterface:Remote:Serializable:AMapReduceTracer:AMapReduceTracer:Runnable:@SlaveClass,a:map:reduce:tracer:model:class:model:class:remote:model:interface:remote:a:map:reduce:tracer:property:change:listener:event:listener:a:map:reduce:tracer:model:class:remote:a:map:reduce:tracer:a:map:reduce:tracer:a:map:reduce:tracer:reducer:class:a:map:reduce:tracer:a:map:reduce:tracer:a:map:reduce:tracer:barrier:class:map:reduce:configuration:a:map:reduce:tracer:a:map:reduce:tracer:remote:client:object:class:remote:client:object:interface:remote:a:map:reduce:tracer:a:map:reduce:tracer:slave:class,model.view.controller.Model,model,@ModelClass,model:class,get,get
slave.SlaveImpl,slave:impl,@SlaveClass,slave:class,produceMap,produce:map,AMapReduceTracer:@ModelClass:@ModelClass+@RemoteModelInterface:Remote:Serializable:AMapReduceTracer:PropertyChangeListener:EventListener:AMapReduceTracer:@ModelClass:Serializable:Remote:AMapReduceTracer:AMapReduceTracer:AMapReduceTracer:@ReducerClass:AMapReduceTracer:AMapReduceTracer:AMapReduceTracer:@BarrierClass:MapReduceConfiguration:AMapReduceTracer:AMapReduceTracer:@RemoteClientObjectClass+@RemoteClientObjectInterface:Remote:Serializable:AMapReduceTracer:AMapReduceTracer:Runnable:@SlaveClass,a:map:reduce:tracer:model:class:model:class:remote:model:interface:remote:a:map:reduce:tracer:property:change:listener:event:listener:a:map:reduce:tracer:model:class:remote:a:map:reduce:tracer:a:map:reduce:tracer:a:map:reduce:tracer:reducer:class:a:map:reduce:tracer:a:map:reduce:tracer:a:map:reduce:tracer:barrier:class:map:reduce:configuration:a:map:reduce:tracer:a:map:reduce:tracer:remote:client:object:class:remote:client:object:interface:remote:a:map:reduce:tracer:a:map:reduce:tracer:slave:class,model.view.controller.Model,model,@ModelClass,model:class,getReductionQueueList,get:reduction:queue:list
slave.SlaveImpl,slave:impl,@SlaveClass,slave:class,produceMap,produce:map,AMapReduceTracer:@ModelClass:@ModelClass+@RemoteModelInterface:Remote:Serializable:AMapReduceTracer:PropertyChangeListener:EventListener:AMapReduceTracer:@ModelClass:Serializable:Remote:AMapReduceTracer:AMapReduceTracer:AMapReduceTracer:@ReducerClass:AMapReduceTracer:AMapReduceTracer:AMapReduceTracer:@BarrierClass:MapReduceConfiguration:AMapReduceTracer:AMapReduceTracer:@RemoteClientObjectClass+@RemoteClientObjectInterface:Remote:Serializable:AMapReduceTracer:AMapReduceTracer:Runnable:@SlaveClass,a:map:reduce:tracer:model:class:model:class:remote:model:interface:remote:a:map:reduce:tracer:property:change:listener:event:listener:a:map:reduce:tracer:model:class:remote:a:map:reduce:tracer:a:map:reduce:tracer:a:map:reduce:tracer:reducer:class:a:map:reduce:tracer:a:map:reduce:tracer:a:map:reduce:tracer:barrier:class:map:reduce:configuration:a:map:reduce:tracer:a:map:reduce:tracer:remote:client:object:class:remote:client:object:interface:remote:a:map:reduce:tracer:a:map:reduce:tracer:slave:class,model.view.controller.Model,model,@ModelClass,model:class,add,add
slave.SlaveImpl,slave:impl,@SlaveClass,slave:class,produceMap,produce:map,AMapReduceTracer:@ModelClass:@ModelClass+@RemoteModelInterface:Remote:Serializable:AMapReduceTracer:PropertyChangeListener:EventListener:AMapReduceTracer:@ModelClass:Serializable:Remote:AMapReduceTracer:AMapReduceTracer:AMapReduceTracer:@ReducerClass:AMapReduceTracer:AMapReduceTracer:AMapReduceTracer:@BarrierClass:MapReduceConfiguration:AMapReduceTracer:AMapReduceTracer:@RemoteClientObjectClass+@RemoteClientObjectInterface:Remote:Serializable:AMapReduceTracer:AMapReduceTracer:Runnable:@SlaveClass,a:map:reduce:tracer:model:class:model:class:remote:model:interface:remote:a:map:reduce:tracer:property:change:listener:event:listener:a:map:reduce:tracer:model:class:remote:a:map:reduce:tracer:a:map:reduce:tracer:a:map:reduce:tracer:reducer:class:a:map:reduce:tracer:a:map:reduce:tracer:a:map:reduce:tracer:barrier:class:map:reduce:configuration:a:map:reduce:tracer:a:map:reduce:tracer:remote:client:object:class:remote:client:object:interface:remote:a:map:reduce:tracer:a:map:reduce:tracer:slave:class,model.view.controller.Model,model,@ModelClass,model:class,get,get
slave.SlaveImpl,slave:impl,@SlaveClass,slave:class,produceMap,produce:map,AMapReduceTracer:@ModelClass:@ModelClass+@RemoteModelInterface:Remote:Serializable:AMapReduceTracer:PropertyChangeListener:EventListener:AMapReduceTracer:@ModelClass:Serializable:Remote:AMapReduceTracer:AMapReduceTracer:AMapReduceTracer:@ReducerClass:AMapReduceTracer:AMapReduceTracer:AMapReduceTracer:@BarrierClass:MapReduceConfiguration:AMapReduceTracer:AMapReduceTracer:@RemoteClientObjectClass+@RemoteClientObjectInterface:Remote:Serializable:AMapReduceTracer:AMapReduceTracer:Runnable:@SlaveClass,a:map:reduce:tracer:model:class:model:class:remote:model:interface:remote:a:map:reduce:tracer:property:change:listener:event:listener:a:map:reduce:tracer:model:class:remote:a:map:reduce:tracer:a:map:reduce:tracer:a:map:reduce:tracer:reducer:class:a:map:reduce:tracer:a:map:reduce:tracer:a:map:reduce:tracer:barrier:class:map:reduce:configuration:a:map:reduce:tracer:a:map:reduce:tracer:remote:client:object:class:remote:client:object:interface:remote:a:map:reduce:tracer:a:map:reduce:tracer:slave:class,model.view.controller.Model,model,@ModelClass,model:class,getReductionQueueList,get:reduction:queue:list
slave.SlaveImpl,slave:impl,@SlaveClass,slave:class,produceMap,produce:map,AMapReduceTracer:@ModelClass:@ModelClass+@RemoteModelInterface:Remote:Serializable:AMapReduceTracer:PropertyChangeListener:EventListener:AMapReduceTracer:@ModelClass:Serializable:Remote:AMapReduceTracer:AMapReduceTracer:AMapReduceTracer:@ReducerClass:AMapReduceTracer:AMapReduceTracer:AMapReduceTracer:@BarrierClass:MapReduceConfiguration:AMapReduceTracer:AMapReduceTracer:@RemoteClientObjectClass+@RemoteClientObjectInterface:Remote:Serializable:AMapReduceTracer:AMapReduceTracer:Runnable:@SlaveClass,a:map:reduce:tracer:model:class:model:class:remote:model:interface:remote:a:map:reduce:tracer:property:change:listener:event:listener:a:map:reduce:tracer:model:class:remote:a:map:reduce:tracer:a:map:reduce:tracer:a:map:reduce:tracer:reducer:class:a:map:reduce:tracer:a:map:reduce:tracer:a:map:reduce:tracer:barrier:class:map:reduce:configuration:a:map:reduce:tracer:a:map:reduce:tracer:remote:client:object:class:remote:client:object:interface:remote:a:map:reduce:tracer:a:map:reduce:tracer:slave:class,key.value.KeyValueImpl,key:value:impl,@KeyValueClass,key:value:class,KeyValueImpl,key:value:impl
slave.SlaveImpl,slave:impl,@SlaveClass,slave:class,produceMap,produce:map,AMapReduceTracer:@ModelClass:@ModelClass+@RemoteModelInterface:Remote:Serializable:AMapReduceTracer:PropertyChangeListener:EventListener:AMapReduceTracer:@ModelClass:Serializable:Remote:AMapReduceTracer:AMapReduceTracer:AMapReduceTracer:@ReducerClass:AMapReduceTracer:AMapReduceTracer:AMapReduceTracer:@BarrierClass:MapReduceConfiguration:AMapReduceTracer:AMapReduceTracer:@RemoteClientObjectClass+@RemoteClientObjectInterface:Remote:Serializable:AMapReduceTracer:AMapReduceTracer:Runnable:@SlaveClass,a:map:reduce:tracer:model:class:model:class:remote:model:interface:remote:a:map:reduce:tracer:property:change:listener:event:listener:a:map:reduce:tracer:model:class:remote:a:map:reduce:tracer:a:map:reduce:tracer:a:map:reduce:tracer:reducer:class:a:map:reduce:tracer:a:map:reduce:tracer:a:map:reduce:tracer:barrier:class:map:reduce:configuration:a:map:reduce:tracer:a:map:reduce:tracer:remote:client:object:class:remote:client:object:interface:remote:a:map:reduce:tracer:a:map:reduce:tracer:slave:class,gradingTools.comp533s19.assignment0.AMapReduceTracer,a:map:reduce:tracer,gradingTools.comp533s19.assignment0.AMapReduceTracer,a:map:reduce:tracer,traceWait,trace:wait
slave.SlaveImpl,slave:impl,@SlaveClass,slave:class,produceMap,produce:map,AMapReduceTracer:@ModelClass:@ModelClass+@RemoteModelInterface:Remote:Serializable:AMapReduceTracer:PropertyChangeListener:EventListener:AMapReduceTracer:@ModelClass:Serializable:Remote:AMapReduceTracer:AMapReduceTracer:AMapReduceTracer:@ReducerClass:AMapReduceTracer:AMapReduceTracer:AMapReduceTracer:@BarrierClass:MapReduceConfiguration:AMapReduceTracer:AMapReduceTracer:@RemoteClientObjectClass+@RemoteClientObjectInterface:Remote:Serializable:AMapReduceTracer:AMapReduceTracer:Runnable:@SlaveClass,a:map:reduce:tracer:model:class:model:class:remote:model:interface:remote:a:map:reduce:tracer:property:change:listener:event:listener:a:map:reduce:tracer:model:class:remote:a:map:reduce:tracer:a:map:reduce:tracer:a:map:reduce:tracer:reducer:class:a:map:reduce:tracer:a:map:reduce:tracer:a:map:reduce:tracer:barrier:class:map:reduce:configuration:a:map:reduce:tracer:a:map:reduce:tracer:remote:client:object:class:remote:client:object:interface:remote:a:map:reduce:tracer:a:map:reduce:tracer:slave:class,model.view.controller.Model,model,@ModelClass,model:class,barrier,barrier
slave.SlaveImpl,slave:impl,@SlaveClass,slave:class,produceMap,produce:map,AMapReduceTracer:@ModelClass:@ModelClass+@RemoteModelInterface:Remote:Serializable:AMapReduceTracer:PropertyChangeListener:EventListener:AMapReduceTracer:@ModelClass:Serializable:Remote:AMapReduceTracer:AMapReduceTracer:AMapReduceTracer:@ReducerClass:AMapReduceTracer:AMapReduceTracer:AMapReduceTracer:@BarrierClass:MapReduceConfiguration:AMapReduceTracer:AMapReduceTracer:@RemoteClientObjectClass+@RemoteClientObjectInterface:Remote:Serializable:AMapReduceTracer:AMapReduceTracer:Runnable:@SlaveClass,a:map:reduce:tracer:model:class:model:class:remote:model:interface:remote:a:map:reduce:tracer:property:change:listener:event:listener:a:map:reduce:tracer:model:class:remote:a:map:reduce:tracer:a:map:reduce:tracer:a:map:reduce:tracer:reducer:class:a:map:reduce:tracer:a:map:reduce:tracer:a:map:reduce:tracer:barrier:class:map:reduce:configuration:a:map:reduce:tracer:a:map:reduce:tracer:remote:client:object:class:remote:client:object:interface:remote:a:map:reduce:tracer:a:map:reduce:tracer:slave:class,model.view.controller.Model,model,@ModelClass,model:class,getBarrier,get:barrier
slave.SlaveImpl,slave:impl,@SlaveClass,slave:class,produceMap,produce:map,AMapReduceTracer:@ModelClass:@ModelClass+@RemoteModelInterface:Remote:Serializable:AMapReduceTracer:PropertyChangeListener:EventListener:AMapReduceTracer:@ModelClass:Serializable:Remote:AMapReduceTracer:AMapReduceTracer:AMapReduceTracer:@ReducerClass:AMapReduceTracer:AMapReduceTracer:AMapReduceTracer:@BarrierClass:MapReduceConfiguration:AMapReduceTracer:AMapReduceTracer:@RemoteClientObjectClass+@RemoteClientObjectInterface:Remote:Serializable:AMapReduceTracer:AMapReduceTracer:Runnable:@SlaveClass,a:map:reduce:tracer:model:class:model:class:remote:model:interface:remote:a:map:reduce:tracer:property:change:listener:event:listener:a:map:reduce:tracer:model:class:remote:a:map:reduce:tracer:a:map:reduce:tracer:a:map:reduce:tracer:reducer:class:a:map:reduce:tracer:a:map:reduce:tracer:a:map:reduce:tracer:barrier:class:map:reduce:configuration:a:map:reduce:tracer:a:map:reduce:tracer:remote:client:object:class:remote:client:object:interface:remote:a:map:reduce:tracer:a:map:reduce:tracer:slave:class,gradingTools.comp533s19.assignment0.AMapReduceTracer,a:map:reduce:tracer,gradingTools.comp533s19.assignment0.AMapReduceTracer,a:map:reduce:tracer,traceSplitAfterBarrier,trace:split:after:barrier
slave.SlaveImpl,slave:impl,@SlaveClass,slave:class,produceMap,produce:map,AMapReduceTracer:@ModelClass:@ModelClass+@RemoteModelInterface:Remote:Serializable:AMapReduceTracer:PropertyChangeListener:EventListener:AMapReduceTracer:@ModelClass:Serializable:Remote:AMapReduceTracer:AMapReduceTracer:AMapReduceTracer:@ReducerClass:AMapReduceTracer:AMapReduceTracer:AMapReduceTracer:@BarrierClass:MapReduceConfiguration:AMapReduceTracer:AMapReduceTracer:@RemoteClientObjectClass+@RemoteClientObjectInterface:Remote:Serializable:AMapReduceTracer:AMapReduceTracer:Runnable:@SlaveClass,a:map:reduce:tracer:model:class:model:class:remote:model:interface:remote:a:map:reduce:tracer:property:change:listener:event:listener:a:map:reduce:tracer:model:class:remote:a:map:reduce:tracer:a:map:reduce:tracer:a:map:reduce:tracer:reducer:class:a:map:reduce:tracer:a:map:reduce:tracer:a:map:reduce:tracer:barrier:class:map:reduce:configuration:a:map:reduce:tracer:a:map:reduce:tracer:remote:client:object:class:remote:client:object:interface:remote:a:map:reduce:tracer:a:map:reduce:tracer:slave:class,gradingTools.comp533s19.assignment0.AMapReduceTracer,a:map:reduce:tracer,gradingTools.comp533s19.assignment0.AMapReduceTracer,a:map:reduce:tracer,traceRemoteList,trace:remote:list
slave.SlaveImpl,slave:impl,@SlaveClass,slave:class,produceMap,produce:map,AMapReduceTracer:@ModelClass:@ModelClass+@RemoteModelInterface:Remote:Serializable:AMapReduceTracer:PropertyChangeListener:EventListener:AMapReduceTracer:@ModelClass:Serializable:Remote:AMapReduceTracer:AMapReduceTracer:AMapReduceTracer:@ReducerClass:AMapReduceTracer:AMapReduceTracer:AMapReduceTracer:@BarrierClass:MapReduceConfiguration:AMapReduceTracer:AMapReduceTracer:@RemoteClientObjectClass+@RemoteClientObjectInterface:Remote:Serializable:AMapReduceTracer:AMapReduceTracer:Runnable:@SlaveClass,a:map:reduce:tracer:model:class:model:class:remote:model:interface:remote:a:map:reduce:tracer:property:change:listener:event:listener:a:map:reduce:tracer:model:class:remote:a:map:reduce:tracer:a:map:reduce:tracer:a:map:reduce:tracer:reducer:class:a:map:reduce:tracer:a:map:reduce:tracer:a:map:reduce:tracer:barrier:class:map:reduce:configuration:a:map:reduce:tracer:a:map:reduce:tracer:remote:client:object:class:remote:client:object:interface:remote:a:map:reduce:tracer:a:map:reduce:tracer:slave:class,model.view.controller.Model,model,@ModelClass,model:class,get,get
slave.SlaveImpl,slave:impl,@SlaveClass,slave:class,produceMap,produce:map,AMapReduceTracer:@ModelClass:@ModelClass+@RemoteModelInterface:Remote:Serializable:AMapReduceTracer:PropertyChangeListener:EventListener:AMapReduceTracer:@ModelClass:Serializable:Remote:AMapReduceTracer:AMapReduceTracer:AMapReduceTracer:@ReducerClass:AMapReduceTracer:AMapReduceTracer:AMapReduceTracer:@BarrierClass:MapReduceConfiguration:AMapReduceTracer:AMapReduceTracer:@RemoteClientObjectClass+@RemoteClientObjectInterface:Remote:Serializable:AMapReduceTracer:AMapReduceTracer:Runnable:@SlaveClass,a:map:reduce:tracer:model:class:model:class:remote:model:interface:remote:a:map:reduce:tracer:property:change:listener:event:listener:a:map:reduce:tracer:model:class:remote:a:map:reduce:tracer:a:map:reduce:tracer:a:map:reduce:tracer:reducer:class:a:map:reduce:tracer:a:map:reduce:tracer:a:map:reduce:tracer:barrier:class:map:reduce:configuration:a:map:reduce:tracer:a:map:reduce:tracer:remote:client:object:class:remote:client:object:interface:remote:a:map:reduce:tracer:a:map:reduce:tracer:slave:class,model.view.controller.Model,model,@ModelClass,model:class,getReductionQueueList,get:reduction:queue:list
slave.SlaveImpl,slave:impl,@SlaveClass,slave:class,produceMap,produce:map,AMapReduceTracer:@ModelClass:@ModelClass+@RemoteModelInterface:Remote:Serializable:AMapReduceTracer:PropertyChangeListener:EventListener:AMapReduceTracer:@ModelClass:Serializable:Remote:AMapReduceTracer:AMapReduceTracer:AMapReduceTracer:@ReducerClass:AMapReduceTracer:AMapReduceTracer:AMapReduceTracer:@BarrierClass:MapReduceConfiguration:AMapReduceTracer:AMapReduceTracer:@RemoteClientObjectClass+@RemoteClientObjectInterface:Remote:Serializable:AMapReduceTracer:AMapReduceTracer:Runnable:@SlaveClass,a:map:reduce:tracer:model:class:model:class:remote:model:interface:remote:a:map:reduce:tracer:property:change:listener:event:listener:a:map:reduce:tracer:model:class:remote:a:map:reduce:tracer:a:map:reduce:tracer:a:map:reduce:tracer:reducer:class:a:map:reduce:tracer:a:map:reduce:tracer:a:map:reduce:tracer:barrier:class:map:reduce:configuration:a:map:reduce:tracer:a:map:reduce:tracer:remote:client:object:class:remote:client:object:interface:remote:a:map:reduce:tracer:a:map:reduce:tracer:slave:class,slave.SlaveImpl,slave:impl,@SlaveClass,slave:class,remoteCallReduce,remote:call:reduce
slave.SlaveImpl,slave:impl,@SlaveClass,slave:class,produceMap,produce:map,AMapReduceTracer:@ModelClass:@ModelClass+@RemoteModelInterface:Remote:Serializable:AMapReduceTracer:PropertyChangeListener:EventListener:AMapReduceTracer:@ModelClass:Serializable:Remote:AMapReduceTracer:AMapReduceTracer:AMapReduceTracer:@ReducerClass:AMapReduceTracer:AMapReduceTracer:AMapReduceTracer:@BarrierClass:MapReduceConfiguration:AMapReduceTracer:AMapReduceTracer:@RemoteClientObjectClass+@RemoteClientObjectInterface:Remote:Serializable:AMapReduceTracer:AMapReduceTracer:Runnable:@SlaveClass,a:map:reduce:tracer:model:class:model:class:remote:model:interface:remote:a:map:reduce:tracer:property:change:listener:event:listener:a:map:reduce:tracer:model:class:remote:a:map:reduce:tracer:a:map:reduce:tracer:a:map:reduce:tracer:reducer:class:a:map:reduce:tracer:a:map:reduce:tracer:a:map:reduce:tracer:barrier:class:map:reduce:configuration:a:map:reduce:tracer:a:map:reduce:tracer:remote:client:object:class:remote:client:object:interface:remote:a:map:reduce:tracer:a:map:reduce:tracer:slave:class,slave.SlaveImpl,slave:impl,@SlaveClass,slave:class,localCallReduce,local:call:reduce
slave.SlaveImpl,slave:impl,@SlaveClass,slave:class,produceMap,produce:map,AMapReduceTracer:@ModelClass:@ModelClass+@RemoteModelInterface:Remote:Serializable:AMapReduceTracer:PropertyChangeListener:EventListener:AMapReduceTracer:@ModelClass:Serializable:Remote:AMapReduceTracer:AMapReduceTracer:AMapReduceTracer:@ReducerClass:AMapReduceTracer:AMapReduceTracer:AMapReduceTracer:@BarrierClass:MapReduceConfiguration:AMapReduceTracer:AMapReduceTracer:@RemoteClientObjectClass+@RemoteClientObjectInterface:Remote:Serializable:AMapReduceTracer:AMapReduceTracer:Runnable:@SlaveClass,a:map:reduce:tracer:model:class:model:class:remote:model:interface:remote:a:map:reduce:tracer:property:change:listener:event:listener:a:map:reduce:tracer:model:class:remote:a:map:reduce:tracer:a:map:reduce:tracer:a:map:reduce:tracer:reducer:class:a:map:reduce:tracer:a:map:reduce:tracer:a:map:reduce:tracer:barrier:class:map:reduce:configuration:a:map:reduce:tracer:a:map:reduce:tracer:remote:client:object:class:remote:client:object:interface:remote:a:map:reduce:tracer:a:map:reduce:tracer:slave:class,gradingTools.comp533s19.assignment0.AMapReduceTracer,a:map:reduce:tracer,gradingTools.comp533s19.assignment0.AMapReduceTracer,a:map:reduce:tracer,traceRemoteResult,trace:remote:result
slave.SlaveImpl,slave:impl,@SlaveClass,slave:class,produceMap,produce:map,AMapReduceTracer:@ModelClass:@ModelClass+@RemoteModelInterface:Remote:Serializable:AMapReduceTracer:PropertyChangeListener:EventListener:AMapReduceTracer:@ModelClass:Serializable:Remote:AMapReduceTracer:AMapReduceTracer:AMapReduceTracer:@ReducerClass:AMapReduceTracer:AMapReduceTracer:AMapReduceTracer:@BarrierClass:MapReduceConfiguration:AMapReduceTracer:AMapReduceTracer:@RemoteClientObjectClass+@RemoteClientObjectInterface:Remote:Serializable:AMapReduceTracer:AMapReduceTracer:Runnable:@SlaveClass,a:map:reduce:tracer:model:class:model:class:remote:model:interface:remote:a:map:reduce:tracer:property:change:listener:event:listener:a:map:reduce:tracer:model:class:remote:a:map:reduce:tracer:a:map:reduce:tracer:a:map:reduce:tracer:reducer:class:a:map:reduce:tracer:a:map:reduce:tracer:a:map:reduce:tracer:barrier:class:map:reduce:configuration:a:map:reduce:tracer:a:map:reduce:tracer:remote:client:object:class:remote:client:object:interface:remote:a:map:reduce:tracer:a:map:reduce:tracer:slave:class,slave.SlaveImpl,slave:impl,@SlaveClass,slave:class,finish,finish
slave.SlaveImpl,slave:impl,@SlaveClass,slave:class,produceMap,produce:map,AMapReduceTracer:@ModelClass:@ModelClass+@RemoteModelInterface:Remote:Serializable:AMapReduceTracer:PropertyChangeListener:EventListener:AMapReduceTracer:@ModelClass:Serializable:Remote:AMapReduceTracer:AMapReduceTracer:AMapReduceTracer:@ReducerClass:AMapReduceTracer:AMapReduceTracer:AMapReduceTracer:@BarrierClass:MapReduceConfiguration:AMapReduceTracer:AMapReduceTracer:@RemoteClientObjectClass+@RemoteClientObjectInterface:Remote:Serializable:AMapReduceTracer:AMapReduceTracer:Runnable:@SlaveClass,a:map:reduce:tracer:model:class:model:class:remote:model:interface:remote:a:map:reduce:tracer:property:change:listener:event:listener:a:map:reduce:tracer:model:class:remote:a:map:reduce:tracer:a:map:reduce:tracer:a:map:reduce:tracer:reducer:class:a:map:reduce:tracer:a:map:reduce:tracer:a:map:reduce:tracer:barrier:class:map:reduce:configuration:a:map:reduce:tracer:a:map:reduce:tracer:remote:client:object:class:remote:client:object:interface:remote:a:map:reduce:tracer:a:map:reduce:tracer:slave:class,model.view.controller.Model,model,@ModelClass,model:class,finished,finished
slave.SlaveImpl,slave:impl,@SlaveClass,slave:class,produceMap,produce:map,AMapReduceTracer:@ModelClass:@ModelClass+@RemoteModelInterface:Remote:Serializable:AMapReduceTracer:PropertyChangeListener:EventListener:AMapReduceTracer:@ModelClass:Serializable:Remote:AMapReduceTracer:AMapReduceTracer:AMapReduceTracer:@ReducerClass:AMapReduceTracer:AMapReduceTracer:AMapReduceTracer:@BarrierClass:MapReduceConfiguration:AMapReduceTracer:AMapReduceTracer:@RemoteClientObjectClass+@RemoteClientObjectInterface:Remote:Serializable:AMapReduceTracer:AMapReduceTracer:Runnable:@SlaveClass,a:map:reduce:tracer:model:class:model:class:remote:model:interface:remote:a:map:reduce:tracer:property:change:listener:event:listener:a:map:reduce:tracer:model:class:remote:a:map:reduce:tracer:a:map:reduce:tracer:a:map:reduce:tracer:reducer:class:a:map:reduce:tracer:a:map:reduce:tracer:a:map:reduce:tracer:barrier:class:map:reduce:configuration:a:map:reduce:tracer:a:map:reduce:tracer:remote:client:object:class:remote:client:object:interface:remote:a:map:reduce:tracer:a:map:reduce:tracer:slave:class,model.view.controller.Model,model,@ModelClass,model:class,getJoiner,get:joiner
slave.SlaveImpl,slave:impl,@SlaveClass,slave:class,remoteCallReduce,remote:call:reduce,AMapReduceTracer:@ModelClass:@ModelClass+@RemoteModelInterface:Remote:Serializable:AMapReduceTracer:PropertyChangeListener:EventListener:AMapReduceTracer:@ModelClass:Serializable:Remote:AMapReduceTracer:AMapReduceTracer:AMapReduceTracer:@ReducerClass:AMapReduceTracer:AMapReduceTracer:AMapReduceTracer:@BarrierClass:MapReduceConfiguration:AMapReduceTracer:AMapReduceTracer:@RemoteClientObjectClass+@RemoteClientObjectInterface:Remote:Serializable:AMapReduceTracer:AMapReduceTracer:Runnable:@SlaveClass,a:map:reduce:tracer:model:class:model:class:remote:model:interface:remote:a:map:reduce:tracer:property:change:listener:event:listener:a:map:reduce:tracer:model:class:remote:a:map:reduce:tracer:a:map:reduce:tracer:a:map:reduce:tracer:reducer:class:a:map:reduce:tracer:a:map:reduce:tracer:a:map:reduce:tracer:barrier:class:map:reduce:configuration:a:map:reduce:tracer:a:map:reduce:tracer:remote:client:object:class:remote:client:object:interface:remote:a:map:reduce:tracer:a:map:reduce:tracer:slave:class,client.Client,client,@RemoteClientObjectClass+@RemoteClientObjectInterface,remote:client:object:class:remote:client:object:interface,reduce,reduce
slave.SlaveImpl,slave:impl,@SlaveClass,slave:class,remoteCallReduce,remote:call:reduce,AMapReduceTracer:@ModelClass:@ModelClass+@RemoteModelInterface:Remote:Serializable:AMapReduceTracer:PropertyChangeListener:EventListener:AMapReduceTracer:@ModelClass:Serializable:Remote:AMapReduceTracer:AMapReduceTracer:AMapReduceTracer:@ReducerClass:AMapReduceTracer:AMapReduceTracer:AMapReduceTracer:@BarrierClass:MapReduceConfiguration:AMapReduceTracer:AMapReduceTracer:@RemoteClientObjectClass+@RemoteClientObjectInterface:Remote:Serializable:AMapReduceTracer:AMapReduceTracer:Runnable:@SlaveClass,a:map:reduce:tracer:model:class:model:class:remote:model:interface:remote:a:map:reduce:tracer:property:change:listener:event:listener:a:map:reduce:tracer:model:class:remote:a:map:reduce:tracer:a:map:reduce:tracer:a:map:reduce:tracer:reducer:class:a:map:reduce:tracer:a:map:reduce:tracer:a:map:reduce:tracer:barrier:class:map:reduce:configuration:a:map:reduce:tracer:a:map:reduce:tracer:remote:client:object:class:remote:client:object:interface:remote:a:map:reduce:tracer:a:map:reduce:tracer:slave:class,model.view.controller.Model,model,@ModelClass,model:class,get,get
slave.SlaveImpl,slave:impl,@SlaveClass,slave:class,remoteCallReduce,remote:call:reduce,AMapReduceTracer:@ModelClass:@ModelClass+@RemoteModelInterface:Remote:Serializable:AMapReduceTracer:PropertyChangeListener:EventListener:AMapReduceTracer:@ModelClass:Serializable:Remote:AMapReduceTracer:AMapReduceTracer:AMapReduceTracer:@ReducerClass:AMapReduceTracer:AMapReduceTracer:AMapReduceTracer:@BarrierClass:MapReduceConfiguration:AMapReduceTracer:AMapReduceTracer:@RemoteClientObjectClass+@RemoteClientObjectInterface:Remote:Serializable:AMapReduceTracer:AMapReduceTracer:Runnable:@SlaveClass,a:map:reduce:tracer:model:class:model:class:remote:model:interface:remote:a:map:reduce:tracer:property:change:listener:event:listener:a:map:reduce:tracer:model:class:remote:a:map:reduce:tracer:a:map:reduce:tracer:a:map:reduce:tracer:reducer:class:a:map:reduce:tracer:a:map:reduce:tracer:a:map:reduce:tracer:barrier:class:map:reduce:configuration:a:map:reduce:tracer:a:map:reduce:tracer:remote:client:object:class:remote:client:object:interface:remote:a:map:reduce:tracer:a:map:reduce:tracer:slave:class,model.view.controller.Model,model,@ModelClass,model:class,getReductionQueueList,get:reduction:queue:list
slave.SlaveImpl,slave:impl,@SlaveClass,slave:class,remoteCallReduce,remote:call:reduce,AMapReduceTracer:@ModelClass:@ModelClass+@RemoteModelInterface:Remote:Serializable:AMapReduceTracer:PropertyChangeListener:EventListener:AMapReduceTracer:@ModelClass:Serializable:Remote:AMapReduceTracer:AMapReduceTracer:AMapReduceTracer:@ReducerClass:AMapReduceTracer:AMapReduceTracer:AMapReduceTracer:@BarrierClass:MapReduceConfiguration:AMapReduceTracer:AMapReduceTracer:@RemoteClientObjectClass+@RemoteClientObjectInterface:Remote:Serializable:AMapReduceTracer:AMapReduceTracer:Runnable:@SlaveClass,a:map:reduce:tracer:model:class:model:class:remote:model:interface:remote:a:map:reduce:tracer:property:change:listener:event:listener:a:map:reduce:tracer:model:class:remote:a:map:reduce:tracer:a:map:reduce:tracer:a:map:reduce:tracer:reducer:class:a:map:reduce:tracer:a:map:reduce:tracer:a:map:reduce:tracer:barrier:class:map:reduce:configuration:a:map:reduce:tracer:a:map:reduce:tracer:remote:client:object:class:remote:client:object:interface:remote:a:map:reduce:tracer:a:map:reduce:tracer:slave:class,java.io.PrintStream,print:stream,java.io.PrintStream,print:stream,println,none
slave.SlaveImpl,slave:impl,@SlaveClass,slave:class,remoteCallReduce,remote:call:reduce,AMapReduceTracer:@ModelClass:@ModelClass+@RemoteModelInterface:Remote:Serializable:AMapReduceTracer:PropertyChangeListener:EventListener:AMapReduceTracer:@ModelClass:Serializable:Remote:AMapReduceTracer:AMapReduceTracer:AMapReduceTracer:@ReducerClass:AMapReduceTracer:AMapReduceTracer:AMapReduceTracer:@BarrierClass:MapReduceConfiguration:AMapReduceTracer:AMapReduceTracer:@RemoteClientObjectClass+@RemoteClientObjectInterface:Remote:Serializable:AMapReduceTracer:AMapReduceTracer:Runnable:@SlaveClass,a:map:reduce:tracer:model:class:model:class:remote:model:interface:remote:a:map:reduce:tracer:property:change:listener:event:listener:a:map:reduce:tracer:model:class:remote:a:map:reduce:tracer:a:map:reduce:tracer:a:map:reduce:tracer:reducer:class:a:map:reduce:tracer:a:map:reduce:tracer:a:map:reduce:tracer:barrier:class:map:reduce:configuration:a:map:reduce:tracer:a:map:reduce:tracer:remote:client:object:class:remote:client:object:interface:remote:a:map:reduce:tracer:a:map:reduce:tracer:slave:class,java.rmi.RemoteException,remote:exception,java.rmi.RemoteException,remote:exception,getMessage,get:message
slave.SlaveImpl,slave:impl,@SlaveClass,slave:class,remoteCallReduce,remote:call:reduce,AMapReduceTracer:@ModelClass:@ModelClass+@RemoteModelInterface:Remote:Serializable:AMapReduceTracer:PropertyChangeListener:EventListener:AMapReduceTracer:@ModelClass:Serializable:Remote:AMapReduceTracer:AMapReduceTracer:AMapReduceTracer:@ReducerClass:AMapReduceTracer:AMapReduceTracer:AMapReduceTracer:@BarrierClass:MapReduceConfiguration:AMapReduceTracer:AMapReduceTracer:@RemoteClientObjectClass+@RemoteClientObjectInterface:Remote:Serializable:AMapReduceTracer:AMapReduceTracer:Runnable:@SlaveClass,a:map:reduce:tracer:model:class:model:class:remote:model:interface:remote:a:map:reduce:tracer:property:change:listener:event:listener:a:map:reduce:tracer:model:class:remote:a:map:reduce:tracer:a:map:reduce:tracer:a:map:reduce:tracer:reducer:class:a:map:reduce:tracer:a:map:reduce:tracer:a:map:reduce:tracer:barrier:class:map:reduce:configuration:a:map:reduce:tracer:a:map:reduce:tracer:remote:client:object:class:remote:client:object:interface:remote:a:map:reduce:tracer:a:map:reduce:tracer:slave:class,slave.SlaveImpl,slave:impl,@SlaveClass,slave:class,localCallReduce,local:call:reduce
slave.SlaveImpl,slave:impl,@SlaveClass,slave:class,localCallReduce,local:call:reduce,AMapReduceTracer:@ModelClass:@ModelClass+@RemoteModelInterface:Remote:Serializable:AMapReduceTracer:PropertyChangeListener:EventListener:AMapReduceTracer:@ModelClass:Serializable:Remote:AMapReduceTracer:AMapReduceTracer:AMapReduceTracer:@ReducerClass:AMapReduceTracer:AMapReduceTracer:AMapReduceTracer:@BarrierClass:MapReduceConfiguration:AMapReduceTracer:AMapReduceTracer:@RemoteClientObjectClass+@RemoteClientObjectInterface:Remote:Serializable:AMapReduceTracer:AMapReduceTracer:Runnable:@SlaveClass,a:map:reduce:tracer:model:class:model:class:remote:model:interface:remote:a:map:reduce:tracer:property:change:listener:event:listener:a:map:reduce:tracer:model:class:remote:a:map:reduce:tracer:a:map:reduce:tracer:a:map:reduce:tracer:reducer:class:a:map:reduce:tracer:a:map:reduce:tracer:a:map:reduce:tracer:barrier:class:map:reduce:configuration:a:map:reduce:tracer:a:map:reduce:tracer:remote:client:object:class:remote:client:object:interface:remote:a:map:reduce:tracer:a:map:reduce:tracer:slave:class,reduce.factory.ReducerFactoryImpl,reducer:factory:impl,@ReducerFactory,reducer:factory,reduce,reduce
slave.SlaveImpl,slave:impl,@SlaveClass,slave:class,localCallReduce,local:call:reduce,AMapReduceTracer:@ModelClass:@ModelClass+@RemoteModelInterface:Remote:Serializable:AMapReduceTracer:PropertyChangeListener:EventListener:AMapReduceTracer:@ModelClass:Serializable:Remote:AMapReduceTracer:AMapReduceTracer:AMapReduceTracer:@ReducerClass:AMapReduceTracer:AMapReduceTracer:AMapReduceTracer:@BarrierClass:MapReduceConfiguration:AMapReduceTracer:AMapReduceTracer:@RemoteClientObjectClass+@RemoteClientObjectInterface:Remote:Serializable:AMapReduceTracer:AMapReduceTracer:Runnable:@SlaveClass,a:map:reduce:tracer:model:class:model:class:remote:model:interface:remote:a:map:reduce:tracer:property:change:listener:event:listener:a:map:reduce:tracer:model:class:remote:a:map:reduce:tracer:a:map:reduce:tracer:a:map:reduce:tracer:reducer:class:a:map:reduce:tracer:a:map:reduce:tracer:a:map:reduce:tracer:barrier:class:map:reduce:configuration:a:map:reduce:tracer:a:map:reduce:tracer:remote:client:object:class:remote:client:object:interface:remote:a:map:reduce:tracer:a:map:reduce:tracer:slave:class,reduce.factory.ReducerFactoryImpl,reducer:factory:impl,@ReducerFactory,reducer:factory,getReducer,get:reducer
slave.SlaveImpl,slave:impl,@SlaveClass,slave:class,localCallReduce,local:call:reduce,AMapReduceTracer:@ModelClass:@ModelClass+@RemoteModelInterface:Remote:Serializable:AMapReduceTracer:PropertyChangeListener:EventListener:AMapReduceTracer:@ModelClass:Serializable:Remote:AMapReduceTracer:AMapReduceTracer:AMapReduceTracer:@ReducerClass:AMapReduceTracer:AMapReduceTracer:AMapReduceTracer:@BarrierClass:MapReduceConfiguration:AMapReduceTracer:AMapReduceTracer:@RemoteClientObjectClass+@RemoteClientObjectInterface:Remote:Serializable:AMapReduceTracer:AMapReduceTracer:Runnable:@SlaveClass,a:map:reduce:tracer:model:class:model:class:remote:model:interface:remote:a:map:reduce:tracer:property:change:listener:event:listener:a:map:reduce:tracer:model:class:remote:a:map:reduce:tracer:a:map:reduce:tracer:a:map:reduce:tracer:reducer:class:a:map:reduce:tracer:a:map:reduce:tracer:a:map:reduce:tracer:barrier:class:map:reduce:configuration:a:map:reduce:tracer:a:map:reduce:tracer:remote:client:object:class:remote:client:object:interface:remote:a:map:reduce:tracer:a:map:reduce:tracer:slave:class,model.view.controller.Model,model,@ModelClass,model:class,get,get
slave.SlaveImpl,slave:impl,@SlaveClass,slave:class,localCallReduce,local:call:reduce,AMapReduceTracer:@ModelClass:@ModelClass+@RemoteModelInterface:Remote:Serializable:AMapReduceTracer:PropertyChangeListener:EventListener:AMapReduceTracer:@ModelClass:Serializable:Remote:AMapReduceTracer:AMapReduceTracer:AMapReduceTracer:@ReducerClass:AMapReduceTracer:AMapReduceTracer:AMapReduceTracer:@BarrierClass:MapReduceConfiguration:AMapReduceTracer:AMapReduceTracer:@RemoteClientObjectClass+@RemoteClientObjectInterface:Remote:Serializable:AMapReduceTracer:AMapReduceTracer:Runnable:@SlaveClass,a:map:reduce:tracer:model:class:model:class:remote:model:interface:remote:a:map:reduce:tracer:property:change:listener:event:listener:a:map:reduce:tracer:model:class:remote:a:map:reduce:tracer:a:map:reduce:tracer:a:map:reduce:tracer:reducer:class:a:map:reduce:tracer:a:map:reduce:tracer:a:map:reduce:tracer:barrier:class:map:reduce:configuration:a:map:reduce:tracer:a:map:reduce:tracer:remote:client:object:class:remote:client:object:interface:remote:a:map:reduce:tracer:a:map:reduce:tracer:slave:class,model.view.controller.Model,model,@ModelClass,model:class,getReductionQueueList,get:reduction:queue:list
slave.SlaveImpl,slave:impl,@SlaveClass,slave:class,finish,finish,AMapReduceTracer:@ModelClass:@ModelClass+@RemoteModelInterface:Remote:Serializable:AMapReduceTracer:PropertyChangeListener:EventListener:AMapReduceTracer:@ModelClass:Serializable:Remote:AMapReduceTracer:AMapReduceTracer:AMapReduceTracer:@ReducerClass:AMapReduceTracer:AMapReduceTracer:AMapReduceTracer:@BarrierClass:MapReduceConfiguration:AMapReduceTracer:AMapReduceTracer:@RemoteClientObjectClass+@RemoteClientObjectInterface:Remote:Serializable:AMapReduceTracer:AMapReduceTracer:Runnable:@SlaveClass,a:map:reduce:tracer:model:class:model:class:remote:model:interface:remote:a:map:reduce:tracer:property:change:listener:event:listener:a:map:reduce:tracer:model:class:remote:a:map:reduce:tracer:a:map:reduce:tracer:a:map:reduce:tracer:reducer:class:a:map:reduce:tracer:a:map:reduce:tracer:a:map:reduce:tracer:barrier:class:map:reduce:configuration:a:map:reduce:tracer:a:map:reduce:tracer:remote:client:object:class:remote:client:object:interface:remote:a:map:reduce:tracer:a:map:reduce:tracer:slave:class,model.view.controller.Model,model,@ModelClass,model:class,clear,clear
slave.SlaveImpl,slave:impl,@SlaveClass,slave:class,finish,finish,AMapReduceTracer:@ModelClass:@ModelClass+@RemoteModelInterface:Remote:Serializable:AMapReduceTracer:PropertyChangeListener:EventListener:AMapReduceTracer:@ModelClass:Serializable:Remote:AMapReduceTracer:AMapReduceTracer:AMapReduceTracer:@ReducerClass:AMapReduceTracer:AMapReduceTracer:AMapReduceTracer:@BarrierClass:MapReduceConfiguration:AMapReduceTracer:AMapReduceTracer:@RemoteClientObjectClass+@RemoteClientObjectInterface:Remote:Serializable:AMapReduceTracer:AMapReduceTracer:Runnable:@SlaveClass,a:map:reduce:tracer:model:class:model:class:remote:model:interface:remote:a:map:reduce:tracer:property:change:listener:event:listener:a:map:reduce:tracer:model:class:remote:a:map:reduce:tracer:a:map:reduce:tracer:a:map:reduce:tracer:reducer:class:a:map:reduce:tracer:a:map:reduce:tracer:a:map:reduce:tracer:barrier:class:map:reduce:configuration:a:map:reduce:tracer:a:map:reduce:tracer:remote:client:object:class:remote:client:object:interface:remote:a:map:reduce:tracer:a:map:reduce:tracer:slave:class,model.view.controller.Model,model,@ModelClass,model:class,get,get
slave.SlaveImpl,slave:impl,@SlaveClass,slave:class,finish,finish,AMapReduceTracer:@ModelClass:@ModelClass+@RemoteModelInterface:Remote:Serializable:AMapReduceTracer:PropertyChangeListener:EventListener:AMapReduceTracer:@ModelClass:Serializable:Remote:AMapReduceTracer:AMapReduceTracer:AMapReduceTracer:@ReducerClass:AMapReduceTracer:AMapReduceTracer:AMapReduceTracer:@BarrierClass:MapReduceConfiguration:AMapReduceTracer:AMapReduceTracer:@RemoteClientObjectClass+@RemoteClientObjectInterface:Remote:Serializable:AMapReduceTracer:AMapReduceTracer:Runnable:@SlaveClass,a:map:reduce:tracer:model:class:model:class:remote:model:interface:remote:a:map:reduce:tracer:property:change:listener:event:listener:a:map:reduce:tracer:model:class:remote:a:map:reduce:tracer:a:map:reduce:tracer:a:map:reduce:tracer:reducer:class:a:map:reduce:tracer:a:map:reduce:tracer:a:map:reduce:tracer:barrier:class:map:reduce:configuration:a:map:reduce:tracer:a:map:reduce:tracer:remote:client:object:class:remote:client:object:interface:remote:a:map:reduce:tracer:a:map:reduce:tracer:slave:class,model.view.controller.Model,model,@ModelClass,model:class,getReductionQueueList,get:reduction:queue:list
slave.SlaveImpl,slave:impl,@SlaveClass,slave:class,finish,finish,AMapReduceTracer:@ModelClass:@ModelClass+@RemoteModelInterface:Remote:Serializable:AMapReduceTracer:PropertyChangeListener:EventListener:AMapReduceTracer:@ModelClass:Serializable:Remote:AMapReduceTracer:AMapReduceTracer:AMapReduceTracer:@ReducerClass:AMapReduceTracer:AMapReduceTracer:AMapReduceTracer:@BarrierClass:MapReduceConfiguration:AMapReduceTracer:AMapReduceTracer:@RemoteClientObjectClass+@RemoteClientObjectInterface:Remote:Serializable:AMapReduceTracer:AMapReduceTracer:Runnable:@SlaveClass,a:map:reduce:tracer:model:class:model:class:remote:model:interface:remote:a:map:reduce:tracer:property:change:listener:event:listener:a:map:reduce:tracer:model:class:remote:a:map:reduce:tracer:a:map:reduce:tracer:a:map:reduce:tracer:reducer:class:a:map:reduce:tracer:a:map:reduce:tracer:a:map:reduce:tracer:barrier:class:map:reduce:configuration:a:map:reduce:tracer:a:map:reduce:tracer:remote:client:object:class:remote:client:object:interface:remote:a:map:reduce:tracer:a:map:reduce:tracer:slave:class,java.util.Map,map,java.util.Map,map,forEach,for:each
slave.SlaveImpl,slave:impl,@SlaveClass,slave:class,finish,finish,AMapReduceTracer:@ModelClass:@ModelClass+@RemoteModelInterface:Remote:Serializable:AMapReduceTracer:PropertyChangeListener:EventListener:AMapReduceTracer:@ModelClass:Serializable:Remote:AMapReduceTracer:AMapReduceTracer:AMapReduceTracer:@ReducerClass:AMapReduceTracer:AMapReduceTracer:AMapReduceTracer:@BarrierClass:MapReduceConfiguration:AMapReduceTracer:AMapReduceTracer:@RemoteClientObjectClass+@RemoteClientObjectInterface:Remote:Serializable:AMapReduceTracer:AMapReduceTracer:Runnable:@SlaveClass,a:map:reduce:tracer:model:class:model:class:remote:model:interface:remote:a:map:reduce:tracer:property:change:listener:event:listener:a:map:reduce:tracer:model:class:remote:a:map:reduce:tracer:a:map:reduce:tracer:a:map:reduce:tracer:reducer:class:a:map:reduce:tracer:a:map:reduce:tracer:a:map:reduce:tracer:barrier:class:map:reduce:configuration:a:map:reduce:tracer:a:map:reduce:tracer:remote:client:object:class:remote:client:object:interface:remote:a:map:reduce:tracer:a:map:reduce:tracer:slave:class,model.view.controller.Model,model,@ModelClass,model:class,get,get
slave.SlaveImpl,slave:impl,@SlaveClass,slave:class,finish,finish,AMapReduceTracer:@ModelClass:@ModelClass+@RemoteModelInterface:Remote:Serializable:AMapReduceTracer:PropertyChangeListener:EventListener:AMapReduceTracer:@ModelClass:Serializable:Remote:AMapReduceTracer:AMapReduceTracer:AMapReduceTracer:@ReducerClass:AMapReduceTracer:AMapReduceTracer:AMapReduceTracer:@BarrierClass:MapReduceConfiguration:AMapReduceTracer:AMapReduceTracer:@RemoteClientObjectClass+@RemoteClientObjectInterface:Remote:Serializable:AMapReduceTracer:AMapReduceTracer:Runnable:@SlaveClass,a:map:reduce:tracer:model:class:model:class:remote:model:interface:remote:a:map:reduce:tracer:property:change:listener:event:listener:a:map:reduce:tracer:model:class:remote:a:map:reduce:tracer:a:map:reduce:tracer:a:map:reduce:tracer:reducer:class:a:map:reduce:tracer:a:map:reduce:tracer:a:map:reduce:tracer:barrier:class:map:reduce:configuration:a:map:reduce:tracer:a:map:reduce:tracer:remote:client:object:class:remote:client:object:interface:remote:a:map:reduce:tracer:a:map:reduce:tracer:slave:class,model.view.controller.Model,model,@ModelClass,model:class,getReductionQueueList,get:reduction:queue:list
slave.SlaveImpl,slave:impl,@SlaveClass,slave:class,finish,finish,AMapReduceTracer:@ModelClass:@ModelClass+@RemoteModelInterface:Remote:Serializable:AMapReduceTracer:PropertyChangeListener:EventListener:AMapReduceTracer:@ModelClass:Serializable:Remote:AMapReduceTracer:AMapReduceTracer:AMapReduceTracer:@ReducerClass:AMapReduceTracer:AMapReduceTracer:AMapReduceTracer:@BarrierClass:MapReduceConfiguration:AMapReduceTracer:AMapReduceTracer:@RemoteClientObjectClass+@RemoteClientObjectInterface:Remote:Serializable:AMapReduceTracer:AMapReduceTracer:Runnable:@SlaveClass,a:map:reduce:tracer:model:class:model:class:remote:model:interface:remote:a:map:reduce:tracer:property:change:listener:event:listener:a:map:reduce:tracer:model:class:remote:a:map:reduce:tracer:a:map:reduce:tracer:a:map:reduce:tracer:reducer:class:a:map:reduce:tracer:a:map:reduce:tracer:a:map:reduce:tracer:barrier:class:map:reduce:configuration:a:map:reduce:tracer:a:map:reduce:tracer:remote:client:object:class:remote:client:object:interface:remote:a:map:reduce:tracer:a:map:reduce:tracer:slave:class,model.view.controller.Model,model,@ModelClass,model:class,add,add
slave.SlaveImpl,slave:impl,@SlaveClass,slave:class,finish,finish,AMapReduceTracer:@ModelClass:@ModelClass+@RemoteModelInterface:Remote:Serializable:AMapReduceTracer:PropertyChangeListener:EventListener:AMapReduceTracer:@ModelClass:Serializable:Remote:AMapReduceTracer:AMapReduceTracer:AMapReduceTracer:@ReducerClass:AMapReduceTracer:AMapReduceTracer:AMapReduceTracer:@BarrierClass:MapReduceConfiguration:AMapReduceTracer:AMapReduceTracer:@RemoteClientObjectClass+@RemoteClientObjectInterface:Remote:Serializable:AMapReduceTracer:AMapReduceTracer:Runnable:@SlaveClass,a:map:reduce:tracer:model:class:model:class:remote:model:interface:remote:a:map:reduce:tracer:property:change:listener:event:listener:a:map:reduce:tracer:model:class:remote:a:map:reduce:tracer:a:map:reduce:tracer:a:map:reduce:tracer:reducer:class:a:map:reduce:tracer:a:map:reduce:tracer:a:map:reduce:tracer:barrier:class:map:reduce:configuration:a:map:reduce:tracer:a:map:reduce:tracer:remote:client:object:class:remote:client:object:interface:remote:a:map:reduce:tracer:a:map:reduce:tracer:slave:class,model.view.controller.Model,model,@ModelClass,model:class,get,get
slave.SlaveImpl,slave:impl,@SlaveClass,slave:class,finish,finish,AMapReduceTracer:@ModelClass:@ModelClass+@RemoteModelInterface:Remote:Serializable:AMapReduceTracer:PropertyChangeListener:EventListener:AMapReduceTracer:@ModelClass:Serializable:Remote:AMapReduceTracer:AMapReduceTracer:AMapReduceTracer:@ReducerClass:AMapReduceTracer:AMapReduceTracer:AMapReduceTracer:@BarrierClass:MapReduceConfiguration:AMapReduceTracer:AMapReduceTracer:@RemoteClientObjectClass+@RemoteClientObjectInterface:Remote:Serializable:AMapReduceTracer:AMapReduceTracer:Runnable:@SlaveClass,a:map:reduce:tracer:model:class:model:class:remote:model:interface:remote:a:map:reduce:tracer:property:change:listener:event:listener:a:map:reduce:tracer:model:class:remote:a:map:reduce:tracer:a:map:reduce:tracer:a:map:reduce:tracer:reducer:class:a:map:reduce:tracer:a:map:reduce:tracer:a:map:reduce:tracer:barrier:class:map:reduce:configuration:a:map:reduce:tracer:a:map:reduce:tracer:remote:client:object:class:remote:client:object:interface:remote:a:map:reduce:tracer:a:map:reduce:tracer:slave:class,model.view.controller.Model,model,@ModelClass,model:class,getReductionQueueList,get:reduction:queue:list
slave.SlaveImpl,slave:impl,@SlaveClass,slave:class,finish,finish,AMapReduceTracer:@ModelClass:@ModelClass+@RemoteModelInterface:Remote:Serializable:AMapReduceTracer:PropertyChangeListener:EventListener:AMapReduceTracer:@ModelClass:Serializable:Remote:AMapReduceTracer:AMapReduceTracer:AMapReduceTracer:@ReducerClass:AMapReduceTracer:AMapReduceTracer:AMapReduceTracer:@BarrierClass:MapReduceConfiguration:AMapReduceTracer:AMapReduceTracer:@RemoteClientObjectClass+@RemoteClientObjectInterface:Remote:Serializable:AMapReduceTracer:AMapReduceTracer:Runnable:@SlaveClass,a:map:reduce:tracer:model:class:model:class:remote:model:interface:remote:a:map:reduce:tracer:property:change:listener:event:listener:a:map:reduce:tracer:model:class:remote:a:map:reduce:tracer:a:map:reduce:tracer:a:map:reduce:tracer:reducer:class:a:map:reduce:tracer:a:map:reduce:tracer:a:map:reduce:tracer:barrier:class:map:reduce:configuration:a:map:reduce:tracer:a:map:reduce:tracer:remote:client:object:class:remote:client:object:interface:remote:a:map:reduce:tracer:a:map:reduce:tracer:slave:class,key.value.KeyValueImpl,key:value:impl,@KeyValueClass,key:value:class,KeyValueImpl,key:value:impl
slave.SlaveImpl,slave:impl,@SlaveClass,slave:class,notifySlave,notify:slave,AMapReduceTracer:@ModelClass:@ModelClass+@RemoteModelInterface:Remote:Serializable:AMapReduceTracer:PropertyChangeListener:EventListener:AMapReduceTracer:@ModelClass:Serializable:Remote:AMapReduceTracer:AMapReduceTracer:AMapReduceTracer:@ReducerClass:AMapReduceTracer:AMapReduceTracer:AMapReduceTracer:@BarrierClass:MapReduceConfiguration:AMapReduceTracer:AMapReduceTracer:@RemoteClientObjectClass+@RemoteClientObjectInterface:Remote:Serializable:AMapReduceTracer:AMapReduceTracer:Runnable:@SlaveClass,a:map:reduce:tracer:model:class:model:class:remote:model:interface:remote:a:map:reduce:tracer:property:change:listener:event:listener:a:map:reduce:tracer:model:class:remote:a:map:reduce:tracer:a:map:reduce:tracer:a:map:reduce:tracer:reducer:class:a:map:reduce:tracer:a:map:reduce:tracer:a:map:reduce:tracer:barrier:class:map:reduce:configuration:a:map:reduce:tracer:a:map:reduce:tracer:remote:client:object:class:remote:client:object:interface:remote:a:map:reduce:tracer:a:map:reduce:tracer:slave:class,gradingTools.comp533s19.assignment0.AMapReduceTracer,a:map:reduce:tracer,gradingTools.comp533s19.assignment0.AMapReduceTracer,a:map:reduce:tracer,traceNotify,trace:notify
slave.SlaveImpl,slave:impl,@SlaveClass,slave:class,notifySlave,notify:slave,AMapReduceTracer:@ModelClass:@ModelClass+@RemoteModelInterface:Remote:Serializable:AMapReduceTracer:PropertyChangeListener:EventListener:AMapReduceTracer:@ModelClass:Serializable:Remote:AMapReduceTracer:AMapReduceTracer:AMapReduceTracer:@ReducerClass:AMapReduceTracer:AMapReduceTracer:AMapReduceTracer:@BarrierClass:MapReduceConfiguration:AMapReduceTracer:AMapReduceTracer:@RemoteClientObjectClass+@RemoteClientObjectInterface:Remote:Serializable:AMapReduceTracer:AMapReduceTracer:Runnable:@SlaveClass,a:map:reduce:tracer:model:class:model:class:remote:model:interface:remote:a:map:reduce:tracer:property:change:listener:event:listener:a:map:reduce:tracer:model:class:remote:a:map:reduce:tracer:a:map:reduce:tracer:a:map:reduce:tracer:reducer:class:a:map:reduce:tracer:a:map:reduce:tracer:a:map:reduce:tracer:barrier:class:map:reduce:configuration:a:map:reduce:tracer:a:map:reduce:tracer:remote:client:object:class:remote:client:object:interface:remote:a:map:reduce:tracer:a:map:reduce:tracer:slave:class,java.lang.Object,object,java.lang.Object,object,notify,notify
slave.SlaveImpl,slave:impl,@SlaveClass,slave:class,waitForBuffer,wait:for:buffer,AMapReduceTracer:@ModelClass:@ModelClass+@RemoteModelInterface:Remote:Serializable:AMapReduceTracer:PropertyChangeListener:EventListener:AMapReduceTracer:@ModelClass:Serializable:Remote:AMapReduceTracer:AMapReduceTracer:AMapReduceTracer:@ReducerClass:AMapReduceTracer:AMapReduceTracer:AMapReduceTracer:@BarrierClass:MapReduceConfiguration:AMapReduceTracer:AMapReduceTracer:@RemoteClientObjectClass+@RemoteClientObjectInterface:Remote:Serializable:AMapReduceTracer:AMapReduceTracer:Runnable:@SlaveClass,a:map:reduce:tracer:model:class:model:class:remote:model:interface:remote:a:map:reduce:tracer:property:change:listener:event:listener:a:map:reduce:tracer:model:class:remote:a:map:reduce:tracer:a:map:reduce:tracer:a:map:reduce:tracer:reducer:class:a:map:reduce:tracer:a:map:reduce:tracer:a:map:reduce:tracer:barrier:class:map:reduce:configuration:a:map:reduce:tracer:a:map:reduce:tracer:remote:client:object:class:remote:client:object:interface:remote:a:map:reduce:tracer:a:map:reduce:tracer:slave:class,gradingTools.comp533s19.assignment0.AMapReduceTracer,a:map:reduce:tracer,gradingTools.comp533s19.assignment0.AMapReduceTracer,a:map:reduce:tracer,traceWait,trace:wait
slave.SlaveImpl,slave:impl,@SlaveClass,slave:class,waitForBuffer,wait:for:buffer,AMapReduceTracer:@ModelClass:@ModelClass+@RemoteModelInterface:Remote:Serializable:AMapReduceTracer:PropertyChangeListener:EventListener:AMapReduceTracer:@ModelClass:Serializable:Remote:AMapReduceTracer:AMapReduceTracer:AMapReduceTracer:@ReducerClass:AMapReduceTracer:AMapReduceTracer:AMapReduceTracer:@BarrierClass:MapReduceConfiguration:AMapReduceTracer:AMapReduceTracer:@RemoteClientObjectClass+@RemoteClientObjectInterface:Remote:Serializable:AMapReduceTracer:AMapReduceTracer:Runnable:@SlaveClass,a:map:reduce:tracer:model:class:model:class:remote:model:interface:remote:a:map:reduce:tracer:property:change:listener:event:listener:a:map:reduce:tracer:model:class:remote:a:map:reduce:tracer:a:map:reduce:tracer:a:map:reduce:tracer:reducer:class:a:map:reduce:tracer:a:map:reduce:tracer:a:map:reduce:tracer:barrier:class:map:reduce:configuration:a:map:reduce:tracer:a:map:reduce:tracer:remote:client:object:class:remote:client:object:interface:remote:a:map:reduce:tracer:a:map:reduce:tracer:slave:class,java.lang.Object,object,java.lang.Object,object,wait,wait
slave.SlaveImpl,slave:impl,@SlaveClass,slave:class,waitForBuffer,wait:for:buffer,AMapReduceTracer:@ModelClass:@ModelClass+@RemoteModelInterface:Remote:Serializable:AMapReduceTracer:PropertyChangeListener:EventListener:AMapReduceTracer:@ModelClass:Serializable:Remote:AMapReduceTracer:AMapReduceTracer:AMapReduceTracer:@ReducerClass:AMapReduceTracer:AMapReduceTracer:AMapReduceTracer:@BarrierClass:MapReduceConfiguration:AMapReduceTracer:AMapReduceTracer:@RemoteClientObjectClass+@RemoteClientObjectInterface:Remote:Serializable:AMapReduceTracer:AMapReduceTracer:Runnable:@SlaveClass,a:map:reduce:tracer:model:class:model:class:remote:model:interface:remote:a:map:reduce:tracer:property:change:listener:event:listener:a:map:reduce:tracer:model:class:remote:a:map:reduce:tracer:a:map:reduce:tracer:a:map:reduce:tracer:reducer:class:a:map:reduce:tracer:a:map:reduce:tracer:a:map:reduce:tracer:barrier:class:map:reduce:configuration:a:map:reduce:tracer:a:map:reduce:tracer:remote:client:object:class:remote:client:object:interface:remote:a:map:reduce:tracer:a:map:reduce:tracer:slave:class,gradingTools.comp533s19.assignment0.AMapReduceTracer,a:map:reduce:tracer,gradingTools.comp533s19.assignment0.AMapReduceTracer,a:map:reduce:tracer,traceQuit,trace:quit
slave.SlaveImpl,slave:impl,@SlaveClass,slave:class,run,run,AMapReduceTracer:@ModelClass:@ModelClass+@RemoteModelInterface:Remote:Serializable:AMapReduceTracer:PropertyChangeListener:EventListener:AMapReduceTracer:@ModelClass:Serializable:Remote:AMapReduceTracer:AMapReduceTracer:AMapReduceTracer:@ReducerClass:AMapReduceTracer:AMapReduceTracer:AMapReduceTracer:@BarrierClass:MapReduceConfiguration:AMapReduceTracer:AMapReduceTracer:@RemoteClientObjectClass+@RemoteClientObjectInterface:Remote:Serializable:AMapReduceTracer:AMapReduceTracer:Runnable:@SlaveClass,a:map:reduce:tracer:model:class:model:class:remote:model:interface:remote:a:map:reduce:tracer:property:change:listener:event:listener:a:map:reduce:tracer:model:class:remote:a:map:reduce:tracer:a:map:reduce:tracer:a:map:reduce:tracer:reducer:class:a:map:reduce:tracer:a:map:reduce:tracer:a:map:reduce:tracer:barrier:class:map:reduce:configuration:a:map:reduce:tracer:a:map:reduce:tracer:remote:client:object:class:remote:client:object:interface:remote:a:map:reduce:tracer:a:map:reduce:tracer:slave:class,model.view.controller.Model,model,@ModelClass,model:class,take,take
slave.SlaveImpl,slave:impl,@SlaveClass,slave:class,run,run,AMapReduceTracer:@ModelClass:@ModelClass+@RemoteModelInterface:Remote:Serializable:AMapReduceTracer:PropertyChangeListener:EventListener:AMapReduceTracer:@ModelClass:Serializable:Remote:AMapReduceTracer:AMapReduceTracer:AMapReduceTracer:@ReducerClass:AMapReduceTracer:AMapReduceTracer:AMapReduceTracer:@BarrierClass:MapReduceConfiguration:AMapReduceTracer:AMapReduceTracer:@RemoteClientObjectClass+@RemoteClientObjectInterface:Remote:Serializable:AMapReduceTracer:AMapReduceTracer:Runnable:@SlaveClass,a:map:reduce:tracer:model:class:model:class:remote:model:interface:remote:a:map:reduce:tracer:property:change:listener:event:listener:a:map:reduce:tracer:model:class:remote:a:map:reduce:tracer:a:map:reduce:tracer:a:map:reduce:tracer:reducer:class:a:map:reduce:tracer:a:map:reduce:tracer:a:map:reduce:tracer:barrier:class:map:reduce:configuration:a:map:reduce:tracer:a:map:reduce:tracer:remote:client:object:class:remote:client:object:interface:remote:a:map:reduce:tracer:a:map:reduce:tracer:slave:class,model.view.controller.Model,model,@ModelClass,model:class,getBlockingQueue,get:blocking:queue
slave.SlaveImpl,slave:impl,@SlaveClass,slave:class,run,run,AMapReduceTracer:@ModelClass:@ModelClass+@RemoteModelInterface:Remote:Serializable:AMapReduceTracer:PropertyChangeListener:EventListener:AMapReduceTracer:@ModelClass:Serializable:Remote:AMapReduceTracer:AMapReduceTracer:AMapReduceTracer:@ReducerClass:AMapReduceTracer:AMapReduceTracer:AMapReduceTracer:@BarrierClass:MapReduceConfiguration:AMapReduceTracer:AMapReduceTracer:@RemoteClientObjectClass+@RemoteClientObjectInterface:Remote:Serializable:AMapReduceTracer:AMapReduceTracer:Runnable:@SlaveClass,a:map:reduce:tracer:model:class:model:class:remote:model:interface:remote:a:map:reduce:tracer:property:change:listener:event:listener:a:map:reduce:tracer:model:class:remote:a:map:reduce:tracer:a:map:reduce:tracer:a:map:reduce:tracer:reducer:class:a:map:reduce:tracer:a:map:reduce:tracer:a:map:reduce:tracer:barrier:class:map:reduce:configuration:a:map:reduce:tracer:a:map:reduce:tracer:remote:client:object:class:remote:client:object:interface:remote:a:map:reduce:tracer:a:map:reduce:tracer:slave:class,gradingTools.comp533s19.assignment0.AMapReduceTracer,a:map:reduce:tracer,gradingTools.comp533s19.assignment0.AMapReduceTracer,a:map:reduce:tracer,traceDequeue,trace
slave.SlaveImpl,slave:impl,@SlaveClass,slave:class,run,run,AMapReduceTracer:@ModelClass:@ModelClass+@RemoteModelInterface:Remote:Serializable:AMapReduceTracer:PropertyChangeListener:EventListener:AMapReduceTracer:@ModelClass:Serializable:Remote:AMapReduceTracer:AMapReduceTracer:AMapReduceTracer:@ReducerClass:AMapReduceTracer:AMapReduceTracer:AMapReduceTracer:@BarrierClass:MapReduceConfiguration:AMapReduceTracer:AMapReduceTracer:@RemoteClientObjectClass+@RemoteClientObjectInterface:Remote:Serializable:AMapReduceTracer:AMapReduceTracer:Runnable:@SlaveClass,a:map:reduce:tracer:model:class:model:class:remote:model:interface:remote:a:map:reduce:tracer:property:change:listener:event:listener:a:map:reduce:tracer:model:class:remote:a:map:reduce:tracer:a:map:reduce:tracer:a:map:reduce:tracer:reducer:class:a:map:reduce:tracer:a:map:reduce:tracer:a:map:reduce:tracer:barrier:class:map:reduce:configuration:a:map:reduce:tracer:a:map:reduce:tracer:remote:client:object:class:remote:client:object:interface:remote:a:map:reduce:tracer:a:map:reduce:tracer:slave:class,gradingTools.comp533s19.assignment0.AMapReduceTracer,a:map:reduce:tracer,gradingTools.comp533s19.assignment0.AMapReduceTracer,a:map:reduce:tracer,traceQuit,trace:quit
slave.SlaveImpl,slave:impl,@SlaveClass,slave:class,run,run,AMapReduceTracer:@ModelClass:@ModelClass+@RemoteModelInterface:Remote:Serializable:AMapReduceTracer:PropertyChangeListener:EventListener:AMapReduceTracer:@ModelClass:Serializable:Remote:AMapReduceTracer:AMapReduceTracer:AMapReduceTracer:@ReducerClass:AMapReduceTracer:AMapReduceTracer:AMapReduceTracer:@BarrierClass:MapReduceConfiguration:AMapReduceTracer:AMapReduceTracer:@RemoteClientObjectClass+@RemoteClientObjectInterface:Remote:Serializable:AMapReduceTracer:AMapReduceTracer:Runnable:@SlaveClass,a:map:reduce:tracer:model:class:model:class:remote:model:interface:remote:a:map:reduce:tracer:property:change:listener:event:listener:a:map:reduce:tracer:model:class:remote:a:map:reduce:tracer:a:map:reduce:tracer:a:map:reduce:tracer:reducer:class:a:map:reduce:tracer:a:map:reduce:tracer:a:map:reduce:tracer:barrier:class:map:reduce:configuration:a:map:reduce:tracer:a:map:reduce:tracer:remote:client:object:class:remote:client:object:interface:remote:a:map:reduce:tracer:a:map:reduce:tracer:slave:class,key.value.KeyValue,key:value,@KeyValueClass,key:value:class,getKey,get:key
slave.SlaveImpl,slave:impl,@SlaveClass,slave:class,run,run,AMapReduceTracer:@ModelClass:@ModelClass+@RemoteModelInterface:Remote:Serializable:AMapReduceTracer:PropertyChangeListener:EventListener:AMapReduceTracer:@ModelClass:Serializable:Remote:AMapReduceTracer:AMapReduceTracer:AMapReduceTracer:@ReducerClass:AMapReduceTracer:AMapReduceTracer:AMapReduceTracer:@BarrierClass:MapReduceConfiguration:AMapReduceTracer:AMapReduceTracer:@RemoteClientObjectClass+@RemoteClientObjectInterface:Remote:Serializable:AMapReduceTracer:AMapReduceTracer:Runnable:@SlaveClass,a:map:reduce:tracer:model:class:model:class:remote:model:interface:remote:a:map:reduce:tracer:property:change:listener:event:listener:a:map:reduce:tracer:model:class:remote:a:map:reduce:tracer:a:map:reduce:tracer:a:map:reduce:tracer:reducer:class:a:map:reduce:tracer:a:map:reduce:tracer:a:map:reduce:tracer:barrier:class:map:reduce:configuration:a:map:reduce:tracer:a:map:reduce:tracer:remote:client:object:class:remote:client:object:interface:remote:a:map:reduce:tracer:a:map:reduce:tracer:slave:class,key.value.KeyValue,key:value,@KeyValueClass,key:value:class,getValue,get:value
slave.SlaveImpl,slave:impl,@SlaveClass,slave:class,run,run,AMapReduceTracer:@ModelClass:@ModelClass+@RemoteModelInterface:Remote:Serializable:AMapReduceTracer:PropertyChangeListener:EventListener:AMapReduceTracer:@ModelClass:Serializable:Remote:AMapReduceTracer:AMapReduceTracer:AMapReduceTracer:@ReducerClass:AMapReduceTracer:AMapReduceTracer:AMapReduceTracer:@BarrierClass:MapReduceConfiguration:AMapReduceTracer:AMapReduceTracer:@RemoteClientObjectClass+@RemoteClientObjectInterface:Remote:Serializable:AMapReduceTracer:AMapReduceTracer:Runnable:@SlaveClass,a:map:reduce:tracer:model:class:model:class:remote:model:interface:remote:a:map:reduce:tracer:property:change:listener:event:listener:a:map:reduce:tracer:model:class:remote:a:map:reduce:tracer:a:map:reduce:tracer:a:map:reduce:tracer:reducer:class:a:map:reduce:tracer:a:map:reduce:tracer:a:map:reduce:tracer:barrier:class:map:reduce:configuration:a:map:reduce:tracer:a:map:reduce:tracer:remote:client:object:class:remote:client:object:interface:remote:a:map:reduce:tracer:a:map:reduce:tracer:slave:class,java.util.List,list,java.util.List,list,add,add
slave.SlaveImpl,slave:impl,@SlaveClass,slave:class,run,run,AMapReduceTracer:@ModelClass:@ModelClass+@RemoteModelInterface:Remote:Serializable:AMapReduceTracer:PropertyChangeListener:EventListener:AMapReduceTracer:@ModelClass:Serializable:Remote:AMapReduceTracer:AMapReduceTracer:AMapReduceTracer:@ReducerClass:AMapReduceTracer:AMapReduceTracer:AMapReduceTracer:@BarrierClass:MapReduceConfiguration:AMapReduceTracer:AMapReduceTracer:@RemoteClientObjectClass+@RemoteClientObjectInterface:Remote:Serializable:AMapReduceTracer:AMapReduceTracer:Runnable:@SlaveClass,a:map:reduce:tracer:model:class:model:class:remote:model:interface:remote:a:map:reduce:tracer:property:change:listener:event:listener:a:map:reduce:tracer:model:class:remote:a:map:reduce:tracer:a:map:reduce:tracer:a:map:reduce:tracer:reducer:class:a:map:reduce:tracer:a:map:reduce:tracer:a:map:reduce:tracer:barrier:class:map:reduce:configuration:a:map:reduce:tracer:a:map:reduce:tracer:remote:client:object:class:remote:client:object:interface:remote:a:map:reduce:tracer:a:map:reduce:tracer:slave:class,slave.SlaveImpl,slave:impl,@SlaveClass,slave:class,produceMap,produce:map
slave.SlaveImpl,slave:impl,@SlaveClass,slave:class,run,run,AMapReduceTracer:@ModelClass:@ModelClass+@RemoteModelInterface:Remote:Serializable:AMapReduceTracer:PropertyChangeListener:EventListener:AMapReduceTracer:@ModelClass:Serializable:Remote:AMapReduceTracer:AMapReduceTracer:AMapReduceTracer:@ReducerClass:AMapReduceTracer:AMapReduceTracer:AMapReduceTracer:@BarrierClass:MapReduceConfiguration:AMapReduceTracer:AMapReduceTracer:@RemoteClientObjectClass+@RemoteClientObjectInterface:Remote:Serializable:AMapReduceTracer:AMapReduceTracer:Runnable:@SlaveClass,a:map:reduce:tracer:model:class:model:class:remote:model:interface:remote:a:map:reduce:tracer:property:change:listener:event:listener:a:map:reduce:tracer:model:class:remote:a:map:reduce:tracer:a:map:reduce:tracer:a:map:reduce:tracer:reducer:class:a:map:reduce:tracer:a:map:reduce:tracer:a:map:reduce:tracer:barrier:class:map:reduce:configuration:a:map:reduce:tracer:a:map:reduce:tracer:remote:client:object:class:remote:client:object:interface:remote:a:map:reduce:tracer:a:map:reduce:tracer:slave:class,slave.SlaveImpl,slave:impl,@SlaveClass,slave:class,waitForBuffer,wait:for:buffer
slave.SlaveImpl,slave:impl,@SlaveClass,slave:class,clearInput,clear:input,AMapReduceTracer:@ModelClass:@ModelClass+@RemoteModelInterface:Remote:Serializable:AMapReduceTracer:PropertyChangeListener:EventListener:AMapReduceTracer:@ModelClass:Serializable:Remote:AMapReduceTracer:AMapReduceTracer:AMapReduceTracer:@ReducerClass:AMapReduceTracer:AMapReduceTracer:AMapReduceTracer:@BarrierClass:MapReduceConfiguration:AMapReduceTracer:AMapReduceTracer:@RemoteClientObjectClass+@RemoteClientObjectInterface:Remote:Serializable:AMapReduceTracer:AMapReduceTracer:Runnable:@SlaveClass,a:map:reduce:tracer:model:class:model:class:remote:model:interface:remote:a:map:reduce:tracer:property:change:listener:event:listener:a:map:reduce:tracer:model:class:remote:a:map:reduce:tracer:a:map:reduce:tracer:a:map:reduce:tracer:reducer:class:a:map:reduce:tracer:a:map:reduce:tracer:a:map:reduce:tracer:barrier:class:map:reduce:configuration:a:map:reduce:tracer:a:map:reduce:tracer:remote:client:object:class:remote:client:object:interface:remote:a:map:reduce:tracer:a:map:reduce:tracer:slave:class,java.util.List,list,java.util.List,list,clear,clear
slave.SlaveImpl,slave:impl,@SlaveClass,slave:class,addRemoteClient,add:remote:client,AMapReduceTracer:@ModelClass:@ModelClass+@RemoteModelInterface:Remote:Serializable:AMapReduceTracer:PropertyChangeListener:EventListener:AMapReduceTracer:@ModelClass:Serializable:Remote:AMapReduceTracer:AMapReduceTracer:AMapReduceTracer:@ReducerClass:AMapReduceTracer:AMapReduceTracer:AMapReduceTracer:@BarrierClass:MapReduceConfiguration:AMapReduceTracer:AMapReduceTracer:@RemoteClientObjectClass+@RemoteClientObjectInterface:Remote:Serializable:AMapReduceTracer:AMapReduceTracer:Runnable:@SlaveClass,a:map:reduce:tracer:model:class:model:class:remote:model:interface:remote:a:map:reduce:tracer:property:change:listener:event:listener:a:map:reduce:tracer:model:class:remote:a:map:reduce:tracer:a:map:reduce:tracer:a:map:reduce:tracer:reducer:class:a:map:reduce:tracer:a:map:reduce:tracer:a:map:reduce:tracer:barrier:class:map:reduce:configuration:a:map:reduce:tracer:a:map:reduce:tracer:remote:client:object:class:remote:client:object:interface:remote:a:map:reduce:tracer:a:map:reduce:tracer:slave:class,gradingTools.comp533s19.assignment0.AMapReduceTracer,a:map:reduce:tracer,gradingTools.comp533s19.assignment0.AMapReduceTracer,a:map:reduce:tracer,traceClientAssignment,trace:client:assignment
facebook.FacebookClientImpl,facebook:client:impl,FacebookClientImpl,facebook:client:impl,reduce,reduce,AMapReduceTracer:@ModelClass:@ModelClass+@RemoteModelInterface:Remote:Serializable:AMapReduceTracer:PropertyChangeListener:EventListener:AMapReduceTracer:@ModelClass:Serializable:Remote:AMapReduceTracer:AMapReduceTracer:AMapReduceTracer:@ReducerClass:AMapReduceTracer:AMapReduceTracer:AMapReduceTracer:@BarrierClass:MapReduceConfiguration:AMapReduceTracer:AMapReduceTracer:@RemoteClientObjectClass+@RemoteClientObjectInterface:Remote:Serializable:AMapReduceTracer:AMapReduceTracer:Runnable:@SlaveClass:AMapReduceTracer:Remote:Serializable,a:map:reduce:tracer:model:class:model:class:remote:model:interface:remote:a:map:reduce:tracer:property:change:listener:event:listener:a:map:reduce:tracer:model:class:remote:a:map:reduce:tracer:a:map:reduce:tracer:a:map:reduce:tracer:reducer:class:a:map:reduce:tracer:a:map:reduce:tracer:a:map:reduce:tracer:barrier:class:map:reduce:configuration:a:map:reduce:tracer:a:map:reduce:tracer:remote:client:object:class:remote:client:object:interface:remote:a:map:reduce:tracer:a:map:reduce:tracer:slave:class:a:map:reduce:tracer:remote,gradingTools.comp533s19.assignment0.AMapReduceTracer,a:map:reduce:tracer,gradingTools.comp533s19.assignment0.AMapReduceTracer,a:map:reduce:tracer,traceRemoteList,trace:remote:list
facebook.FacebookClientImpl,facebook:client:impl,FacebookClientImpl,facebook:client:impl,reduce,reduce,AMapReduceTracer:@ModelClass:@ModelClass+@RemoteModelInterface:Remote:Serializable:AMapReduceTracer:PropertyChangeListener:EventListener:AMapReduceTracer:@ModelClass:Serializable:Remote:AMapReduceTracer:AMapReduceTracer:AMapReduceTracer:@ReducerClass:AMapReduceTracer:AMapReduceTracer:AMapReduceTracer:@BarrierClass:MapReduceConfiguration:AMapReduceTracer:AMapReduceTracer:@RemoteClientObjectClass+@RemoteClientObjectInterface:Remote:Serializable:AMapReduceTracer:AMapReduceTracer:Runnable:@SlaveClass:AMapReduceTracer:Remote:Serializable,a:map:reduce:tracer:model:class:model:class:remote:model:interface:remote:a:map:reduce:tracer:property:change:listener:event:listener:a:map:reduce:tracer:model:class:remote:a:map:reduce:tracer:a:map:reduce:tracer:a:map:reduce:tracer:reducer:class:a:map:reduce:tracer:a:map:reduce:tracer:a:map:reduce:tracer:barrier:class:map:reduce:configuration:a:map:reduce:tracer:a:map:reduce:tracer:remote:client:object:class:remote:client:object:interface:remote:a:map:reduce:tracer:a:map:reduce:tracer:slave:class:a:map:reduce:tracer:remote,gradingTools.comp533s19.assignment0.AMapReduceTracer,a:map:reduce:tracer,gradingTools.comp533s19.assignment0.AMapReduceTracer,a:map:reduce:tracer,traceRemoteResult,trace:remote:result
facebook.FacebookClientImpl,facebook:client:impl,FacebookClientImpl,facebook:client:impl,quit,quit,AMapReduceTracer:@ModelClass:@ModelClass+@RemoteModelInterface:Remote:Serializable:AMapReduceTracer:PropertyChangeListener:EventListener:AMapReduceTracer:@ModelClass:Serializable:Remote:AMapReduceTracer:AMapReduceTracer:AMapReduceTracer:@ReducerClass:AMapReduceTracer:AMapReduceTracer:AMapReduceTracer:@BarrierClass:MapReduceConfiguration:AMapReduceTracer:AMapReduceTracer:@RemoteClientObjectClass+@RemoteClientObjectInterface:Remote:Serializable:AMapReduceTracer:AMapReduceTracer:Runnable:@SlaveClass:AMapReduceTracer:Remote:Serializable,a:map:reduce:tracer:model:class:model:class:remote:model:interface:remote:a:map:reduce:tracer:property:change:listener:event:listener:a:map:reduce:tracer:model:class:remote:a:map:reduce:tracer:a:map:reduce:tracer:a:map:reduce:tracer:reducer:class:a:map:reduce:tracer:a:map:reduce:tracer:a:map:reduce:tracer:barrier:class:map:reduce:configuration:a:map:reduce:tracer:a:map:reduce:tracer:remote:client:object:class:remote:client:object:interface:remote:a:map:reduce:tracer:a:map:reduce:tracer:slave:class:a:map:reduce:tracer:remote,gradingTools.comp533s19.assignment0.AMapReduceTracer,a:map:reduce:tracer,gradingTools.comp533s19.assignment0.AMapReduceTracer,a:map:reduce:tracer,traceQuit,trace:quit
facebook.FacebookClientImpl,facebook:client:impl,FacebookClientImpl,facebook:client:impl,quit,quit,AMapReduceTracer:@ModelClass:@ModelClass+@RemoteModelInterface:Remote:Serializable:AMapReduceTracer:PropertyChangeListener:EventListener:AMapReduceTracer:@ModelClass:Serializable:Remote:AMapReduceTracer:AMapReduceTracer:AMapReduceTracer:@ReducerClass:AMapReduceTracer:AMapReduceTracer:AMapReduceTracer:@BarrierClass:MapReduceConfiguration:AMapReduceTracer:AMapReduceTracer:@RemoteClientObjectClass+@RemoteClientObjectInterface:Remote:Serializable:AMapReduceTracer:AMapReduceTracer:Runnable:@SlaveClass:AMapReduceTracer:Remote:Serializable,a:map:reduce:tracer:model:class:model:class:remote:model:interface:remote:a:map:reduce:tracer:property:change:listener:event:listener:a:map:reduce:tracer:model:class:remote:a:map:reduce:tracer:a:map:reduce:tracer:a:map:reduce:tracer:reducer:class:a:map:reduce:tracer:a:map:reduce:tracer:a:map:reduce:tracer:barrier:class:map:reduce:configuration:a:map:reduce:tracer:a:map:reduce:tracer:remote:client:object:class:remote:client:object:interface:remote:a:map:reduce:tracer:a:map:reduce:tracer:slave:class:a:map:reduce:tracer:remote,gradingTools.comp533s19.assignment0.AMapReduceTracer,a:map:reduce:tracer,gradingTools.comp533s19.assignment0.AMapReduceTracer,a:map:reduce:tracer,traceNotify,trace:notify
facebook.FacebookClientImpl,facebook:client:impl,FacebookClientImpl,facebook:client:impl,quit,quit,AMapReduceTracer:@ModelClass:@ModelClass+@RemoteModelInterface:Remote:Serializable:AMapReduceTracer:PropertyChangeListener:EventListener:AMapReduceTracer:@ModelClass:Serializable:Remote:AMapReduceTracer:AMapReduceTracer:AMapReduceTracer:@ReducerClass:AMapReduceTracer:AMapReduceTracer:AMapReduceTracer:@BarrierClass:MapReduceConfiguration:AMapReduceTracer:AMapReduceTracer:@RemoteClientObjectClass+@RemoteClientObjectInterface:Remote:Serializable:AMapReduceTracer:AMapReduceTracer:Runnable:@SlaveClass:AMapReduceTracer:Remote:Serializable,a:map:reduce:tracer:model:class:model:class:remote:model:interface:remote:a:map:reduce:tracer:property:change:listener:event:listener:a:map:reduce:tracer:model:class:remote:a:map:reduce:tracer:a:map:reduce:tracer:a:map:reduce:tracer:reducer:class:a:map:reduce:tracer:a:map:reduce:tracer:a:map:reduce:tracer:barrier:class:map:reduce:configuration:a:map:reduce:tracer:a:map:reduce:tracer:remote:client:object:class:remote:client:object:interface:remote:a:map:reduce:tracer:a:map:reduce:tracer:slave:class:a:map:reduce:tracer:remote,java.lang.Object,object,java.lang.Object,object,notify,notify
facebook.FacebookClientImpl,facebook:client:impl,FacebookClientImpl,facebook:client:impl,block,block,AMapReduceTracer:@ModelClass:@ModelClass+@RemoteModelInterface:Remote:Serializable:AMapReduceTracer:PropertyChangeListener:EventListener:AMapReduceTracer:@ModelClass:Serializable:Remote:AMapReduceTracer:AMapReduceTracer:AMapReduceTracer:@ReducerClass:AMapReduceTracer:AMapReduceTracer:AMapReduceTracer:@BarrierClass:MapReduceConfiguration:AMapReduceTracer:AMapReduceTracer:@RemoteClientObjectClass+@RemoteClientObjectInterface:Remote:Serializable:AMapReduceTracer:AMapReduceTracer:Runnable:@SlaveClass:AMapReduceTracer:Remote:Serializable,a:map:reduce:tracer:model:class:model:class:remote:model:interface:remote:a:map:reduce:tracer:property:change:listener:event:listener:a:map:reduce:tracer:model:class:remote:a:map:reduce:tracer:a:map:reduce:tracer:a:map:reduce:tracer:reducer:class:a:map:reduce:tracer:a:map:reduce:tracer:a:map:reduce:tracer:barrier:class:map:reduce:configuration:a:map:reduce:tracer:a:map:reduce:tracer:remote:client:object:class:remote:client:object:interface:remote:a:map:reduce:tracer:a:map:reduce:tracer:slave:class:a:map:reduce:tracer:remote,gradingTools.comp533s19.assignment0.AMapReduceTracer,a:map:reduce:tracer,gradingTools.comp533s19.assignment0.AMapReduceTracer,a:map:reduce:tracer,traceWait,trace:wait
facebook.FacebookClientImpl,facebook:client:impl,FacebookClientImpl,facebook:client:impl,block,block,AMapReduceTracer:@ModelClass:@ModelClass+@RemoteModelInterface:Remote:Serializable:AMapReduceTracer:PropertyChangeListener:EventListener:AMapReduceTracer:@ModelClass:Serializable:Remote:AMapReduceTracer:AMapReduceTracer:AMapReduceTracer:@ReducerClass:AMapReduceTracer:AMapReduceTracer:AMapReduceTracer:@BarrierClass:MapReduceConfiguration:AMapReduceTracer:AMapReduceTracer:@RemoteClientObjectClass+@RemoteClientObjectInterface:Remote:Serializable:AMapReduceTracer:AMapReduceTracer:Runnable:@SlaveClass:AMapReduceTracer:Remote:Serializable,a:map:reduce:tracer:model:class:model:class:remote:model:interface:remote:a:map:reduce:tracer:property:change:listener:event:listener:a:map:reduce:tracer:model:class:remote:a:map:reduce:tracer:a:map:reduce:tracer:a:map:reduce:tracer:reducer:class:a:map:reduce:tracer:a:map:reduce:tracer:a:map:reduce:tracer:barrier:class:map:reduce:configuration:a:map:reduce:tracer:a:map:reduce:tracer:remote:client:object:class:remote:client:object:interface:remote:a:map:reduce:tracer:a:map:reduce:tracer:slave:class:a:map:reduce:tracer:remote,java.lang.Object,object,java.lang.Object,object,wait,wait
facebook.FacebookClientImpl,facebook:client:impl,FacebookClientImpl,facebook:client:impl,block,block,AMapReduceTracer:@ModelClass:@ModelClass+@RemoteModelInterface:Remote:Serializable:AMapReduceTracer:PropertyChangeListener:EventListener:AMapReduceTracer:@ModelClass:Serializable:Remote:AMapReduceTracer:AMapReduceTracer:AMapReduceTracer:@ReducerClass:AMapReduceTracer:AMapReduceTracer:AMapReduceTracer:@BarrierClass:MapReduceConfiguration:AMapReduceTracer:AMapReduceTracer:@RemoteClientObjectClass+@RemoteClientObjectInterface:Remote:Serializable:AMapReduceTracer:AMapReduceTracer:Runnable:@SlaveClass:AMapReduceTracer:Remote:Serializable,a:map:reduce:tracer:model:class:model:class:remote:model:interface:remote:a:map:reduce:tracer:property:change:listener:event:listener:a:map:reduce:tracer:model:class:remote:a:map:reduce:tracer:a:map:reduce:tracer:a:map:reduce:tracer:reducer:class:a:map:reduce:tracer:a:map:reduce:tracer:a:map:reduce:tracer:barrier:class:map:reduce:configuration:a:map:reduce:tracer:a:map:reduce:tracer:remote:client:object:class:remote:client:object:interface:remote:a:map:reduce:tracer:a:map:reduce:tracer:slave:class:a:map:reduce:tracer:remote,gradingTools.comp533s19.assignment0.AMapReduceTracer,a:map:reduce:tracer,gradingTools.comp533s19.assignment0.AMapReduceTracer,a:map:reduce:tracer,traceExit,trace:exit
facebook.FacebookClientImpl,facebook:client:impl,FacebookClientImpl,facebook:client:impl,block,block,AMapReduceTracer:@ModelClass:@ModelClass+@RemoteModelInterface:Remote:Serializable:AMapReduceTracer:PropertyChangeListener:EventListener:AMapReduceTracer:@ModelClass:Serializable:Remote:AMapReduceTracer:AMapReduceTracer:AMapReduceTracer:@ReducerClass:AMapReduceTracer:AMapReduceTracer:AMapReduceTracer:@BarrierClass:MapReduceConfiguration:AMapReduceTracer:AMapReduceTracer:@RemoteClientObjectClass+@RemoteClientObjectInterface:Remote:Serializable:AMapReduceTracer:AMapReduceTracer:Runnable:@SlaveClass:AMapReduceTracer:Remote:Serializable,a:map:reduce:tracer:model:class:model:class:remote:model:interface:remote:a:map:reduce:tracer:property:change:listener:event:listener:a:map:reduce:tracer:model:class:remote:a:map:reduce:tracer:a:map:reduce:tracer:a:map:reduce:tracer:reducer:class:a:map:reduce:tracer:a:map:reduce:tracer:a:map:reduce:tracer:barrier:class:map:reduce:configuration:a:map:reduce:tracer:a:map:reduce:tracer:remote:client:object:class:remote:client:object:interface:remote:a:map:reduce:tracer:a:map:reduce:tracer:slave:class:a:map:reduce:tracer:remote,java.lang.Object,object,java.lang.Object,object,getClass,get:class
facebook.FacebookClientImpl,facebook:client:impl,FacebookClientImpl,facebook:client:impl,block,block,AMapReduceTracer:@ModelClass:@ModelClass+@RemoteModelInterface:Remote:Serializable:AMapReduceTracer:PropertyChangeListener:EventListener:AMapReduceTracer:@ModelClass:Serializable:Remote:AMapReduceTracer:AMapReduceTracer:AMapReduceTracer:@ReducerClass:AMapReduceTracer:AMapReduceTracer:AMapReduceTracer:@BarrierClass:MapReduceConfiguration:AMapReduceTracer:AMapReduceTracer:@RemoteClientObjectClass+@RemoteClientObjectInterface:Remote:Serializable:AMapReduceTracer:AMapReduceTracer:Runnable:@SlaveClass:AMapReduceTracer:Remote:Serializable,a:map:reduce:tracer:model:class:model:class:remote:model:interface:remote:a:map:reduce:tracer:property:change:listener:event:listener:a:map:reduce:tracer:model:class:remote:a:map:reduce:tracer:a:map:reduce:tracer:a:map:reduce:tracer:reducer:class:a:map:reduce:tracer:a:map:reduce:tracer:a:map:reduce:tracer:barrier:class:map:reduce:configuration:a:map:reduce:tracer:a:map:reduce:tracer:remote:client:object:class:remote:client:object:interface:remote:a:map:reduce:tracer:a:map:reduce:tracer:slave:class:a:map:reduce:tracer:remote,System,system,java.lang.System,system,exit,exit
facebook.FacebookClientImpl,facebook:client:impl,FacebookClientImpl,facebook:client:impl,block,block,AMapReduceTracer:@ModelClass:@ModelClass+@RemoteModelInterface:Remote:Serializable:AMapReduceTracer:PropertyChangeListener:EventListener:AMapReduceTracer:@ModelClass:Serializable:Remote:AMapReduceTracer:AMapReduceTracer:AMapReduceTracer:@ReducerClass:AMapReduceTracer:AMapReduceTracer:AMapReduceTracer:@BarrierClass:MapReduceConfiguration:AMapReduceTracer:AMapReduceTracer:@RemoteClientObjectClass+@RemoteClientObjectInterface:Remote:Serializable:AMapReduceTracer:AMapReduceTracer:Runnable:@SlaveClass:AMapReduceTracer:Remote:Serializable,a:map:reduce:tracer:model:class:model:class:remote:model:interface:remote:a:map:reduce:tracer:property:change:listener:event:listener:a:map:reduce:tracer:model:class:remote:a:map:reduce:tracer:a:map:reduce:tracer:a:map:reduce:tracer:reducer:class:a:map:reduce:tracer:a:map:reduce:tracer:a:map:reduce:tracer:barrier:class:map:reduce:configuration:a:map:reduce:tracer:a:map:reduce:tracer:remote:client:object:class:remote:client:object:interface:remote:a:map:reduce:tracer:a:map:reduce:tracer:slave:class:a:map:reduce:tracer:remote,java.io.PrintStream,print:stream,java.io.PrintStream,print:stream,println,none
facebook.FacebookClientImpl,facebook:client:impl,FacebookClientImpl,facebook:client:impl,block,block,AMapReduceTracer:@ModelClass:@ModelClass+@RemoteModelInterface:Remote:Serializable:AMapReduceTracer:PropertyChangeListener:EventListener:AMapReduceTracer:@ModelClass:Serializable:Remote:AMapReduceTracer:AMapReduceTracer:AMapReduceTracer:@ReducerClass:AMapReduceTracer:AMapReduceTracer:AMapReduceTracer:@BarrierClass:MapReduceConfiguration:AMapReduceTracer:AMapReduceTracer:@RemoteClientObjectClass+@RemoteClientObjectInterface:Remote:Serializable:AMapReduceTracer:AMapReduceTracer:Runnable:@SlaveClass:AMapReduceTracer:Remote:Serializable,a:map:reduce:tracer:model:class:model:class:remote:model:interface:remote:a:map:reduce:tracer:property:change:listener:event:listener:a:map:reduce:tracer:model:class:remote:a:map:reduce:tracer:a:map:reduce:tracer:a:map:reduce:tracer:reducer:class:a:map:reduce:tracer:a:map:reduce:tracer:a:map:reduce:tracer:barrier:class:map:reduce:configuration:a:map:reduce:tracer:a:map:reduce:tracer:remote:client:object:class:remote:client:object:interface:remote:a:map:reduce:tracer:a:map:reduce:tracer:slave:class:a:map:reduce:tracer:remote,InterruptedException,interrupted:exception,java.lang.InterruptedException,interrupted:exception,getMessage,get:message
facebook.FacebookClientImpl,facebook:client:impl,FacebookClientImpl,facebook:client:impl,block,block,AMapReduceTracer:@ModelClass:@ModelClass+@RemoteModelInterface:Remote:Serializable:AMapReduceTracer:PropertyChangeListener:EventListener:AMapReduceTracer:@ModelClass:Serializable:Remote:AMapReduceTracer:AMapReduceTracer:AMapReduceTracer:@ReducerClass:AMapReduceTracer:AMapReduceTracer:AMapReduceTracer:@BarrierClass:MapReduceConfiguration:AMapReduceTracer:AMapReduceTracer:@RemoteClientObjectClass+@RemoteClientObjectInterface:Remote:Serializable:AMapReduceTracer:AMapReduceTracer:Runnable:@SlaveClass:AMapReduceTracer:Remote:Serializable,a:map:reduce:tracer:model:class:model:class:remote:model:interface:remote:a:map:reduce:tracer:property:change:listener:event:listener:a:map:reduce:tracer:model:class:remote:a:map:reduce:tracer:a:map:reduce:tracer:a:map:reduce:tracer:reducer:class:a:map:reduce:tracer:a:map:reduce:tracer:a:map:reduce:tracer:barrier:class:map:reduce:configuration:a:map:reduce:tracer:a:map:reduce:tracer:remote:client:object:class:remote:client:object:interface:remote:a:map:reduce:tracer:a:map:reduce:tracer:slave:class:a:map:reduce:tracer:remote,InterruptedException,interrupted:exception,java.lang.InterruptedException,interrupted:exception,printStackTrace,print:stack:trace
facebook.MainFacebookClient,main:facebook:client,@RemoteClientFacebookMapReduce,remote:client:facebook:map:reduce,main,main,AMapReduceTracer:@ModelClass:@ModelClass+@RemoteModelInterface:Remote:Serializable:AMapReduceTracer:PropertyChangeListener:EventListener:AMapReduceTracer:@ModelClass:Serializable:Remote:AMapReduceTracer:AMapReduceTracer:AMapReduceTracer:@ReducerClass:AMapReduceTracer:AMapReduceTracer:AMapReduceTracer:@BarrierClass:MapReduceConfiguration:AMapReduceTracer:AMapReduceTracer:@RemoteClientObjectClass+@RemoteClientObjectInterface:Remote:Serializable:AMapReduceTracer:AMapReduceTracer:Runnable:@SlaveClass:AMapReduceTracer:Remote:Serializable,a:map:reduce:tracer:model:class:model:class:remote:model:interface:remote:a:map:reduce:tracer:property:change:listener:event:listener:a:map:reduce:tracer:model:class:remote:a:map:reduce:tracer:a:map:reduce:tracer:a:map:reduce:tracer:reducer:class:a:map:reduce:tracer:a:map:reduce:tracer:a:map:reduce:tracer:barrier:class:map:reduce:configuration:a:map:reduce:tracer:a:map:reduce:tracer:remote:client:object:class:remote:client:object:interface:remote:a:map:reduce:tracer:a:map:reduce:tracer:slave:class:a:map:reduce:tracer:remote,java.rmi.registry.LocateRegistry,locate:registry,java.rmi.registry.LocateRegistry,locate:registry,getRegistry,get:registry
facebook.MainFacebookClient,main:facebook:client,@RemoteClientFacebookMapReduce,remote:client:facebook:map:reduce,main,main,AMapReduceTracer:@ModelClass:@ModelClass+@RemoteModelInterface:Remote:Serializable:AMapReduceTracer:PropertyChangeListener:EventListener:AMapReduceTracer:@ModelClass:Serializable:Remote:AMapReduceTracer:AMapReduceTracer:AMapReduceTracer:@ReducerClass:AMapReduceTracer:AMapReduceTracer:AMapReduceTracer:@BarrierClass:MapReduceConfiguration:AMapReduceTracer:AMapReduceTracer:@RemoteClientObjectClass+@RemoteClientObjectInterface:Remote:Serializable:AMapReduceTracer:AMapReduceTracer:Runnable:@SlaveClass:AMapReduceTracer:Remote:Serializable,a:map:reduce:tracer:model:class:model:class:remote:model:interface:remote:a:map:reduce:tracer:property:change:listener:event:listener:a:map:reduce:tracer:model:class:remote:a:map:reduce:tracer:a:map:reduce:tracer:a:map:reduce:tracer:reducer:class:a:map:reduce:tracer:a:map:reduce:tracer:a:map:reduce:tracer:barrier:class:map:reduce:configuration:a:map:reduce:tracer:a:map:reduce:tracer:remote:client:object:class:remote:client:object:interface:remote:a:map:reduce:tracer:a:map:reduce:tracer:slave:class:a:map:reduce:tracer:remote,java.rmi.registry.Registry,registry,java.rmi.registry.Registry,registry,lookup,none
facebook.MainFacebookClient,main:facebook:client,@RemoteClientFacebookMapReduce,remote:client:facebook:map:reduce,main,main,AMapReduceTracer:@ModelClass:@ModelClass+@RemoteModelInterface:Remote:Serializable:AMapReduceTracer:PropertyChangeListener:EventListener:AMapReduceTracer:@ModelClass:Serializable:Remote:AMapReduceTracer:AMapReduceTracer:AMapReduceTracer:@ReducerClass:AMapReduceTracer:AMapReduceTracer:AMapReduceTracer:@BarrierClass:MapReduceConfiguration:AMapReduceTracer:AMapReduceTracer:@RemoteClientObjectClass+@RemoteClientObjectInterface:Remote:Serializable:AMapReduceTracer:AMapReduceTracer:Runnable:@SlaveClass:AMapReduceTracer:Remote:Serializable,a:map:reduce:tracer:model:class:model:class:remote:model:interface:remote:a:map:reduce:tracer:property:change:listener:event:listener:a:map:reduce:tracer:model:class:remote:a:map:reduce:tracer:a:map:reduce:tracer:a:map:reduce:tracer:reducer:class:a:map:reduce:tracer:a:map:reduce:tracer:a:map:reduce:tracer:barrier:class:map:reduce:configuration:a:map:reduce:tracer:a:map:reduce:tracer:remote:client:object:class:remote:client:object:interface:remote:a:map:reduce:tracer:a:map:reduce:tracer:slave:class:a:map:reduce:tracer:remote,java.rmi.server.UnicastRemoteObject,remote:object,java.rmi.server.UnicastRemoteObject,remote:object,exportObject,export:object
facebook.MainFacebookClient,main:facebook:client,@RemoteClientFacebookMapReduce,remote:client:facebook:map:reduce,main,main,AMapReduceTracer:@ModelClass:@ModelClass+@RemoteModelInterface:Remote:Serializable:AMapReduceTracer:PropertyChangeListener:EventListener:AMapReduceTracer:@ModelClass:Serializable:Remote:AMapReduceTracer:AMapReduceTracer:AMapReduceTracer:@ReducerClass:AMapReduceTracer:AMapReduceTracer:AMapReduceTracer:@BarrierClass:MapReduceConfiguration:AMapReduceTracer:AMapReduceTracer:@RemoteClientObjectClass+@RemoteClientObjectInterface:Remote:Serializable:AMapReduceTracer:AMapReduceTracer:Runnable:@SlaveClass:AMapReduceTracer:Remote:Serializable,a:map:reduce:tracer:model:class:model:class:remote:model:interface:remote:a:map:reduce:tracer:property:change:listener:event:listener:a:map:reduce:tracer:model:class:remote:a:map:reduce:tracer:a:map:reduce:tracer:a:map:reduce:tracer:reducer:class:a:map:reduce:tracer:a:map:reduce:tracer:a:map:reduce:tracer:barrier:class:map:reduce:configuration:a:map:reduce:tracer:a:map:reduce:tracer:remote:client:object:class:remote:client:object:interface:remote:a:map:reduce:tracer:a:map:reduce:tracer:slave:class:a:map:reduce:tracer:remote,java.rmi.RemoteException,remote:exception,java.rmi.RemoteException,remote:exception,printStackTrace,print:stack:trace
comp533.partitioner.PartitionerImpl,partitioner:impl,@PartitionerClass,partitioner:class,getPartition,get:partition,AMapReduceTracer:@ModelClass:@ModelClass+@RemoteModelInterface:Remote:Serializable:AMapReduceTracer:PropertyChangeListener:EventListener:AMapReduceTracer:@ModelClass:Serializable:Remote:AMapReduceTracer:AMapReduceTracer:AMapReduceTracer:@ReducerClass:AMapReduceTracer:AMapReduceTracer:AMapReduceTracer:@BarrierClass:MapReduceConfiguration:AMapReduceTracer:AMapReduceTracer:@RemoteClientObjectClass+@RemoteClientObjectInterface:Remote:Serializable:AMapReduceTracer:AMapReduceTracer:Runnable:@SlaveClass:AMapReduceTracer:Remote:Serializable:AMapReduceTracer:@PartitionerClass,a:map:reduce:tracer:model:class:model:class:remote:model:interface:remote:a:map:reduce:tracer:property:change:listener:event:listener:a:map:reduce:tracer:model:class:remote:a:map:reduce:tracer:a:map:reduce:tracer:a:map:reduce:tracer:reducer:class:a:map:reduce:tracer:a:map:reduce:tracer:a:map:reduce:tracer:barrier:class:map:reduce:configuration:a:map:reduce:tracer:a:map:reduce:tracer:remote:client:object:class:remote:client:object:interface:remote:a:map:reduce:tracer:a:map:reduce:tracer:slave:class:a:map:reduce:tracer:remote:a:map:reduce:tracer:partitioner:class,String,string,java.lang.String,string,charAt,char:at
comp533.partitioner.PartitionerImpl,partitioner:impl,@PartitionerClass,partitioner:class,getPartition,get:partition,AMapReduceTracer:@ModelClass:@ModelClass+@RemoteModelInterface:Remote:Serializable:AMapReduceTracer:PropertyChangeListener:EventListener:AMapReduceTracer:@ModelClass:Serializable:Remote:AMapReduceTracer:AMapReduceTracer:AMapReduceTracer:@ReducerClass:AMapReduceTracer:AMapReduceTracer:AMapReduceTracer:@BarrierClass:MapReduceConfiguration:AMapReduceTracer:AMapReduceTracer:@RemoteClientObjectClass+@RemoteClientObjectInterface:Remote:Serializable:AMapReduceTracer:AMapReduceTracer:Runnable:@SlaveClass:AMapReduceTracer:Remote:Serializable:AMapReduceTracer:@PartitionerClass,a:map:reduce:tracer:model:class:model:class:remote:model:interface:remote:a:map:reduce:tracer:property:change:listener:event:listener:a:map:reduce:tracer:model:class:remote:a:map:reduce:tracer:a:map:reduce:tracer:a:map:reduce:tracer:reducer:class:a:map:reduce:tracer:a:map:reduce:tracer:a:map:reduce:tracer:barrier:class:map:reduce:configuration:a:map:reduce:tracer:a:map:reduce:tracer:remote:client:object:class:remote:client:object:interface:remote:a:map:reduce:tracer:a:map:reduce:tracer:slave:class:a:map:reduce:tracer:remote:a:map:reduce:tracer:partitioner:class,Character,character,java.lang.Character,character,isLetter,is:letter
comp533.partitioner.PartitionerImpl,partitioner:impl,@PartitionerClass,partitioner:class,getPartition,get:partition,AMapReduceTracer:@ModelClass:@ModelClass+@RemoteModelInterface:Remote:Serializable:AMapReduceTracer:PropertyChangeListener:EventListener:AMapReduceTracer:@ModelClass:Serializable:Remote:AMapReduceTracer:AMapReduceTracer:AMapReduceTracer:@ReducerClass:AMapReduceTracer:AMapReduceTracer:AMapReduceTracer:@BarrierClass:MapReduceConfiguration:AMapReduceTracer:AMapReduceTracer:@RemoteClientObjectClass+@RemoteClientObjectInterface:Remote:Serializable:AMapReduceTracer:AMapReduceTracer:Runnable:@SlaveClass:AMapReduceTracer:Remote:Serializable:AMapReduceTracer:@PartitionerClass,a:map:reduce:tracer:model:class:model:class:remote:model:interface:remote:a:map:reduce:tracer:property:change:listener:event:listener:a:map:reduce:tracer:model:class:remote:a:map:reduce:tracer:a:map:reduce:tracer:a:map:reduce:tracer:reducer:class:a:map:reduce:tracer:a:map:reduce:tracer:a:map:reduce:tracer:barrier:class:map:reduce:configuration:a:map:reduce:tracer:a:map:reduce:tracer:remote:client:object:class:remote:client:object:interface:remote:a:map:reduce:tracer:a:map:reduce:tracer:slave:class:a:map:reduce:tracer:remote:a:map:reduce:tracer:partitioner:class,Character,character,java.lang.Character,character,toLowerCase,to:lower:case
comp533.partitioner.PartitionerImpl,partitioner:impl,@PartitionerClass,partitioner:class,getPartition,get:partition,AMapReduceTracer:@ModelClass:@ModelClass+@RemoteModelInterface:Remote:Serializable:AMapReduceTracer:PropertyChangeListener:EventListener:AMapReduceTracer:@ModelClass:Serializable:Remote:AMapReduceTracer:AMapReduceTracer:AMapReduceTracer:@ReducerClass:AMapReduceTracer:AMapReduceTracer:AMapReduceTracer:@BarrierClass:MapReduceConfiguration:AMapReduceTracer:AMapReduceTracer:@RemoteClientObjectClass+@RemoteClientObjectInterface:Remote:Serializable:AMapReduceTracer:AMapReduceTracer:Runnable:@SlaveClass:AMapReduceTracer:Remote:Serializable:AMapReduceTracer:@PartitionerClass,a:map:reduce:tracer:model:class:model:class:remote:model:interface:remote:a:map:reduce:tracer:property:change:listener:event:listener:a:map:reduce:tracer:model:class:remote:a:map:reduce:tracer:a:map:reduce:tracer:a:map:reduce:tracer:reducer:class:a:map:reduce:tracer:a:map:reduce:tracer:a:map:reduce:tracer:barrier:class:map:reduce:configuration:a:map:reduce:tracer:a:map:reduce:tracer:remote:client:object:class:remote:client:object:interface:remote:a:map:reduce:tracer:a:map:reduce:tracer:slave:class:a:map:reduce:tracer:remote:a:map:reduce:tracer:partitioner:class,Math,math,java.lang.Math,math,ceil,none
comp533.partitioner.PartitionerImpl,partitioner:impl,@PartitionerClass,partitioner:class,getPartition,get:partition,AMapReduceTracer:@ModelClass:@ModelClass+@RemoteModelInterface:Remote:Serializable:AMapReduceTracer:PropertyChangeListener:EventListener:AMapReduceTracer:@ModelClass:Serializable:Remote:AMapReduceTracer:AMapReduceTracer:AMapReduceTracer:@ReducerClass:AMapReduceTracer:AMapReduceTracer:AMapReduceTracer:@BarrierClass:MapReduceConfiguration:AMapReduceTracer:AMapReduceTracer:@RemoteClientObjectClass+@RemoteClientObjectInterface:Remote:Serializable:AMapReduceTracer:AMapReduceTracer:Runnable:@SlaveClass:AMapReduceTracer:Remote:Serializable:AMapReduceTracer:@PartitionerClass,a:map:reduce:tracer:model:class:model:class:remote:model:interface:remote:a:map:reduce:tracer:property:change:listener:event:listener:a:map:reduce:tracer:model:class:remote:a:map:reduce:tracer:a:map:reduce:tracer:a:map:reduce:tracer:reducer:class:a:map:reduce:tracer:a:map:reduce:tracer:a:map:reduce:tracer:barrier:class:map:reduce:configuration:a:map:reduce:tracer:a:map:reduce:tracer:remote:client:object:class:remote:client:object:interface:remote:a:map:reduce:tracer:a:map:reduce:tracer:slave:class:a:map:reduce:tracer:remote:a:map:reduce:tracer:partitioner:class,Math,math,java.lang.Math,math,floor,floor
comp533.partitioner.PartitionerImpl,partitioner:impl,@PartitionerClass,partitioner:class,getPartition,get:partition,AMapReduceTracer:@ModelClass:@ModelClass+@RemoteModelInterface:Remote:Serializable:AMapReduceTracer:PropertyChangeListener:EventListener:AMapReduceTracer:@ModelClass:Serializable:Remote:AMapReduceTracer:AMapReduceTracer:AMapReduceTracer:@ReducerClass:AMapReduceTracer:AMapReduceTracer:AMapReduceTracer:@BarrierClass:MapReduceConfiguration:AMapReduceTracer:AMapReduceTracer:@RemoteClientObjectClass+@RemoteClientObjectInterface:Remote:Serializable:AMapReduceTracer:AMapReduceTracer:Runnable:@SlaveClass:AMapReduceTracer:Remote:Serializable:AMapReduceTracer:@PartitionerClass,a:map:reduce:tracer:model:class:model:class:remote:model:interface:remote:a:map:reduce:tracer:property:change:listener:event:listener:a:map:reduce:tracer:model:class:remote:a:map:reduce:tracer:a:map:reduce:tracer:a:map:reduce:tracer:reducer:class:a:map:reduce:tracer:a:map:reduce:tracer:a:map:reduce:tracer:barrier:class:map:reduce:configuration:a:map:reduce:tracer:a:map:reduce:tracer:remote:client:object:class:remote:client:object:interface:remote:a:map:reduce:tracer:a:map:reduce:tracer:slave:class:a:map:reduce:tracer:remote:a:map:reduce:tracer:partitioner:class,gradingTools.comp533s19.assignment0.AMapReduceTracer,a:map:reduce:tracer,gradingTools.comp533s19.assignment0.AMapReduceTracer,a:map:reduce:tracer,tracePartitionAssigned,trace:partition:assigned
comp533.partitioner.PartitionerImpl,partitioner:impl,@PartitionerClass,partitioner:class,getPartition,get:partition,AMapReduceTracer:@ModelClass:@ModelClass+@RemoteModelInterface:Remote:Serializable:AMapReduceTracer:PropertyChangeListener:EventListener:AMapReduceTracer:@ModelClass:Serializable:Remote:AMapReduceTracer:AMapReduceTracer:AMapReduceTracer:@ReducerClass:AMapReduceTracer:AMapReduceTracer:AMapReduceTracer:@BarrierClass:MapReduceConfiguration:AMapReduceTracer:AMapReduceTracer:@RemoteClientObjectClass+@RemoteClientObjectInterface:Remote:Serializable:AMapReduceTracer:AMapReduceTracer:Runnable:@SlaveClass:AMapReduceTracer:Remote:Serializable:AMapReduceTracer:@PartitionerClass,a:map:reduce:tracer:model:class:model:class:remote:model:interface:remote:a:map:reduce:tracer:property:change:listener:event:listener:a:map:reduce:tracer:model:class:remote:a:map:reduce:tracer:a:map:reduce:tracer:a:map:reduce:tracer:reducer:class:a:map:reduce:tracer:a:map:reduce:tracer:a:map:reduce:tracer:barrier:class:map:reduce:configuration:a:map:reduce:tracer:a:map:reduce:tracer:remote:client:object:class:remote:client:object:interface:remote:a:map:reduce:tracer:a:map:reduce:tracer:slave:class:a:map:reduce:tracer:remote:a:map:reduce:tracer:partitioner:class,gradingTools.comp533s19.assignment0.AMapReduceTracer,a:map:reduce:tracer,gradingTools.comp533s19.assignment0.AMapReduceTracer,a:map:reduce:tracer,tracePartitionAssigned,trace:partition:assigned
sum.mapper.MapperSumFactory,mapper:sum:factory,MapperSumFactory,mapper:sum:factory,setMapperSum,set:mapper:sum,AMapReduceTracer:@ModelClass:@ModelClass+@RemoteModelInterface:Remote:Serializable:AMapReduceTracer:PropertyChangeListener:EventListener:AMapReduceTracer:@ModelClass:Serializable:Remote:AMapReduceTracer:AMapReduceTracer:AMapReduceTracer:@ReducerClass:AMapReduceTracer:AMapReduceTracer:AMapReduceTracer:@BarrierClass:MapReduceConfiguration:AMapReduceTracer:AMapReduceTracer:@RemoteClientObjectClass+@RemoteClientObjectInterface:Remote:Serializable:AMapReduceTracer:AMapReduceTracer:Runnable:@SlaveClass:AMapReduceTracer:Remote:Serializable:AMapReduceTracer:@PartitionerClass:AMapReduceTracer,a:map:reduce:tracer:model:class:model:class:remote:model:interface:remote:a:map:reduce:tracer:property:change:listener:event:listener:a:map:reduce:tracer:model:class:remote:a:map:reduce:tracer:a:map:reduce:tracer:a:map:reduce:tracer:reducer:class:a:map:reduce:tracer:a:map:reduce:tracer:a:map:reduce:tracer:barrier:class:map:reduce:configuration:a:map:reduce:tracer:a:map:reduce:tracer:remote:client:object:class:remote:client:object:interface:remote:a:map:reduce:tracer:a:map:reduce:tracer:slave:class:a:map:reduce:tracer:remote:a:map:reduce:tracer:partitioner:class:a:map:reduce:tracer,comp533.assignment.mapper.SumMapperImpl,sum:mapper:impl,@IntSummingMapperClass,int:summing:mapper:class,SumMapperImpl,sum:mapper:impl
sum.mapper.MapperSumFactory,mapper:sum:factory,MapperSumFactory,mapper:sum:factory,setMapperSum,set:mapper:sum,AMapReduceTracer:@ModelClass:@ModelClass+@RemoteModelInterface:Remote:Serializable:AMapReduceTracer:PropertyChangeListener:EventListener:AMapReduceTracer:@ModelClass:Serializable:Remote:AMapReduceTracer:AMapReduceTracer:AMapReduceTracer:@ReducerClass:AMapReduceTracer:AMapReduceTracer:AMapReduceTracer:@BarrierClass:MapReduceConfiguration:AMapReduceTracer:AMapReduceTracer:@RemoteClientObjectClass+@RemoteClientObjectInterface:Remote:Serializable:AMapReduceTracer:AMapReduceTracer:Runnable:@SlaveClass:AMapReduceTracer:Remote:Serializable:AMapReduceTracer:@PartitionerClass:AMapReduceTracer,a:map:reduce:tracer:model:class:model:class:remote:model:interface:remote:a:map:reduce:tracer:property:change:listener:event:listener:a:map:reduce:tracer:model:class:remote:a:map:reduce:tracer:a:map:reduce:tracer:a:map:reduce:tracer:reducer:class:a:map:reduce:tracer:a:map:reduce:tracer:a:map:reduce:tracer:barrier:class:map:reduce:configuration:a:map:reduce:tracer:a:map:reduce:tracer:remote:client:object:class:remote:client:object:interface:remote:a:map:reduce:tracer:a:map:reduce:tracer:slave:class:a:map:reduce:tracer:remote:a:map:reduce:tracer:partitioner:class:a:map:reduce:tracer,gradingTools.comp533s19.assignment0.AMapReduceTracer,a:map:reduce:tracer,gradingTools.comp533s19.assignment0.AMapReduceTracer,a:map:reduce:tracer,traceSingletonChange,trace:singleton:change
sum.mapper.MapperSumFactory,mapper:sum:factory,MapperSumFactory,mapper:sum:factory,setMapper,set:mapper,AMapReduceTracer:@ModelClass:@ModelClass+@RemoteModelInterface:Remote:Serializable:AMapReduceTracer:PropertyChangeListener:EventListener:AMapReduceTracer:@ModelClass:Serializable:Remote:AMapReduceTracer:AMapReduceTracer:AMapReduceTracer:@ReducerClass:AMapReduceTracer:AMapReduceTracer:AMapReduceTracer:@BarrierClass:MapReduceConfiguration:AMapReduceTracer:AMapReduceTracer:@RemoteClientObjectClass+@RemoteClientObjectInterface:Remote:Serializable:AMapReduceTracer:AMapReduceTracer:Runnable:@SlaveClass:AMapReduceTracer:Remote:Serializable:AMapReduceTracer:@PartitionerClass:AMapReduceTracer,a:map:reduce:tracer:model:class:model:class:remote:model:interface:remote:a:map:reduce:tracer:property:change:listener:event:listener:a:map:reduce:tracer:model:class:remote:a:map:reduce:tracer:a:map:reduce:tracer:a:map:reduce:tracer:reducer:class:a:map:reduce:tracer:a:map:reduce:tracer:a:map:reduce:tracer:barrier:class:map:reduce:configuration:a:map:reduce:tracer:a:map:reduce:tracer:remote:client:object:class:remote:client:object:interface:remote:a:map:reduce:tracer:a:map:reduce:tracer:slave:class:a:map:reduce:tracer:remote:a:map:reduce:tracer:partitioner:class:a:map:reduce:tracer,mapper.factory.MapperFactory,mapper:factory,@MapperFactory,mapper:factory,traceSingletonChange,trace:singleton:change
comp533.joiner.JoinerImpl,joiner:impl,@JoinerClass,joiner:class,finished,finished,AMapReduceTracer:@ModelClass:@ModelClass+@RemoteModelInterface:Remote:Serializable:AMapReduceTracer:PropertyChangeListener:EventListener:AMapReduceTracer:@ModelClass:Serializable:Remote:AMapReduceTracer:AMapReduceTracer:AMapReduceTracer:@ReducerClass:AMapReduceTracer:AMapReduceTracer:AMapReduceTracer:@BarrierClass:MapReduceConfiguration:AMapReduceTracer:AMapReduceTracer:@RemoteClientObjectClass+@RemoteClientObjectInterface:Remote:Serializable:AMapReduceTracer:AMapReduceTracer:Runnable:@SlaveClass:AMapReduceTracer:Remote:Serializable:AMapReduceTracer:@PartitionerClass:AMapReduceTracer:AMapReduceTracer:@JoinerClass,a:map:reduce:tracer:model:class:model:class:remote:model:interface:remote:a:map:reduce:tracer:property:change:listener:event:listener:a:map:reduce:tracer:model:class:remote:a:map:reduce:tracer:a:map:reduce:tracer:a:map:reduce:tracer:reducer:class:a:map:reduce:tracer:a:map:reduce:tracer:a:map:reduce:tracer:barrier:class:map:reduce:configuration:a:map:reduce:tracer:a:map:reduce:tracer:remote:client:object:class:remote:client:object:interface:remote:a:map:reduce:tracer:a:map:reduce:tracer:slave:class:a:map:reduce:tracer:remote:a:map:reduce:tracer:partitioner:class:a:map:reduce:tracer:a:map:reduce:tracer:joiner:class,gradingTools.comp533s19.assignment0.AMapReduceTracer,a:map:reduce:tracer,gradingTools.comp533s19.assignment0.AMapReduceTracer,a:map:reduce:tracer,traceJoinerFinishedTask,trace:joiner:finished:task
comp533.joiner.JoinerImpl,joiner:impl,@JoinerClass,joiner:class,finished,finished,AMapReduceTracer:@ModelClass:@ModelClass+@RemoteModelInterface:Remote:Serializable:AMapReduceTracer:PropertyChangeListener:EventListener:AMapReduceTracer:@ModelClass:Serializable:Remote:AMapReduceTracer:AMapReduceTracer:AMapReduceTracer:@ReducerClass:AMapReduceTracer:AMapReduceTracer:AMapReduceTracer:@BarrierClass:MapReduceConfiguration:AMapReduceTracer:AMapReduceTracer:@RemoteClientObjectClass+@RemoteClientObjectInterface:Remote:Serializable:AMapReduceTracer:AMapReduceTracer:Runnable:@SlaveClass:AMapReduceTracer:Remote:Serializable:AMapReduceTracer:@PartitionerClass:AMapReduceTracer:AMapReduceTracer:@JoinerClass,a:map:reduce:tracer:model:class:model:class:remote:model:interface:remote:a:map:reduce:tracer:property:change:listener:event:listener:a:map:reduce:tracer:model:class:remote:a:map:reduce:tracer:a:map:reduce:tracer:a:map:reduce:tracer:reducer:class:a:map:reduce:tracer:a:map:reduce:tracer:a:map:reduce:tracer:barrier:class:map:reduce:configuration:a:map:reduce:tracer:a:map:reduce:tracer:remote:client:object:class:remote:client:object:interface:remote:a:map:reduce:tracer:a:map:reduce:tracer:slave:class:a:map:reduce:tracer:remote:a:map:reduce:tracer:partitioner:class:a:map:reduce:tracer:a:map:reduce:tracer:joiner:class,gradingTools.comp533s19.assignment0.AMapReduceTracer,a:map:reduce:tracer,gradingTools.comp533s19.assignment0.AMapReduceTracer,a:map:reduce:tracer,traceNotify,trace:notify
comp533.joiner.JoinerImpl,joiner:impl,@JoinerClass,joiner:class,finished,finished,AMapReduceTracer:@ModelClass:@ModelClass+@RemoteModelInterface:Remote:Serializable:AMapReduceTracer:PropertyChangeListener:EventListener:AMapReduceTracer:@ModelClass:Serializable:Remote:AMapReduceTracer:AMapReduceTracer:AMapReduceTracer:@ReducerClass:AMapReduceTracer:AMapReduceTracer:AMapReduceTracer:@BarrierClass:MapReduceConfiguration:AMapReduceTracer:AMapReduceTracer:@RemoteClientObjectClass+@RemoteClientObjectInterface:Remote:Serializable:AMapReduceTracer:AMapReduceTracer:Runnable:@SlaveClass:AMapReduceTracer:Remote:Serializable:AMapReduceTracer:@PartitionerClass:AMapReduceTracer:AMapReduceTracer:@JoinerClass,a:map:reduce:tracer:model:class:model:class:remote:model:interface:remote:a:map:reduce:tracer:property:change:listener:event:listener:a:map:reduce:tracer:model:class:remote:a:map:reduce:tracer:a:map:reduce:tracer:a:map:reduce:tracer:reducer:class:a:map:reduce:tracer:a:map:reduce:tracer:a:map:reduce:tracer:barrier:class:map:reduce:configuration:a:map:reduce:tracer:a:map:reduce:tracer:remote:client:object:class:remote:client:object:interface:remote:a:map:reduce:tracer:a:map:reduce:tracer:slave:class:a:map:reduce:tracer:remote:a:map:reduce:tracer:partitioner:class:a:map:reduce:tracer:a:map:reduce:tracer:joiner:class,java.lang.Object,object,java.lang.Object,object,notify,notify
comp533.joiner.JoinerImpl,joiner:impl,@JoinerClass,joiner:class,finished,finished,AMapReduceTracer:@ModelClass:@ModelClass+@RemoteModelInterface:Remote:Serializable:AMapReduceTracer:PropertyChangeListener:EventListener:AMapReduceTracer:@ModelClass:Serializable:Remote:AMapReduceTracer:AMapReduceTracer:AMapReduceTracer:@ReducerClass:AMapReduceTracer:AMapReduceTracer:AMapReduceTracer:@BarrierClass:MapReduceConfiguration:AMapReduceTracer:AMapReduceTracer:@RemoteClientObjectClass+@RemoteClientObjectInterface:Remote:Serializable:AMapReduceTracer:AMapReduceTracer:Runnable:@SlaveClass:AMapReduceTracer:Remote:Serializable:AMapReduceTracer:@PartitionerClass:AMapReduceTracer:AMapReduceTracer:@JoinerClass,a:map:reduce:tracer:model:class:model:class:remote:model:interface:remote:a:map:reduce:tracer:property:change:listener:event:listener:a:map:reduce:tracer:model:class:remote:a:map:reduce:tracer:a:map:reduce:tracer:a:map:reduce:tracer:reducer:class:a:map:reduce:tracer:a:map:reduce:tracer:a:map:reduce:tracer:barrier:class:map:reduce:configuration:a:map:reduce:tracer:a:map:reduce:tracer:remote:client:object:class:remote:client:object:interface:remote:a:map:reduce:tracer:a:map:reduce:tracer:slave:class:a:map:reduce:tracer:remote:a:map:reduce:tracer:partitioner:class:a:map:reduce:tracer:a:map:reduce:tracer:joiner:class,gradingTools.comp533s19.assignment0.AMapReduceTracer,a:map:reduce:tracer,gradingTools.comp533s19.assignment0.AMapReduceTracer,a:map:reduce:tracer,traceJoinerRelease,trace:joiner:release
comp533.joiner.JoinerImpl,joiner:impl,@JoinerClass,joiner:class,join,join,AMapReduceTracer:@ModelClass:@ModelClass+@RemoteModelInterface:Remote:Serializable:AMapReduceTracer:PropertyChangeListener:EventListener:AMapReduceTracer:@ModelClass:Serializable:Remote:AMapReduceTracer:AMapReduceTracer:AMapReduceTracer:@ReducerClass:AMapReduceTracer:AMapReduceTracer:AMapReduceTracer:@BarrierClass:MapReduceConfiguration:AMapReduceTracer:AMapReduceTracer:@RemoteClientObjectClass+@RemoteClientObjectInterface:Remote:Serializable:AMapReduceTracer:AMapReduceTracer:Runnable:@SlaveClass:AMapReduceTracer:Remote:Serializable:AMapReduceTracer:@PartitionerClass:AMapReduceTracer:AMapReduceTracer:@JoinerClass,a:map:reduce:tracer:model:class:model:class:remote:model:interface:remote:a:map:reduce:tracer:property:change:listener:event:listener:a:map:reduce:tracer:model:class:remote:a:map:reduce:tracer:a:map:reduce:tracer:a:map:reduce:tracer:reducer:class:a:map:reduce:tracer:a:map:reduce:tracer:a:map:reduce:tracer:barrier:class:map:reduce:configuration:a:map:reduce:tracer:a:map:reduce:tracer:remote:client:object:class:remote:client:object:interface:remote:a:map:reduce:tracer:a:map:reduce:tracer:slave:class:a:map:reduce:tracer:remote:a:map:reduce:tracer:partitioner:class:a:map:reduce:tracer:a:map:reduce:tracer:joiner:class,gradingTools.comp533s19.assignment0.AMapReduceTracer,a:map:reduce:tracer,gradingTools.comp533s19.assignment0.AMapReduceTracer,a:map:reduce:tracer,traceJoinerWaitStart,trace:joiner:wait:start
comp533.joiner.JoinerImpl,joiner:impl,@JoinerClass,joiner:class,join,join,AMapReduceTracer:@ModelClass:@ModelClass+@RemoteModelInterface:Remote:Serializable:AMapReduceTracer:PropertyChangeListener:EventListener:AMapReduceTracer:@ModelClass:Serializable:Remote:AMapReduceTracer:AMapReduceTracer:AMapReduceTracer:@ReducerClass:AMapReduceTracer:AMapReduceTracer:AMapReduceTracer:@BarrierClass:MapReduceConfiguration:AMapReduceTracer:AMapReduceTracer:@RemoteClientObjectClass+@RemoteClientObjectInterface:Remote:Serializable:AMapReduceTracer:AMapReduceTracer:Runnable:@SlaveClass:AMapReduceTracer:Remote:Serializable:AMapReduceTracer:@PartitionerClass:AMapReduceTracer:AMapReduceTracer:@JoinerClass,a:map:reduce:tracer:model:class:model:class:remote:model:interface:remote:a:map:reduce:tracer:property:change:listener:event:listener:a:map:reduce:tracer:model:class:remote:a:map:reduce:tracer:a:map:reduce:tracer:a:map:reduce:tracer:reducer:class:a:map:reduce:tracer:a:map:reduce:tracer:a:map:reduce:tracer:barrier:class:map:reduce:configuration:a:map:reduce:tracer:a:map:reduce:tracer:remote:client:object:class:remote:client:object:interface:remote:a:map:reduce:tracer:a:map:reduce:tracer:slave:class:a:map:reduce:tracer:remote:a:map:reduce:tracer:partitioner:class:a:map:reduce:tracer:a:map:reduce:tracer:joiner:class,gradingTools.comp533s19.assignment0.AMapReduceTracer,a:map:reduce:tracer,gradingTools.comp533s19.assignment0.AMapReduceTracer,a:map:reduce:tracer,traceWait,trace:wait
comp533.joiner.JoinerImpl,joiner:impl,@JoinerClass,joiner:class,join,join,AMapReduceTracer:@ModelClass:@ModelClass+@RemoteModelInterface:Remote:Serializable:AMapReduceTracer:PropertyChangeListener:EventListener:AMapReduceTracer:@ModelClass:Serializable:Remote:AMapReduceTracer:AMapReduceTracer:AMapReduceTracer:@ReducerClass:AMapReduceTracer:AMapReduceTracer:AMapReduceTracer:@BarrierClass:MapReduceConfiguration:AMapReduceTracer:AMapReduceTracer:@RemoteClientObjectClass+@RemoteClientObjectInterface:Remote:Serializable:AMapReduceTracer:AMapReduceTracer:Runnable:@SlaveClass:AMapReduceTracer:Remote:Serializable:AMapReduceTracer:@PartitionerClass:AMapReduceTracer:AMapReduceTracer:@JoinerClass,a:map:reduce:tracer:model:class:model:class:remote:model:interface:remote:a:map:reduce:tracer:property:change:listener:event:listener:a:map:reduce:tracer:model:class:remote:a:map:reduce:tracer:a:map:reduce:tracer:a:map:reduce:tracer:reducer:class:a:map:reduce:tracer:a:map:reduce:tracer:a:map:reduce:tracer:barrier:class:map:reduce:configuration:a:map:reduce:tracer:a:map:reduce:tracer:remote:client:object:class:remote:client:object:interface:remote:a:map:reduce:tracer:a:map:reduce:tracer:slave:class:a:map:reduce:tracer:remote:a:map:reduce:tracer:partitioner:class:a:map:reduce:tracer:a:map:reduce:tracer:joiner:class,java.lang.Object,object,java.lang.Object,object,wait,wait
comp533.joiner.JoinerImpl,joiner:impl,@JoinerClass,joiner:class,join,join,AMapReduceTracer:@ModelClass:@ModelClass+@RemoteModelInterface:Remote:Serializable:AMapReduceTracer:PropertyChangeListener:EventListener:AMapReduceTracer:@ModelClass:Serializable:Remote:AMapReduceTracer:AMapReduceTracer:AMapReduceTracer:@ReducerClass:AMapReduceTracer:AMapReduceTracer:AMapReduceTracer:@BarrierClass:MapReduceConfiguration:AMapReduceTracer:AMapReduceTracer:@RemoteClientObjectClass+@RemoteClientObjectInterface:Remote:Serializable:AMapReduceTracer:AMapReduceTracer:Runnable:@SlaveClass:AMapReduceTracer:Remote:Serializable:AMapReduceTracer:@PartitionerClass:AMapReduceTracer:AMapReduceTracer:@JoinerClass,a:map:reduce:tracer:model:class:model:class:remote:model:interface:remote:a:map:reduce:tracer:property:change:listener:event:listener:a:map:reduce:tracer:model:class:remote:a:map:reduce:tracer:a:map:reduce:tracer:a:map:reduce:tracer:reducer:class:a:map:reduce:tracer:a:map:reduce:tracer:a:map:reduce:tracer:barrier:class:map:reduce:configuration:a:map:reduce:tracer:a:map:reduce:tracer:remote:client:object:class:remote:client:object:interface:remote:a:map:reduce:tracer:a:map:reduce:tracer:slave:class:a:map:reduce:tracer:remote:a:map:reduce:tracer:partitioner:class:a:map:reduce:tracer:a:map:reduce:tracer:joiner:class,gradingTools.comp533s19.assignment0.AMapReduceTracer,a:map:reduce:tracer,gradingTools.comp533s19.assignment0.AMapReduceTracer,a:map:reduce:tracer,traceJoinerWaitEnd,trace:joiner:wait:end
comp533.joiner.JoinerImpl,joiner:impl,@JoinerClass,joiner:class,join,join,AMapReduceTracer:@ModelClass:@ModelClass+@RemoteModelInterface:Remote:Serializable:AMapReduceTracer:PropertyChangeListener:EventListener:AMapReduceTracer:@ModelClass:Serializable:Remote:AMapReduceTracer:AMapReduceTracer:AMapReduceTracer:@ReducerClass:AMapReduceTracer:AMapReduceTracer:AMapReduceTracer:@BarrierClass:MapReduceConfiguration:AMapReduceTracer:AMapReduceTracer:@RemoteClientObjectClass+@RemoteClientObjectInterface:Remote:Serializable:AMapReduceTracer:AMapReduceTracer:Runnable:@SlaveClass:AMapReduceTracer:Remote:Serializable:AMapReduceTracer:@PartitionerClass:AMapReduceTracer:AMapReduceTracer:@JoinerClass,a:map:reduce:tracer:model:class:model:class:remote:model:interface:remote:a:map:reduce:tracer:property:change:listener:event:listener:a:map:reduce:tracer:model:class:remote:a:map:reduce:tracer:a:map:reduce:tracer:a:map:reduce:tracer:reducer:class:a:map:reduce:tracer:a:map:reduce:tracer:a:map:reduce:tracer:barrier:class:map:reduce:configuration:a:map:reduce:tracer:a:map:reduce:tracer:remote:client:object:class:remote:client:object:interface:remote:a:map:reduce:tracer:a:map:reduce:tracer:slave:class:a:map:reduce:tracer:remote:a:map:reduce:tracer:partitioner:class:a:map:reduce:tracer:a:map:reduce:tracer:joiner:class,java.io.PrintStream,print:stream,java.io.PrintStream,print:stream,println,none
comp533.joiner.JoinerImpl,joiner:impl,@JoinerClass,joiner:class,join,join,AMapReduceTracer:@ModelClass:@ModelClass+@RemoteModelInterface:Remote:Serializable:AMapReduceTracer:PropertyChangeListener:EventListener:AMapReduceTracer:@ModelClass:Serializable:Remote:AMapReduceTracer:AMapReduceTracer:AMapReduceTracer:@ReducerClass:AMapReduceTracer:AMapReduceTracer:AMapReduceTracer:@BarrierClass:MapReduceConfiguration:AMapReduceTracer:AMapReduceTracer:@RemoteClientObjectClass+@RemoteClientObjectInterface:Remote:Serializable:AMapReduceTracer:AMapReduceTracer:Runnable:@SlaveClass:AMapReduceTracer:Remote:Serializable:AMapReduceTracer:@PartitionerClass:AMapReduceTracer:AMapReduceTracer:@JoinerClass,a:map:reduce:tracer:model:class:model:class:remote:model:interface:remote:a:map:reduce:tracer:property:change:listener:event:listener:a:map:reduce:tracer:model:class:remote:a:map:reduce:tracer:a:map:reduce:tracer:a:map:reduce:tracer:reducer:class:a:map:reduce:tracer:a:map:reduce:tracer:a:map:reduce:tracer:barrier:class:map:reduce:configuration:a:map:reduce:tracer:a:map:reduce:tracer:remote:client:object:class:remote:client:object:interface:remote:a:map:reduce:tracer:a:map:reduce:tracer:slave:class:a:map:reduce:tracer:remote:a:map:reduce:tracer:partitioner:class:a:map:reduce:tracer:a:map:reduce:tracer:joiner:class,Exception,exception,java.lang.Exception,exception,getMessage,get:message
model.view.controller.Controller,controller,@ControllerClass,controller:class,gatherInputFromScanner,gather:input:from:scanner,AMapReduceTracer:@ModelClass:@ModelClass+@RemoteModelInterface:Remote:Serializable:AMapReduceTracer:PropertyChangeListener:EventListener:AMapReduceTracer:@ModelClass:Serializable:Remote:AMapReduceTracer:AMapReduceTracer:AMapReduceTracer:@ReducerClass:AMapReduceTracer:AMapReduceTracer:AMapReduceTracer:@BarrierClass:MapReduceConfiguration:AMapReduceTracer:AMapReduceTracer:@RemoteClientObjectClass+@RemoteClientObjectInterface:Remote:Serializable:AMapReduceTracer:AMapReduceTracer:Runnable:@SlaveClass:AMapReduceTracer:Remote:Serializable:AMapReduceTracer:@PartitionerClass:AMapReduceTracer:AMapReduceTracer:@JoinerClass:AMapReduceTracer:@ControllerClass,a:map:reduce:tracer:model:class:model:class:remote:model:interface:remote:a:map:reduce:tracer:property:change:listener:event:listener:a:map:reduce:tracer:model:class:remote:a:map:reduce:tracer:a:map:reduce:tracer:a:map:reduce:tracer:reducer:class:a:map:reduce:tracer:a:map:reduce:tracer:a:map:reduce:tracer:barrier:class:map:reduce:configuration:a:map:reduce:tracer:a:map:reduce:tracer:remote:client:object:class:remote:client:object:interface:remote:a:map:reduce:tracer:a:map:reduce:tracer:slave:class:a:map:reduce:tracer:remote:a:map:reduce:tracer:partitioner:class:a:map:reduce:tracer:a:map:reduce:tracer:joiner:class:a:map:reduce:tracer:controller:class,model.view.controller.Model,model,@ModelClass,model:class,setSum,set:sum
model.view.controller.Controller,controller,@ControllerClass,controller:class,gatherInputFromScanner,gather:input:from:scanner,AMapReduceTracer:@ModelClass:@ModelClass+@RemoteModelInterface:Remote:Serializable:AMapReduceTracer:PropertyChangeListener:EventListener:AMapReduceTracer:@ModelClass:Serializable:Remote:AMapReduceTracer:AMapReduceTracer:AMapReduceTracer:@ReducerClass:AMapReduceTracer:AMapReduceTracer:AMapReduceTracer:@BarrierClass:MapReduceConfiguration:AMapReduceTracer:AMapReduceTracer:@RemoteClientObjectClass+@RemoteClientObjectInterface:Remote:Serializable:AMapReduceTracer:AMapReduceTracer:Runnable:@SlaveClass:AMapReduceTracer:Remote:Serializable:AMapReduceTracer:@PartitionerClass:AMapReduceTracer:AMapReduceTracer:@JoinerClass:AMapReduceTracer:@ControllerClass,a:map:reduce:tracer:model:class:model:class:remote:model:interface:remote:a:map:reduce:tracer:property:change:listener:event:listener:a:map:reduce:tracer:model:class:remote:a:map:reduce:tracer:a:map:reduce:tracer:a:map:reduce:tracer:reducer:class:a:map:reduce:tracer:a:map:reduce:tracer:a:map:reduce:tracer:barrier:class:map:reduce:configuration:a:map:reduce:tracer:a:map:reduce:tracer:remote:client:object:class:remote:client:object:interface:remote:a:map:reduce:tracer:a:map:reduce:tracer:slave:class:a:map:reduce:tracer:remote:a:map:reduce:tracer:partitioner:class:a:map:reduce:tracer:a:map:reduce:tracer:joiner:class:a:map:reduce:tracer:controller:class,gradingTools.comp533s19.assignment0.AMapReduceTracer,a:map:reduce:tracer,gradingTools.comp533s19.assignment0.AMapReduceTracer,a:map:reduce:tracer,traceThreadPrompt,trace:thread:prompt
model.view.controller.Controller,controller,@ControllerClass,controller:class,gatherInputFromScanner,gather:input:from:scanner,AMapReduceTracer:@ModelClass:@ModelClass+@RemoteModelInterface:Remote:Serializable:AMapReduceTracer:PropertyChangeListener:EventListener:AMapReduceTracer:@ModelClass:Serializable:Remote:AMapReduceTracer:AMapReduceTracer:AMapReduceTracer:@ReducerClass:AMapReduceTracer:AMapReduceTracer:AMapReduceTracer:@BarrierClass:MapReduceConfiguration:AMapReduceTracer:AMapReduceTracer:@RemoteClientObjectClass+@RemoteClientObjectInterface:Remote:Serializable:AMapReduceTracer:AMapReduceTracer:Runnable:@SlaveClass:AMapReduceTracer:Remote:Serializable:AMapReduceTracer:@PartitionerClass:AMapReduceTracer:AMapReduceTracer:@JoinerClass:AMapReduceTracer:@ControllerClass,a:map:reduce:tracer:model:class:model:class:remote:model:interface:remote:a:map:reduce:tracer:property:change:listener:event:listener:a:map:reduce:tracer:model:class:remote:a:map:reduce:tracer:a:map:reduce:tracer:a:map:reduce:tracer:reducer:class:a:map:reduce:tracer:a:map:reduce:tracer:a:map:reduce:tracer:barrier:class:map:reduce:configuration:a:map:reduce:tracer:a:map:reduce:tracer:remote:client:object:class:remote:client:object:interface:remote:a:map:reduce:tracer:a:map:reduce:tracer:slave:class:a:map:reduce:tracer:remote:a:map:reduce:tracer:partitioner:class:a:map:reduce:tracer:a:map:reduce:tracer:joiner:class:a:map:reduce:tracer:controller:class,java.util.Scanner,scanner,java.util.Scanner,scanner,nextInt,next:int
model.view.controller.Controller,controller,@ControllerClass,controller:class,gatherInputFromScanner,gather:input:from:scanner,AMapReduceTracer:@ModelClass:@ModelClass+@RemoteModelInterface:Remote:Serializable:AMapReduceTracer:PropertyChangeListener:EventListener:AMapReduceTracer:@ModelClass:Serializable:Remote:AMapReduceTracer:AMapReduceTracer:AMapReduceTracer:@ReducerClass:AMapReduceTracer:AMapReduceTracer:AMapReduceTracer:@BarrierClass:MapReduceConfiguration:AMapReduceTracer:AMapReduceTracer:@RemoteClientObjectClass+@RemoteClientObjectInterface:Remote:Serializable:AMapReduceTracer:AMapReduceTracer:Runnable:@SlaveClass:AMapReduceTracer:Remote:Serializable:AMapReduceTracer:@PartitionerClass:AMapReduceTracer:AMapReduceTracer:@JoinerClass:AMapReduceTracer:@ControllerClass,a:map:reduce:tracer:model:class:model:class:remote:model:interface:remote:a:map:reduce:tracer:property:change:listener:event:listener:a:map:reduce:tracer:model:class:remote:a:map:reduce:tracer:a:map:reduce:tracer:a:map:reduce:tracer:reducer:class:a:map:reduce:tracer:a:map:reduce:tracer:a:map:reduce:tracer:barrier:class:map:reduce:configuration:a:map:reduce:tracer:a:map:reduce:tracer:remote:client:object:class:remote:client:object:interface:remote:a:map:reduce:tracer:a:map:reduce:tracer:slave:class:a:map:reduce:tracer:remote:a:map:reduce:tracer:partitioner:class:a:map:reduce:tracer:a:map:reduce:tracer:joiner:class:a:map:reduce:tracer:controller:class,java.util.Scanner,scanner,java.util.Scanner,scanner,nextLine,next:line
model.view.controller.Controller,controller,@ControllerClass,controller:class,gatherInputFromScanner,gather:input:from:scanner,AMapReduceTracer:@ModelClass:@ModelClass+@RemoteModelInterface:Remote:Serializable:AMapReduceTracer:PropertyChangeListener:EventListener:AMapReduceTracer:@ModelClass:Serializable:Remote:AMapReduceTracer:AMapReduceTracer:AMapReduceTracer:@ReducerClass:AMapReduceTracer:AMapReduceTracer:AMapReduceTracer:@BarrierClass:MapReduceConfiguration:AMapReduceTracer:AMapReduceTracer:@RemoteClientObjectClass+@RemoteClientObjectInterface:Remote:Serializable:AMapReduceTracer:AMapReduceTracer:Runnable:@SlaveClass:AMapReduceTracer:Remote:Serializable:AMapReduceTracer:@PartitionerClass:AMapReduceTracer:AMapReduceTracer:@JoinerClass:AMapReduceTracer:@ControllerClass,a:map:reduce:tracer:model:class:model:class:remote:model:interface:remote:a:map:reduce:tracer:property:change:listener:event:listener:a:map:reduce:tracer:model:class:remote:a:map:reduce:tracer:a:map:reduce:tracer:a:map:reduce:tracer:reducer:class:a:map:reduce:tracer:a:map:reduce:tracer:a:map:reduce:tracer:barrier:class:map:reduce:configuration:a:map:reduce:tracer:a:map:reduce:tracer:remote:client:object:class:remote:client:object:interface:remote:a:map:reduce:tracer:a:map:reduce:tracer:slave:class:a:map:reduce:tracer:remote:a:map:reduce:tracer:partitioner:class:a:map:reduce:tracer:a:map:reduce:tracer:joiner:class:a:map:reduce:tracer:controller:class,model.view.controller.Model,model,@ModelClass,model:class,setNumThreads,set:num:threads
model.view.controller.Controller,controller,@ControllerClass,controller:class,gatherInputFromScanner,gather:input:from:scanner,AMapReduceTracer:@ModelClass:@ModelClass+@RemoteModelInterface:Remote:Serializable:AMapReduceTracer:PropertyChangeListener:EventListener:AMapReduceTracer:@ModelClass:Serializable:Remote:AMapReduceTracer:AMapReduceTracer:AMapReduceTracer:@ReducerClass:AMapReduceTracer:AMapReduceTracer:AMapReduceTracer:@BarrierClass:MapReduceConfiguration:AMapReduceTracer:AMapReduceTracer:@RemoteClientObjectClass+@RemoteClientObjectInterface:Remote:Serializable:AMapReduceTracer:AMapReduceTracer:Runnable:@SlaveClass:AMapReduceTracer:Remote:Serializable:AMapReduceTracer:@PartitionerClass:AMapReduceTracer:AMapReduceTracer:@JoinerClass:AMapReduceTracer:@ControllerClass,a:map:reduce:tracer:model:class:model:class:remote:model:interface:remote:a:map:reduce:tracer:property:change:listener:event:listener:a:map:reduce:tracer:model:class:remote:a:map:reduce:tracer:a:map:reduce:tracer:a:map:reduce:tracer:reducer:class:a:map:reduce:tracer:a:map:reduce:tracer:a:map:reduce:tracer:barrier:class:map:reduce:configuration:a:map:reduce:tracer:a:map:reduce:tracer:remote:client:object:class:remote:client:object:interface:remote:a:map:reduce:tracer:a:map:reduce:tracer:slave:class:a:map:reduce:tracer:remote:a:map:reduce:tracer:partitioner:class:a:map:reduce:tracer:a:map:reduce:tracer:joiner:class:a:map:reduce:tracer:controller:class,gradingTools.comp533s19.assignment0.AMapReduceTracer,a:map:reduce:tracer,gradingTools.comp533s19.assignment0.AMapReduceTracer,a:map:reduce:tracer,traceNumbersPrompt,trace:numbers:prompt
model.view.controller.Controller,controller,@ControllerClass,controller:class,gatherInputFromScanner,gather:input:from:scanner,AMapReduceTracer:@ModelClass:@ModelClass+@RemoteModelInterface:Remote:Serializable:AMapReduceTracer:PropertyChangeListener:EventListener:AMapReduceTracer:@ModelClass:Serializable:Remote:AMapReduceTracer:AMapReduceTracer:AMapReduceTracer:@ReducerClass:AMapReduceTracer:AMapReduceTracer:AMapReduceTracer:@BarrierClass:MapReduceConfiguration:AMapReduceTracer:AMapReduceTracer:@RemoteClientObjectClass+@RemoteClientObjectInterface:Remote:Serializable:AMapReduceTracer:AMapReduceTracer:Runnable:@SlaveClass:AMapReduceTracer:Remote:Serializable:AMapReduceTracer:@PartitionerClass:AMapReduceTracer:AMapReduceTracer:@JoinerClass:AMapReduceTracer:@ControllerClass,a:map:reduce:tracer:model:class:model:class:remote:model:interface:remote:a:map:reduce:tracer:property:change:listener:event:listener:a:map:reduce:tracer:model:class:remote:a:map:reduce:tracer:a:map:reduce:tracer:a:map:reduce:tracer:reducer:class:a:map:reduce:tracer:a:map:reduce:tracer:a:map:reduce:tracer:barrier:class:map:reduce:configuration:a:map:reduce:tracer:a:map:reduce:tracer:remote:client:object:class:remote:client:object:interface:remote:a:map:reduce:tracer:a:map:reduce:tracer:slave:class:a:map:reduce:tracer:remote:a:map:reduce:tracer:partitioner:class:a:map:reduce:tracer:a:map:reduce:tracer:joiner:class:a:map:reduce:tracer:controller:class,java.util.Scanner,scanner,java.util.Scanner,scanner,nextLine,next:line
model.view.controller.Controller,controller,@ControllerClass,controller:class,gatherInputFromScanner,gather:input:from:scanner,AMapReduceTracer:@ModelClass:@ModelClass+@RemoteModelInterface:Remote:Serializable:AMapReduceTracer:PropertyChangeListener:EventListener:AMapReduceTracer:@ModelClass:Serializable:Remote:AMapReduceTracer:AMapReduceTracer:AMapReduceTracer:@ReducerClass:AMapReduceTracer:AMapReduceTracer:AMapReduceTracer:@BarrierClass:MapReduceConfiguration:AMapReduceTracer:AMapReduceTracer:@RemoteClientObjectClass+@RemoteClientObjectInterface:Remote:Serializable:AMapReduceTracer:AMapReduceTracer:Runnable:@SlaveClass:AMapReduceTracer:Remote:Serializable:AMapReduceTracer:@PartitionerClass:AMapReduceTracer:AMapReduceTracer:@JoinerClass:AMapReduceTracer:@ControllerClass,a:map:reduce:tracer:model:class:model:class:remote:model:interface:remote:a:map:reduce:tracer:property:change:listener:event:listener:a:map:reduce:tracer:model:class:remote:a:map:reduce:tracer:a:map:reduce:tracer:a:map:reduce:tracer:reducer:class:a:map:reduce:tracer:a:map:reduce:tracer:a:map:reduce:tracer:barrier:class:map:reduce:configuration:a:map:reduce:tracer:a:map:reduce:tracer:remote:client:object:class:remote:client:object:interface:remote:a:map:reduce:tracer:a:map:reduce:tracer:slave:class:a:map:reduce:tracer:remote:a:map:reduce:tracer:partitioner:class:a:map:reduce:tracer:a:map:reduce:tracer:joiner:class:a:map:reduce:tracer:controller:class,String,string,java.lang.String,string,equals,equals
model.view.controller.Controller,controller,@ControllerClass,controller:class,gatherInputFromScanner,gather:input:from:scanner,AMapReduceTracer:@ModelClass:@ModelClass+@RemoteModelInterface:Remote:Serializable:AMapReduceTracer:PropertyChangeListener:EventListener:AMapReduceTracer:@ModelClass:Serializable:Remote:AMapReduceTracer:AMapReduceTracer:AMapReduceTracer:@ReducerClass:AMapReduceTracer:AMapReduceTracer:AMapReduceTracer:@BarrierClass:MapReduceConfiguration:AMapReduceTracer:AMapReduceTracer:@RemoteClientObjectClass+@RemoteClientObjectInterface:Remote:Serializable:AMapReduceTracer:AMapReduceTracer:Runnable:@SlaveClass:AMapReduceTracer:Remote:Serializable:AMapReduceTracer:@PartitionerClass:AMapReduceTracer:AMapReduceTracer:@JoinerClass:AMapReduceTracer:@ControllerClass,a:map:reduce:tracer:model:class:model:class:remote:model:interface:remote:a:map:reduce:tracer:property:change:listener:event:listener:a:map:reduce:tracer:model:class:remote:a:map:reduce:tracer:a:map:reduce:tracer:a:map:reduce:tracer:reducer:class:a:map:reduce:tracer:a:map:reduce:tracer:a:map:reduce:tracer:barrier:class:map:reduce:configuration:a:map:reduce:tracer:a:map:reduce:tracer:remote:client:object:class:remote:client:object:interface:remote:a:map:reduce:tracer:a:map:reduce:tracer:slave:class:a:map:reduce:tracer:remote:a:map:reduce:tracer:partitioner:class:a:map:reduce:tracer:a:map:reduce:tracer:joiner:class:a:map:reduce:tracer:controller:class,gradingTools.comp533s19.assignment0.AMapReduceTracer,a:map:reduce:tracer,gradingTools.comp533s19.assignment0.AMapReduceTracer,a:map:reduce:tracer,traceQuit,trace:quit
model.view.controller.Controller,controller,@ControllerClass,controller:class,gatherInputFromScanner,gather:input:from:scanner,AMapReduceTracer:@ModelClass:@ModelClass+@RemoteModelInterface:Remote:Serializable:AMapReduceTracer:PropertyChangeListener:EventListener:AMapReduceTracer:@ModelClass:Serializable:Remote:AMapReduceTracer:AMapReduceTracer:AMapReduceTracer:@ReducerClass:AMapReduceTracer:AMapReduceTracer:AMapReduceTracer:@BarrierClass:MapReduceConfiguration:AMapReduceTracer:AMapReduceTracer:@RemoteClientObjectClass+@RemoteClientObjectInterface:Remote:Serializable:AMapReduceTracer:AMapReduceTracer:Runnable:@SlaveClass:AMapReduceTracer:Remote:Serializable:AMapReduceTracer:@PartitionerClass:AMapReduceTracer:AMapReduceTracer:@JoinerClass:AMapReduceTracer:@ControllerClass,a:map:reduce:tracer:model:class:model:class:remote:model:interface:remote:a:map:reduce:tracer:property:change:listener:event:listener:a:map:reduce:tracer:model:class:remote:a:map:reduce:tracer:a:map:reduce:tracer:a:map:reduce:tracer:reducer:class:a:map:reduce:tracer:a:map:reduce:tracer:a:map:reduce:tracer:barrier:class:map:reduce:configuration:a:map:reduce:tracer:a:map:reduce:tracer:remote:client:object:class:remote:client:object:interface:remote:a:map:reduce:tracer:a:map:reduce:tracer:slave:class:a:map:reduce:tracer:remote:a:map:reduce:tracer:partitioner:class:a:map:reduce:tracer:a:map:reduce:tracer:joiner:class:a:map:reduce:tracer:controller:class,model.view.controller.Model,model,@ModelClass,model:class,setInputString,set:input:string
model.view.controller.Controller,controller,@ControllerClass,controller:class,gatherInputFromScanner,gather:input:from:scanner,AMapReduceTracer:@ModelClass:@ModelClass+@RemoteModelInterface:Remote:Serializable:AMapReduceTracer:PropertyChangeListener:EventListener:AMapReduceTracer:@ModelClass:Serializable:Remote:AMapReduceTracer:AMapReduceTracer:AMapReduceTracer:@ReducerClass:AMapReduceTracer:AMapReduceTracer:AMapReduceTracer:@BarrierClass:MapReduceConfiguration:AMapReduceTracer:AMapReduceTracer:@RemoteClientObjectClass+@RemoteClientObjectInterface:Remote:Serializable:AMapReduceTracer:AMapReduceTracer:Runnable:@SlaveClass:AMapReduceTracer:Remote:Serializable:AMapReduceTracer:@PartitionerClass:AMapReduceTracer:AMapReduceTracer:@JoinerClass:AMapReduceTracer:@ControllerClass,a:map:reduce:tracer:model:class:model:class:remote:model:interface:remote:a:map:reduce:tracer:property:change:listener:event:listener:a:map:reduce:tracer:model:class:remote:a:map:reduce:tracer:a:map:reduce:tracer:a:map:reduce:tracer:reducer:class:a:map:reduce:tracer:a:map:reduce:tracer:a:map:reduce:tracer:barrier:class:map:reduce:configuration:a:map:reduce:tracer:a:map:reduce:tracer:remote:client:object:class:remote:client:object:interface:remote:a:map:reduce:tracer:a:map:reduce:tracer:slave:class:a:map:reduce:tracer:remote:a:map:reduce:tracer:partitioner:class:a:map:reduce:tracer:a:map:reduce:tracer:joiner:class:a:map:reduce:tracer:controller:class,model.view.controller.Model,model,@ModelClass,model:class,terminate,terminate
model.view.controller.Controller,controller,@ControllerClass,controller:class,gatherInputFromScanner,gather:input:from:scanner,AMapReduceTracer:@ModelClass:@ModelClass+@RemoteModelInterface:Remote:Serializable:AMapReduceTracer:PropertyChangeListener:EventListener:AMapReduceTracer:@ModelClass:Serializable:Remote:AMapReduceTracer:AMapReduceTracer:AMapReduceTracer:@ReducerClass:AMapReduceTracer:AMapReduceTracer:AMapReduceTracer:@BarrierClass:MapReduceConfiguration:AMapReduceTracer:AMapReduceTracer:@RemoteClientObjectClass+@RemoteClientObjectInterface:Remote:Serializable:AMapReduceTracer:AMapReduceTracer:Runnable:@SlaveClass:AMapReduceTracer:Remote:Serializable:AMapReduceTracer:@PartitionerClass:AMapReduceTracer:AMapReduceTracer:@JoinerClass:AMapReduceTracer:@ControllerClass,a:map:reduce:tracer:model:class:model:class:remote:model:interface:remote:a:map:reduce:tracer:property:change:listener:event:listener:a:map:reduce:tracer:model:class:remote:a:map:reduce:tracer:a:map:reduce:tracer:a:map:reduce:tracer:reducer:class:a:map:reduce:tracer:a:map:reduce:tracer:a:map:reduce:tracer:barrier:class:map:reduce:configuration:a:map:reduce:tracer:a:map:reduce:tracer:remote:client:object:class:remote:client:object:interface:remote:a:map:reduce:tracer:a:map:reduce:tracer:slave:class:a:map:reduce:tracer:remote:a:map:reduce:tracer:partitioner:class:a:map:reduce:tracer:a:map:reduce:tracer:joiner:class:a:map:reduce:tracer:controller:class,gradingTools.comp533s19.assignment0.AMapReduceTracer,a:map:reduce:tracer,gradingTools.comp533s19.assignment0.AMapReduceTracer,a:map:reduce:tracer,traceQuit,trace:quit
model.view.controller.Controller,controller,@ControllerClass,controller:class,gatherInputFromScanner,gather:input:from:scanner,AMapReduceTracer:@ModelClass:@ModelClass+@RemoteModelInterface:Remote:Serializable:AMapReduceTracer:PropertyChangeListener:EventListener:AMapReduceTracer:@ModelClass:Serializable:Remote:AMapReduceTracer:AMapReduceTracer:AMapReduceTracer:@ReducerClass:AMapReduceTracer:AMapReduceTracer:AMapReduceTracer:@BarrierClass:MapReduceConfiguration:AMapReduceTracer:AMapReduceTracer:@RemoteClientObjectClass+@RemoteClientObjectInterface:Remote:Serializable:AMapReduceTracer:AMapReduceTracer:Runnable:@SlaveClass:AMapReduceTracer:Remote:Serializable:AMapReduceTracer:@PartitionerClass:AMapReduceTracer:AMapReduceTracer:@JoinerClass:AMapReduceTracer:@ControllerClass,a:map:reduce:tracer:model:class:model:class:remote:model:interface:remote:a:map:reduce:tracer:property:change:listener:event:listener:a:map:reduce:tracer:model:class:remote:a:map:reduce:tracer:a:map:reduce:tracer:a:map:reduce:tracer:reducer:class:a:map:reduce:tracer:a:map:reduce:tracer:a:map:reduce:tracer:barrier:class:map:reduce:configuration:a:map:reduce:tracer:a:map:reduce:tracer:remote:client:object:class:remote:client:object:interface:remote:a:map:reduce:tracer:a:map:reduce:tracer:slave:class:a:map:reduce:tracer:remote:a:map:reduce:tracer:partitioner:class:a:map:reduce:tracer:a:map:reduce:tracer:joiner:class:a:map:reduce:tracer:controller:class,java.util.Scanner,scanner,java.util.Scanner,scanner,close,close
facebook.FacebookSlaveImpl,facebook:slave:impl,FacebookSlaveImpl,facebook:slave:impl,produceMap,produce:map,AMapReduceTracer:@ModelClass:@ModelClass+@RemoteModelInterface:Remote:Serializable:AMapReduceTracer:PropertyChangeListener:EventListener:AMapReduceTracer:@ModelClass:Serializable:Remote:AMapReduceTracer:AMapReduceTracer:AMapReduceTracer:@ReducerClass:AMapReduceTracer:AMapReduceTracer:AMapReduceTracer:@BarrierClass:MapReduceConfiguration:AMapReduceTracer:AMapReduceTracer:@RemoteClientObjectClass+@RemoteClientObjectInterface:Remote:Serializable:AMapReduceTracer:AMapReduceTracer:Runnable:@SlaveClass:AMapReduceTracer:Remote:Serializable:AMapReduceTracer:@PartitionerClass:AMapReduceTracer:AMapReduceTracer:@JoinerClass:AMapReduceTracer:@ControllerClass:AMapReduceTracer:Runnable,a:map:reduce:tracer:model:class:model:class:remote:model:interface:remote:a:map:reduce:tracer:property:change:listener:event:listener:a:map:reduce:tracer:model:class:remote:a:map:reduce:tracer:a:map:reduce:tracer:a:map:reduce:tracer:reducer:class:a:map:reduce:tracer:a:map:reduce:tracer:a:map:reduce:tracer:barrier:class:map:reduce:configuration:a:map:reduce:tracer:a:map:reduce:tracer:remote:client:object:class:remote:client:object:interface:remote:a:map:reduce:tracer:a:map:reduce:tracer:slave:class:a:map:reduce:tracer:remote:a:map:reduce:tracer:partitioner:class:a:map:reduce:tracer:a:map:reduce:tracer:joiner:class:a:map:reduce:tracer:controller:class:a:map:reduce:tracer,java.util.Map,map,java.util.Map,map,forEach,for:each
facebook.FacebookSlaveImpl,facebook:slave:impl,FacebookSlaveImpl,facebook:slave:impl,produceMap,produce:map,AMapReduceTracer:@ModelClass:@ModelClass+@RemoteModelInterface:Remote:Serializable:AMapReduceTracer:PropertyChangeListener:EventListener:AMapReduceTracer:@ModelClass:Serializable:Remote:AMapReduceTracer:AMapReduceTracer:AMapReduceTracer:@ReducerClass:AMapReduceTracer:AMapReduceTracer:AMapReduceTracer:@BarrierClass:MapReduceConfiguration:AMapReduceTracer:AMapReduceTracer:@RemoteClientObjectClass+@RemoteClientObjectInterface:Remote:Serializable:AMapReduceTracer:AMapReduceTracer:Runnable:@SlaveClass:AMapReduceTracer:Remote:Serializable:AMapReduceTracer:@PartitionerClass:AMapReduceTracer:AMapReduceTracer:@JoinerClass:AMapReduceTracer:@ControllerClass:AMapReduceTracer:Runnable,a:map:reduce:tracer:model:class:model:class:remote:model:interface:remote:a:map:reduce:tracer:property:change:listener:event:listener:a:map:reduce:tracer:model:class:remote:a:map:reduce:tracer:a:map:reduce:tracer:a:map:reduce:tracer:reducer:class:a:map:reduce:tracer:a:map:reduce:tracer:a:map:reduce:tracer:barrier:class:map:reduce:configuration:a:map:reduce:tracer:a:map:reduce:tracer:remote:client:object:class:remote:client:object:interface:remote:a:map:reduce:tracer:a:map:reduce:tracer:slave:class:a:map:reduce:tracer:remote:a:map:reduce:tracer:partitioner:class:a:map:reduce:tracer:a:map:reduce:tracer:joiner:class:a:map:reduce:tracer:controller:class:a:map:reduce:tracer,comp533.partitioner.PartitionerFactory,partitioner:factory,@PartitionerFactory,partitioner:factory,getPartition,get:partition
facebook.FacebookSlaveImpl,facebook:slave:impl,FacebookSlaveImpl,facebook:slave:impl,produceMap,produce:map,AMapReduceTracer:@ModelClass:@ModelClass+@RemoteModelInterface:Remote:Serializable:AMapReduceTracer:PropertyChangeListener:EventListener:AMapReduceTracer:@ModelClass:Serializable:Remote:AMapReduceTracer:AMapReduceTracer:AMapReduceTracer:@ReducerClass:AMapReduceTracer:AMapReduceTracer:AMapReduceTracer:@BarrierClass:MapReduceConfiguration:AMapReduceTracer:AMapReduceTracer:@RemoteClientObjectClass+@RemoteClientObjectInterface:Remote:Serializable:AMapReduceTracer:AMapReduceTracer:Runnable:@SlaveClass:AMapReduceTracer:Remote:Serializable:AMapReduceTracer:@PartitionerClass:AMapReduceTracer:AMapReduceTracer:@JoinerClass:AMapReduceTracer:@ControllerClass:AMapReduceTracer:Runnable,a:map:reduce:tracer:model:class:model:class:remote:model:interface:remote:a:map:reduce:tracer:property:change:listener:event:listener:a:map:reduce:tracer:model:class:remote:a:map:reduce:tracer:a:map:reduce:tracer:a:map:reduce:tracer:reducer:class:a:map:reduce:tracer:a:map:reduce:tracer:a:map:reduce:tracer:barrier:class:map:reduce:configuration:a:map:reduce:tracer:a:map:reduce:tracer:remote:client:object:class:remote:client:object:interface:remote:a:map:reduce:tracer:a:map:reduce:tracer:slave:class:a:map:reduce:tracer:remote:a:map:reduce:tracer:partitioner:class:a:map:reduce:tracer:a:map:reduce:tracer:joiner:class:a:map:reduce:tracer:controller:class:a:map:reduce:tracer,comp533.partitioner.PartitionerFactory,partitioner:factory,@PartitionerFactory,partitioner:factory,getPartitioner,get:partitioner
facebook.FacebookSlaveImpl,facebook:slave:impl,FacebookSlaveImpl,facebook:slave:impl,produceMap,produce:map,AMapReduceTracer:@ModelClass:@ModelClass+@RemoteModelInterface:Remote:Serializable:AMapReduceTracer:PropertyChangeListener:EventListener:AMapReduceTracer:@ModelClass:Serializable:Remote:AMapReduceTracer:AMapReduceTracer:AMapReduceTracer:@ReducerClass:AMapReduceTracer:AMapReduceTracer:AMapReduceTracer:@BarrierClass:MapReduceConfiguration:AMapReduceTracer:AMapReduceTracer:@RemoteClientObjectClass+@RemoteClientObjectInterface:Remote:Serializable:AMapReduceTracer:AMapReduceTracer:Runnable:@SlaveClass:AMapReduceTracer:Remote:Serializable:AMapReduceTracer:@PartitionerClass:AMapReduceTracer:AMapReduceTracer:@JoinerClass:AMapReduceTracer:@ControllerClass:AMapReduceTracer:Runnable,a:map:reduce:tracer:model:class:model:class:remote:model:interface:remote:a:map:reduce:tracer:property:change:listener:event:listener:a:map:reduce:tracer:model:class:remote:a:map:reduce:tracer:a:map:reduce:tracer:a:map:reduce:tracer:reducer:class:a:map:reduce:tracer:a:map:reduce:tracer:a:map:reduce:tracer:barrier:class:map:reduce:configuration:a:map:reduce:tracer:a:map:reduce:tracer:remote:client:object:class:remote:client:object:interface:remote:a:map:reduce:tracer:a:map:reduce:tracer:slave:class:a:map:reduce:tracer:remote:a:map:reduce:tracer:partitioner:class:a:map:reduce:tracer:a:map:reduce:tracer:joiner:class:a:map:reduce:tracer:controller:class:a:map:reduce:tracer,gradingTools.comp533s19.assignment0.AMapReduceTracer,a:map:reduce:tracer,gradingTools.comp533s19.assignment0.AMapReduceTracer,a:map:reduce:tracer,tracePartitionAssigned,trace:partition:assigned
facebook.FacebookSlaveImpl,facebook:slave:impl,FacebookSlaveImpl,facebook:slave:impl,produceMap,produce:map,AMapReduceTracer:@ModelClass:@ModelClass+@RemoteModelInterface:Remote:Serializable:AMapReduceTracer:PropertyChangeListener:EventListener:AMapReduceTracer:@ModelClass:Serializable:Remote:AMapReduceTracer:AMapReduceTracer:AMapReduceTracer:@ReducerClass:AMapReduceTracer:AMapReduceTracer:AMapReduceTracer:@BarrierClass:MapReduceConfiguration:AMapReduceTracer:AMapReduceTracer:@RemoteClientObjectClass+@RemoteClientObjectInterface:Remote:Serializable:AMapReduceTracer:AMapReduceTracer:Runnable:@SlaveClass:AMapReduceTracer:Remote:Serializable:AMapReduceTracer:@PartitionerClass:AMapReduceTracer:AMapReduceTracer:@JoinerClass:AMapReduceTracer:@ControllerClass:AMapReduceTracer:Runnable,a:map:reduce:tracer:model:class:model:class:remote:model:interface:remote:a:map:reduce:tracer:property:change:listener:event:listener:a:map:reduce:tracer:model:class:remote:a:map:reduce:tracer:a:map:reduce:tracer:a:map:reduce:tracer:reducer:class:a:map:reduce:tracer:a:map:reduce:tracer:a:map:reduce:tracer:barrier:class:map:reduce:configuration:a:map:reduce:tracer:a:map:reduce:tracer:remote:client:object:class:remote:client:object:interface:remote:a:map:reduce:tracer:a:map:reduce:tracer:slave:class:a:map:reduce:tracer:remote:a:map:reduce:tracer:partitioner:class:a:map:reduce:tracer:a:map:reduce:tracer:joiner:class:a:map:reduce:tracer:controller:class:a:map:reduce:tracer,key.value.KeyValueImpl,key:value:impl,@KeyValueClass,key:value:class,KeyValueImpl,key:value:impl
facebook.FacebookSlaveImpl,facebook:slave:impl,FacebookSlaveImpl,facebook:slave:impl,produceMap,produce:map,AMapReduceTracer:@ModelClass:@ModelClass+@RemoteModelInterface:Remote:Serializable:AMapReduceTracer:PropertyChangeListener:EventListener:AMapReduceTracer:@ModelClass:Serializable:Remote:AMapReduceTracer:AMapReduceTracer:AMapReduceTracer:@ReducerClass:AMapReduceTracer:AMapReduceTracer:AMapReduceTracer:@BarrierClass:MapReduceConfiguration:AMapReduceTracer:AMapReduceTracer:@RemoteClientObjectClass+@RemoteClientObjectInterface:Remote:Serializable:AMapReduceTracer:AMapReduceTracer:Runnable:@SlaveClass:AMapReduceTracer:Remote:Serializable:AMapReduceTracer:@PartitionerClass:AMapReduceTracer:AMapReduceTracer:@JoinerClass:AMapReduceTracer:@ControllerClass:AMapReduceTracer:Runnable,a:map:reduce:tracer:model:class:model:class:remote:model:interface:remote:a:map:reduce:tracer:property:change:listener:event:listener:a:map:reduce:tracer:model:class:remote:a:map:reduce:tracer:a:map:reduce:tracer:a:map:reduce:tracer:reducer:class:a:map:reduce:tracer:a:map:reduce:tracer:a:map:reduce:tracer:barrier:class:map:reduce:configuration:a:map:reduce:tracer:a:map:reduce:tracer:remote:client:object:class:remote:client:object:interface:remote:a:map:reduce:tracer:a:map:reduce:tracer:slave:class:a:map:reduce:tracer:remote:a:map:reduce:tracer:partitioner:class:a:map:reduce:tracer:a:map:reduce:tracer:joiner:class:a:map:reduce:tracer:controller:class:a:map:reduce:tracer,gradingTools.comp533s19.assignment0.AMapReduceTracer,a:map:reduce:tracer,gradingTools.comp533s19.assignment0.AMapReduceTracer,a:map:reduce:tracer,traceWait,trace:wait
facebook.FacebookSlaveImpl,facebook:slave:impl,FacebookSlaveImpl,facebook:slave:impl,produceMap,produce:map,AMapReduceTracer:@ModelClass:@ModelClass+@RemoteModelInterface:Remote:Serializable:AMapReduceTracer:PropertyChangeListener:EventListener:AMapReduceTracer:@ModelClass:Serializable:Remote:AMapReduceTracer:AMapReduceTracer:AMapReduceTracer:@ReducerClass:AMapReduceTracer:AMapReduceTracer:AMapReduceTracer:@BarrierClass:MapReduceConfiguration:AMapReduceTracer:AMapReduceTracer:@RemoteClientObjectClass+@RemoteClientObjectInterface:Remote:Serializable:AMapReduceTracer:AMapReduceTracer:Runnable:@SlaveClass:AMapReduceTracer:Remote:Serializable:AMapReduceTracer:@PartitionerClass:AMapReduceTracer:AMapReduceTracer:@JoinerClass:AMapReduceTracer:@ControllerClass:AMapReduceTracer:Runnable,a:map:reduce:tracer:model:class:model:class:remote:model:interface:remote:a:map:reduce:tracer:property:change:listener:event:listener:a:map:reduce:tracer:model:class:remote:a:map:reduce:tracer:a:map:reduce:tracer:a:map:reduce:tracer:reducer:class:a:map:reduce:tracer:a:map:reduce:tracer:a:map:reduce:tracer:barrier:class:map:reduce:configuration:a:map:reduce:tracer:a:map:reduce:tracer:remote:client:object:class:remote:client:object:interface:remote:a:map:reduce:tracer:a:map:reduce:tracer:slave:class:a:map:reduce:tracer:remote:a:map:reduce:tracer:partitioner:class:a:map:reduce:tracer:a:map:reduce:tracer:joiner:class:a:map:reduce:tracer:controller:class:a:map:reduce:tracer,gradingTools.comp533s19.assignment0.AMapReduceTracer,a:map:reduce:tracer,gradingTools.comp533s19.assignment0.AMapReduceTracer,a:map:reduce:tracer,traceSplitAfterBarrier,trace:split:after:barrier
facebook.FacebookSlaveImpl,facebook:slave:impl,FacebookSlaveImpl,facebook:slave:impl,produceMap,produce:map,AMapReduceTracer:@ModelClass:@ModelClass+@RemoteModelInterface:Remote:Serializable:AMapReduceTracer:PropertyChangeListener:EventListener:AMapReduceTracer:@ModelClass:Serializable:Remote:AMapReduceTracer:AMapReduceTracer:AMapReduceTracer:@ReducerClass:AMapReduceTracer:AMapReduceTracer:AMapReduceTracer:@BarrierClass:MapReduceConfiguration:AMapReduceTracer:AMapReduceTracer:@RemoteClientObjectClass+@RemoteClientObjectInterface:Remote:Serializable:AMapReduceTracer:AMapReduceTracer:Runnable:@SlaveClass:AMapReduceTracer:Remote:Serializable:AMapReduceTracer:@PartitionerClass:AMapReduceTracer:AMapReduceTracer:@JoinerClass:AMapReduceTracer:@ControllerClass:AMapReduceTracer:Runnable,a:map:reduce:tracer:model:class:model:class:remote:model:interface:remote:a:map:reduce:tracer:property:change:listener:event:listener:a:map:reduce:tracer:model:class:remote:a:map:reduce:tracer:a:map:reduce:tracer:a:map:reduce:tracer:reducer:class:a:map:reduce:tracer:a:map:reduce:tracer:a:map:reduce:tracer:barrier:class:map:reduce:configuration:a:map:reduce:tracer:a:map:reduce:tracer:remote:client:object:class:remote:client:object:interface:remote:a:map:reduce:tracer:a:map:reduce:tracer:slave:class:a:map:reduce:tracer:remote:a:map:reduce:tracer:partitioner:class:a:map:reduce:tracer:a:map:reduce:tracer:joiner:class:a:map:reduce:tracer:controller:class:a:map:reduce:tracer,gradingTools.comp533s19.assignment0.AMapReduceTracer,a:map:reduce:tracer,gradingTools.comp533s19.assignment0.AMapReduceTracer,a:map:reduce:tracer,traceRemoteList,trace:remote:list
facebook.FacebookSlaveImpl,facebook:slave:impl,FacebookSlaveImpl,facebook:slave:impl,produceMap,produce:map,AMapReduceTracer:@ModelClass:@ModelClass+@RemoteModelInterface:Remote:Serializable:AMapReduceTracer:PropertyChangeListener:EventListener:AMapReduceTracer:@ModelClass:Serializable:Remote:AMapReduceTracer:AMapReduceTracer:AMapReduceTracer:@ReducerClass:AMapReduceTracer:AMapReduceTracer:AMapReduceTracer:@BarrierClass:MapReduceConfiguration:AMapReduceTracer:AMapReduceTracer:@RemoteClientObjectClass+@RemoteClientObjectInterface:Remote:Serializable:AMapReduceTracer:AMapReduceTracer:Runnable:@SlaveClass:AMapReduceTracer:Remote:Serializable:AMapReduceTracer:@PartitionerClass:AMapReduceTracer:AMapReduceTracer:@JoinerClass:AMapReduceTracer:@ControllerClass:AMapReduceTracer:Runnable,a:map:reduce:tracer:model:class:model:class:remote:model:interface:remote:a:map:reduce:tracer:property:change:listener:event:listener:a:map:reduce:tracer:model:class:remote:a:map:reduce:tracer:a:map:reduce:tracer:a:map:reduce:tracer:reducer:class:a:map:reduce:tracer:a:map:reduce:tracer:a:map:reduce:tracer:barrier:class:map:reduce:configuration:a:map:reduce:tracer:a:map:reduce:tracer:remote:client:object:class:remote:client:object:interface:remote:a:map:reduce:tracer:a:map:reduce:tracer:slave:class:a:map:reduce:tracer:remote:a:map:reduce:tracer:partitioner:class:a:map:reduce:tracer:a:map:reduce:tracer:joiner:class:a:map:reduce:tracer:controller:class:a:map:reduce:tracer,gradingTools.comp533s19.assignment0.AMapReduceTracer,a:map:reduce:tracer,gradingTools.comp533s19.assignment0.AMapReduceTracer,a:map:reduce:tracer,traceRemoteResult,trace:remote:result
facebook.FacebookSlaveImpl,facebook:slave:impl,FacebookSlaveImpl,facebook:slave:impl,remoteCallReduce,remote:call:reduce,AMapReduceTracer:@ModelClass:@ModelClass+@RemoteModelInterface:Remote:Serializable:AMapReduceTracer:PropertyChangeListener:EventListener:AMapReduceTracer:@ModelClass:Serializable:Remote:AMapReduceTracer:AMapReduceTracer:AMapReduceTracer:@ReducerClass:AMapReduceTracer:AMapReduceTracer:AMapReduceTracer:@BarrierClass:MapReduceConfiguration:AMapReduceTracer:AMapReduceTracer:@RemoteClientObjectClass+@RemoteClientObjectInterface:Remote:Serializable:AMapReduceTracer:AMapReduceTracer:Runnable:@SlaveClass:AMapReduceTracer:Remote:Serializable:AMapReduceTracer:@PartitionerClass:AMapReduceTracer:AMapReduceTracer:@JoinerClass:AMapReduceTracer:@ControllerClass:AMapReduceTracer:Runnable,a:map:reduce:tracer:model:class:model:class:remote:model:interface:remote:a:map:reduce:tracer:property:change:listener:event:listener:a:map:reduce:tracer:model:class:remote:a:map:reduce:tracer:a:map:reduce:tracer:a:map:reduce:tracer:reducer:class:a:map:reduce:tracer:a:map:reduce:tracer:a:map:reduce:tracer:barrier:class:map:reduce:configuration:a:map:reduce:tracer:a:map:reduce:tracer:remote:client:object:class:remote:client:object:interface:remote:a:map:reduce:tracer:a:map:reduce:tracer:slave:class:a:map:reduce:tracer:remote:a:map:reduce:tracer:partitioner:class:a:map:reduce:tracer:a:map:reduce:tracer:joiner:class:a:map:reduce:tracer:controller:class:a:map:reduce:tracer,java.io.PrintStream,print:stream,java.io.PrintStream,print:stream,println,none
facebook.FacebookSlaveImpl,facebook:slave:impl,FacebookSlaveImpl,facebook:slave:impl,remoteCallReduce,remote:call:reduce,AMapReduceTracer:@ModelClass:@ModelClass+@RemoteModelInterface:Remote:Serializable:AMapReduceTracer:PropertyChangeListener:EventListener:AMapReduceTracer:@ModelClass:Serializable:Remote:AMapReduceTracer:AMapReduceTracer:AMapReduceTracer:@ReducerClass:AMapReduceTracer:AMapReduceTracer:AMapReduceTracer:@BarrierClass:MapReduceConfiguration:AMapReduceTracer:AMapReduceTracer:@RemoteClientObjectClass+@RemoteClientObjectInterface:Remote:Serializable:AMapReduceTracer:AMapReduceTracer:Runnable:@SlaveClass:AMapReduceTracer:Remote:Serializable:AMapReduceTracer:@PartitionerClass:AMapReduceTracer:AMapReduceTracer:@JoinerClass:AMapReduceTracer:@ControllerClass:AMapReduceTracer:Runnable,a:map:reduce:tracer:model:class:model:class:remote:model:interface:remote:a:map:reduce:tracer:property:change:listener:event:listener:a:map:reduce:tracer:model:class:remote:a:map:reduce:tracer:a:map:reduce:tracer:a:map:reduce:tracer:reducer:class:a:map:reduce:tracer:a:map:reduce:tracer:a:map:reduce:tracer:barrier:class:map:reduce:configuration:a:map:reduce:tracer:a:map:reduce:tracer:remote:client:object:class:remote:client:object:interface:remote:a:map:reduce:tracer:a:map:reduce:tracer:slave:class:a:map:reduce:tracer:remote:a:map:reduce:tracer:partitioner:class:a:map:reduce:tracer:a:map:reduce:tracer:joiner:class:a:map:reduce:tracer:controller:class:a:map:reduce:tracer,java.rmi.RemoteException,remote:exception,java.rmi.RemoteException,remote:exception,getMessage,get:message
facebook.FacebookSlaveImpl,facebook:slave:impl,FacebookSlaveImpl,facebook:slave:impl,finish,finish,AMapReduceTracer:@ModelClass:@ModelClass+@RemoteModelInterface:Remote:Serializable:AMapReduceTracer:PropertyChangeListener:EventListener:AMapReduceTracer:@ModelClass:Serializable:Remote:AMapReduceTracer:AMapReduceTracer:AMapReduceTracer:@ReducerClass:AMapReduceTracer:AMapReduceTracer:AMapReduceTracer:@BarrierClass:MapReduceConfiguration:AMapReduceTracer:AMapReduceTracer:@RemoteClientObjectClass+@RemoteClientObjectInterface:Remote:Serializable:AMapReduceTracer:AMapReduceTracer:Runnable:@SlaveClass:AMapReduceTracer:Remote:Serializable:AMapReduceTracer:@PartitionerClass:AMapReduceTracer:AMapReduceTracer:@JoinerClass:AMapReduceTracer:@ControllerClass:AMapReduceTracer:Runnable,a:map:reduce:tracer:model:class:model:class:remote:model:interface:remote:a:map:reduce:tracer:property:change:listener:event:listener:a:map:reduce:tracer:model:class:remote:a:map:reduce:tracer:a:map:reduce:tracer:a:map:reduce:tracer:reducer:class:a:map:reduce:tracer:a:map:reduce:tracer:a:map:reduce:tracer:barrier:class:map:reduce:configuration:a:map:reduce:tracer:a:map:reduce:tracer:remote:client:object:class:remote:client:object:interface:remote:a:map:reduce:tracer:a:map:reduce:tracer:slave:class:a:map:reduce:tracer:remote:a:map:reduce:tracer:partitioner:class:a:map:reduce:tracer:a:map:reduce:tracer:joiner:class:a:map:reduce:tracer:controller:class:a:map:reduce:tracer,java.util.Map,map,java.util.Map,map,forEach,for:each
facebook.FacebookSlaveImpl,facebook:slave:impl,FacebookSlaveImpl,facebook:slave:impl,finish,finish,AMapReduceTracer:@ModelClass:@ModelClass+@RemoteModelInterface:Remote:Serializable:AMapReduceTracer:PropertyChangeListener:EventListener:AMapReduceTracer:@ModelClass:Serializable:Remote:AMapReduceTracer:AMapReduceTracer:AMapReduceTracer:@ReducerClass:AMapReduceTracer:AMapReduceTracer:AMapReduceTracer:@BarrierClass:MapReduceConfiguration:AMapReduceTracer:AMapReduceTracer:@RemoteClientObjectClass+@RemoteClientObjectInterface:Remote:Serializable:AMapReduceTracer:AMapReduceTracer:Runnable:@SlaveClass:AMapReduceTracer:Remote:Serializable:AMapReduceTracer:@PartitionerClass:AMapReduceTracer:AMapReduceTracer:@JoinerClass:AMapReduceTracer:@ControllerClass:AMapReduceTracer:Runnable,a:map:reduce:tracer:model:class:model:class:remote:model:interface:remote:a:map:reduce:tracer:property:change:listener:event:listener:a:map:reduce:tracer:model:class:remote:a:map:reduce:tracer:a:map:reduce:tracer:a:map:reduce:tracer:reducer:class:a:map:reduce:tracer:a:map:reduce:tracer:a:map:reduce:tracer:barrier:class:map:reduce:configuration:a:map:reduce:tracer:a:map:reduce:tracer:remote:client:object:class:remote:client:object:interface:remote:a:map:reduce:tracer:a:map:reduce:tracer:slave:class:a:map:reduce:tracer:remote:a:map:reduce:tracer:partitioner:class:a:map:reduce:tracer:a:map:reduce:tracer:joiner:class:a:map:reduce:tracer:controller:class:a:map:reduce:tracer,key.value.KeyValueImpl,key:value:impl,@KeyValueClass,key:value:class,KeyValueImpl,key:value:impl
facebook.FacebookSlaveImpl,facebook:slave:impl,FacebookSlaveImpl,facebook:slave:impl,notifySlave,notify:slave,AMapReduceTracer:@ModelClass:@ModelClass+@RemoteModelInterface:Remote:Serializable:AMapReduceTracer:PropertyChangeListener:EventListener:AMapReduceTracer:@ModelClass:Serializable:Remote:AMapReduceTracer:AMapReduceTracer:AMapReduceTracer:@ReducerClass:AMapReduceTracer:AMapReduceTracer:AMapReduceTracer:@BarrierClass:MapReduceConfiguration:AMapReduceTracer:AMapReduceTracer:@RemoteClientObjectClass+@RemoteClientObjectInterface:Remote:Serializable:AMapReduceTracer:AMapReduceTracer:Runnable:@SlaveClass:AMapReduceTracer:Remote:Serializable:AMapReduceTracer:@PartitionerClass:AMapReduceTracer:AMapReduceTracer:@JoinerClass:AMapReduceTracer:@ControllerClass:AMapReduceTracer:Runnable,a:map:reduce:tracer:model:class:model:class:remote:model:interface:remote:a:map:reduce:tracer:property:change:listener:event:listener:a:map:reduce:tracer:model:class:remote:a:map:reduce:tracer:a:map:reduce:tracer:a:map:reduce:tracer:reducer:class:a:map:reduce:tracer:a:map:reduce:tracer:a:map:reduce:tracer:barrier:class:map:reduce:configuration:a:map:reduce:tracer:a:map:reduce:tracer:remote:client:object:class:remote:client:object:interface:remote:a:map:reduce:tracer:a:map:reduce:tracer:slave:class:a:map:reduce:tracer:remote:a:map:reduce:tracer:partitioner:class:a:map:reduce:tracer:a:map:reduce:tracer:joiner:class:a:map:reduce:tracer:controller:class:a:map:reduce:tracer,gradingTools.comp533s19.assignment0.AMapReduceTracer,a:map:reduce:tracer,gradingTools.comp533s19.assignment0.AMapReduceTracer,a:map:reduce:tracer,traceNotify,trace:notify
facebook.FacebookSlaveImpl,facebook:slave:impl,FacebookSlaveImpl,facebook:slave:impl,notifySlave,notify:slave,AMapReduceTracer:@ModelClass:@ModelClass+@RemoteModelInterface:Remote:Serializable:AMapReduceTracer:PropertyChangeListener:EventListener:AMapReduceTracer:@ModelClass:Serializable:Remote:AMapReduceTracer:AMapReduceTracer:AMapReduceTracer:@ReducerClass:AMapReduceTracer:AMapReduceTracer:AMapReduceTracer:@BarrierClass:MapReduceConfiguration:AMapReduceTracer:AMapReduceTracer:@RemoteClientObjectClass+@RemoteClientObjectInterface:Remote:Serializable:AMapReduceTracer:AMapReduceTracer:Runnable:@SlaveClass:AMapReduceTracer:Remote:Serializable:AMapReduceTracer:@PartitionerClass:AMapReduceTracer:AMapReduceTracer:@JoinerClass:AMapReduceTracer:@ControllerClass:AMapReduceTracer:Runnable,a:map:reduce:tracer:model:class:model:class:remote:model:interface:remote:a:map:reduce:tracer:property:change:listener:event:listener:a:map:reduce:tracer:model:class:remote:a:map:reduce:tracer:a:map:reduce:tracer:a:map:reduce:tracer:reducer:class:a:map:reduce:tracer:a:map:reduce:tracer:a:map:reduce:tracer:barrier:class:map:reduce:configuration:a:map:reduce:tracer:a:map:reduce:tracer:remote:client:object:class:remote:client:object:interface:remote:a:map:reduce:tracer:a:map:reduce:tracer:slave:class:a:map:reduce:tracer:remote:a:map:reduce:tracer:partitioner:class:a:map:reduce:tracer:a:map:reduce:tracer:joiner:class:a:map:reduce:tracer:controller:class:a:map:reduce:tracer,java.lang.Object,object,java.lang.Object,object,notify,notify
facebook.FacebookSlaveImpl,facebook:slave:impl,FacebookSlaveImpl,facebook:slave:impl,waitForBuffer,wait:for:buffer,AMapReduceTracer:@ModelClass:@ModelClass+@RemoteModelInterface:Remote:Serializable:AMapReduceTracer:PropertyChangeListener:EventListener:AMapReduceTracer:@ModelClass:Serializable:Remote:AMapReduceTracer:AMapReduceTracer:AMapReduceTracer:@ReducerClass:AMapReduceTracer:AMapReduceTracer:AMapReduceTracer:@BarrierClass:MapReduceConfiguration:AMapReduceTracer:AMapReduceTracer:@RemoteClientObjectClass+@RemoteClientObjectInterface:Remote:Serializable:AMapReduceTracer:AMapReduceTracer:Runnable:@SlaveClass:AMapReduceTracer:Remote:Serializable:AMapReduceTracer:@PartitionerClass:AMapReduceTracer:AMapReduceTracer:@JoinerClass:AMapReduceTracer:@ControllerClass:AMapReduceTracer:Runnable,a:map:reduce:tracer:model:class:model:class:remote:model:interface:remote:a:map:reduce:tracer:property:change:listener:event:listener:a:map:reduce:tracer:model:class:remote:a:map:reduce:tracer:a:map:reduce:tracer:a:map:reduce:tracer:reducer:class:a:map:reduce:tracer:a:map:reduce:tracer:a:map:reduce:tracer:barrier:class:map:reduce:configuration:a:map:reduce:tracer:a:map:reduce:tracer:remote:client:object:class:remote:client:object:interface:remote:a:map:reduce:tracer:a:map:reduce:tracer:slave:class:a:map:reduce:tracer:remote:a:map:reduce:tracer:partitioner:class:a:map:reduce:tracer:a:map:reduce:tracer:joiner:class:a:map:reduce:tracer:controller:class:a:map:reduce:tracer,gradingTools.comp533s19.assignment0.AMapReduceTracer,a:map:reduce:tracer,gradingTools.comp533s19.assignment0.AMapReduceTracer,a:map:reduce:tracer,traceWait,trace:wait
facebook.FacebookSlaveImpl,facebook:slave:impl,FacebookSlaveImpl,facebook:slave:impl,waitForBuffer,wait:for:buffer,AMapReduceTracer:@ModelClass:@ModelClass+@RemoteModelInterface:Remote:Serializable:AMapReduceTracer:PropertyChangeListener:EventListener:AMapReduceTracer:@ModelClass:Serializable:Remote:AMapReduceTracer:AMapReduceTracer:AMapReduceTracer:@ReducerClass:AMapReduceTracer:AMapReduceTracer:AMapReduceTracer:@BarrierClass:MapReduceConfiguration:AMapReduceTracer:AMapReduceTracer:@RemoteClientObjectClass+@RemoteClientObjectInterface:Remote:Serializable:AMapReduceTracer:AMapReduceTracer:Runnable:@SlaveClass:AMapReduceTracer:Remote:Serializable:AMapReduceTracer:@PartitionerClass:AMapReduceTracer:AMapReduceTracer:@JoinerClass:AMapReduceTracer:@ControllerClass:AMapReduceTracer:Runnable,a:map:reduce:tracer:model:class:model:class:remote:model:interface:remote:a:map:reduce:tracer:property:change:listener:event:listener:a:map:reduce:tracer:model:class:remote:a:map:reduce:tracer:a:map:reduce:tracer:a:map:reduce:tracer:reducer:class:a:map:reduce:tracer:a:map:reduce:tracer:a:map:reduce:tracer:barrier:class:map:reduce:configuration:a:map:reduce:tracer:a:map:reduce:tracer:remote:client:object:class:remote:client:object:interface:remote:a:map:reduce:tracer:a:map:reduce:tracer:slave:class:a:map:reduce:tracer:remote:a:map:reduce:tracer:partitioner:class:a:map:reduce:tracer:a:map:reduce:tracer:joiner:class:a:map:reduce:tracer:controller:class:a:map:reduce:tracer,java.lang.Object,object,java.lang.Object,object,wait,wait
facebook.FacebookSlaveImpl,facebook:slave:impl,FacebookSlaveImpl,facebook:slave:impl,waitForBuffer,wait:for:buffer,AMapReduceTracer:@ModelClass:@ModelClass+@RemoteModelInterface:Remote:Serializable:AMapReduceTracer:PropertyChangeListener:EventListener:AMapReduceTracer:@ModelClass:Serializable:Remote:AMapReduceTracer:AMapReduceTracer:AMapReduceTracer:@ReducerClass:AMapReduceTracer:AMapReduceTracer:AMapReduceTracer:@BarrierClass:MapReduceConfiguration:AMapReduceTracer:AMapReduceTracer:@RemoteClientObjectClass+@RemoteClientObjectInterface:Remote:Serializable:AMapReduceTracer:AMapReduceTracer:Runnable:@SlaveClass:AMapReduceTracer:Remote:Serializable:AMapReduceTracer:@PartitionerClass:AMapReduceTracer:AMapReduceTracer:@JoinerClass:AMapReduceTracer:@ControllerClass:AMapReduceTracer:Runnable,a:map:reduce:tracer:model:class:model:class:remote:model:interface:remote:a:map:reduce:tracer:property:change:listener:event:listener:a:map:reduce:tracer:model:class:remote:a:map:reduce:tracer:a:map:reduce:tracer:a:map:reduce:tracer:reducer:class:a:map:reduce:tracer:a:map:reduce:tracer:a:map:reduce:tracer:barrier:class:map:reduce:configuration:a:map:reduce:tracer:a:map:reduce:tracer:remote:client:object:class:remote:client:object:interface:remote:a:map:reduce:tracer:a:map:reduce:tracer:slave:class:a:map:reduce:tracer:remote:a:map:reduce:tracer:partitioner:class:a:map:reduce:tracer:a:map:reduce:tracer:joiner:class:a:map:reduce:tracer:controller:class:a:map:reduce:tracer,gradingTools.comp533s19.assignment0.AMapReduceTracer,a:map:reduce:tracer,gradingTools.comp533s19.assignment0.AMapReduceTracer,a:map:reduce:tracer,traceQuit,trace:quit
facebook.FacebookSlaveImpl,facebook:slave:impl,FacebookSlaveImpl,facebook:slave:impl,run,run,AMapReduceTracer:@ModelClass:@ModelClass+@RemoteModelInterface:Remote:Serializable:AMapReduceTracer:PropertyChangeListener:EventListener:AMapReduceTracer:@ModelClass:Serializable:Remote:AMapReduceTracer:AMapReduceTracer:AMapReduceTracer:@ReducerClass:AMapReduceTracer:AMapReduceTracer:AMapReduceTracer:@BarrierClass:MapReduceConfiguration:AMapReduceTracer:AMapReduceTracer:@RemoteClientObjectClass+@RemoteClientObjectInterface:Remote:Serializable:AMapReduceTracer:AMapReduceTracer:Runnable:@SlaveClass:AMapReduceTracer:Remote:Serializable:AMapReduceTracer:@PartitionerClass:AMapReduceTracer:AMapReduceTracer:@JoinerClass:AMapReduceTracer:@ControllerClass:AMapReduceTracer:Runnable,a:map:reduce:tracer:model:class:model:class:remote:model:interface:remote:a:map:reduce:tracer:property:change:listener:event:listener:a:map:reduce:tracer:model:class:remote:a:map:reduce:tracer:a:map:reduce:tracer:a:map:reduce:tracer:reducer:class:a:map:reduce:tracer:a:map:reduce:tracer:a:map:reduce:tracer:barrier:class:map:reduce:configuration:a:map:reduce:tracer:a:map:reduce:tracer:remote:client:object:class:remote:client:object:interface:remote:a:map:reduce:tracer:a:map:reduce:tracer:slave:class:a:map:reduce:tracer:remote:a:map:reduce:tracer:partitioner:class:a:map:reduce:tracer:a:map:reduce:tracer:joiner:class:a:map:reduce:tracer:controller:class:a:map:reduce:tracer,gradingTools.comp533s19.assignment0.AMapReduceTracer,a:map:reduce:tracer,gradingTools.comp533s19.assignment0.AMapReduceTracer,a:map:reduce:tracer,traceDequeue,trace
facebook.FacebookSlaveImpl,facebook:slave:impl,FacebookSlaveImpl,facebook:slave:impl,run,run,AMapReduceTracer:@ModelClass:@ModelClass+@RemoteModelInterface:Remote:Serializable:AMapReduceTracer:PropertyChangeListener:EventListener:AMapReduceTracer:@ModelClass:Serializable:Remote:AMapReduceTracer:AMapReduceTracer:AMapReduceTracer:@ReducerClass:AMapReduceTracer:AMapReduceTracer:AMapReduceTracer:@BarrierClass:MapReduceConfiguration:AMapReduceTracer:AMapReduceTracer:@RemoteClientObjectClass+@RemoteClientObjectInterface:Remote:Serializable:AMapReduceTracer:AMapReduceTracer:Runnable:@SlaveClass:AMapReduceTracer:Remote:Serializable:AMapReduceTracer:@PartitionerClass:AMapReduceTracer:AMapReduceTracer:@JoinerClass:AMapReduceTracer:@ControllerClass:AMapReduceTracer:Runnable,a:map:reduce:tracer:model:class:model:class:remote:model:interface:remote:a:map:reduce:tracer:property:change:listener:event:listener:a:map:reduce:tracer:model:class:remote:a:map:reduce:tracer:a:map:reduce:tracer:a:map:reduce:tracer:reducer:class:a:map:reduce:tracer:a:map:reduce:tracer:a:map:reduce:tracer:barrier:class:map:reduce:configuration:a:map:reduce:tracer:a:map:reduce:tracer:remote:client:object:class:remote:client:object:interface:remote:a:map:reduce:tracer:a:map:reduce:tracer:slave:class:a:map:reduce:tracer:remote:a:map:reduce:tracer:partitioner:class:a:map:reduce:tracer:a:map:reduce:tracer:joiner:class:a:map:reduce:tracer:controller:class:a:map:reduce:tracer,gradingTools.comp533s19.assignment0.AMapReduceTracer,a:map:reduce:tracer,gradingTools.comp533s19.assignment0.AMapReduceTracer,a:map:reduce:tracer,traceQuit,trace:quit
facebook.FacebookSlaveImpl,facebook:slave:impl,FacebookSlaveImpl,facebook:slave:impl,run,run,AMapReduceTracer:@ModelClass:@ModelClass+@RemoteModelInterface:Remote:Serializable:AMapReduceTracer:PropertyChangeListener:EventListener:AMapReduceTracer:@ModelClass:Serializable:Remote:AMapReduceTracer:AMapReduceTracer:AMapReduceTracer:@ReducerClass:AMapReduceTracer:AMapReduceTracer:AMapReduceTracer:@BarrierClass:MapReduceConfiguration:AMapReduceTracer:AMapReduceTracer:@RemoteClientObjectClass+@RemoteClientObjectInterface:Remote:Serializable:AMapReduceTracer:AMapReduceTracer:Runnable:@SlaveClass:AMapReduceTracer:Remote:Serializable:AMapReduceTracer:@PartitionerClass:AMapReduceTracer:AMapReduceTracer:@JoinerClass:AMapReduceTracer:@ControllerClass:AMapReduceTracer:Runnable,a:map:reduce:tracer:model:class:model:class:remote:model:interface:remote:a:map:reduce:tracer:property:change:listener:event:listener:a:map:reduce:tracer:model:class:remote:a:map:reduce:tracer:a:map:reduce:tracer:a:map:reduce:tracer:reducer:class:a:map:reduce:tracer:a:map:reduce:tracer:a:map:reduce:tracer:barrier:class:map:reduce:configuration:a:map:reduce:tracer:a:map:reduce:tracer:remote:client:object:class:remote:client:object:interface:remote:a:map:reduce:tracer:a:map:reduce:tracer:slave:class:a:map:reduce:tracer:remote:a:map:reduce:tracer:partitioner:class:a:map:reduce:tracer:a:map:reduce:tracer:joiner:class:a:map:reduce:tracer:controller:class:a:map:reduce:tracer,key.value.KeyValue,key:value,@KeyValueClass,key:value:class,getKey,get:key
facebook.FacebookSlaveImpl,facebook:slave:impl,FacebookSlaveImpl,facebook:slave:impl,run,run,AMapReduceTracer:@ModelClass:@ModelClass+@RemoteModelInterface:Remote:Serializable:AMapReduceTracer:PropertyChangeListener:EventListener:AMapReduceTracer:@ModelClass:Serializable:Remote:AMapReduceTracer:AMapReduceTracer:AMapReduceTracer:@ReducerClass:AMapReduceTracer:AMapReduceTracer:AMapReduceTracer:@BarrierClass:MapReduceConfiguration:AMapReduceTracer:AMapReduceTracer:@RemoteClientObjectClass+@RemoteClientObjectInterface:Remote:Serializable:AMapReduceTracer:AMapReduceTracer:Runnable:@SlaveClass:AMapReduceTracer:Remote:Serializable:AMapReduceTracer:@PartitionerClass:AMapReduceTracer:AMapReduceTracer:@JoinerClass:AMapReduceTracer:@ControllerClass:AMapReduceTracer:Runnable,a:map:reduce:tracer:model:class:model:class:remote:model:interface:remote:a:map:reduce:tracer:property:change:listener:event:listener:a:map:reduce:tracer:model:class:remote:a:map:reduce:tracer:a:map:reduce:tracer:a:map:reduce:tracer:reducer:class:a:map:reduce:tracer:a:map:reduce:tracer:a:map:reduce:tracer:barrier:class:map:reduce:configuration:a:map:reduce:tracer:a:map:reduce:tracer:remote:client:object:class:remote:client:object:interface:remote:a:map:reduce:tracer:a:map:reduce:tracer:slave:class:a:map:reduce:tracer:remote:a:map:reduce:tracer:partitioner:class:a:map:reduce:tracer:a:map:reduce:tracer:joiner:class:a:map:reduce:tracer:controller:class:a:map:reduce:tracer,key.value.KeyValue,key:value,@KeyValueClass,key:value:class,getValue,get:value
facebook.FacebookSlaveImpl,facebook:slave:impl,FacebookSlaveImpl,facebook:slave:impl,run,run,AMapReduceTracer:@ModelClass:@ModelClass+@RemoteModelInterface:Remote:Serializable:AMapReduceTracer:PropertyChangeListener:EventListener:AMapReduceTracer:@ModelClass:Serializable:Remote:AMapReduceTracer:AMapReduceTracer:AMapReduceTracer:@ReducerClass:AMapReduceTracer:AMapReduceTracer:AMapReduceTracer:@BarrierClass:MapReduceConfiguration:AMapReduceTracer:AMapReduceTracer:@RemoteClientObjectClass+@RemoteClientObjectInterface:Remote:Serializable:AMapReduceTracer:AMapReduceTracer:Runnable:@SlaveClass:AMapReduceTracer:Remote:Serializable:AMapReduceTracer:@PartitionerClass:AMapReduceTracer:AMapReduceTracer:@JoinerClass:AMapReduceTracer:@ControllerClass:AMapReduceTracer:Runnable,a:map:reduce:tracer:model:class:model:class:remote:model:interface:remote:a:map:reduce:tracer:property:change:listener:event:listener:a:map:reduce:tracer:model:class:remote:a:map:reduce:tracer:a:map:reduce:tracer:a:map:reduce:tracer:reducer:class:a:map:reduce:tracer:a:map:reduce:tracer:a:map:reduce:tracer:barrier:class:map:reduce:configuration:a:map:reduce:tracer:a:map:reduce:tracer:remote:client:object:class:remote:client:object:interface:remote:a:map:reduce:tracer:a:map:reduce:tracer:slave:class:a:map:reduce:tracer:remote:a:map:reduce:tracer:partitioner:class:a:map:reduce:tracer:a:map:reduce:tracer:joiner:class:a:map:reduce:tracer:controller:class:a:map:reduce:tracer,java.util.List,list,java.util.List,list,add,add
facebook.FacebookSlaveImpl,facebook:slave:impl,FacebookSlaveImpl,facebook:slave:impl,clearInput,clear:input,AMapReduceTracer:@ModelClass:@ModelClass+@RemoteModelInterface:Remote:Serializable:AMapReduceTracer:PropertyChangeListener:EventListener:AMapReduceTracer:@ModelClass:Serializable:Remote:AMapReduceTracer:AMapReduceTracer:AMapReduceTracer:@ReducerClass:AMapReduceTracer:AMapReduceTracer:AMapReduceTracer:@BarrierClass:MapReduceConfiguration:AMapReduceTracer:AMapReduceTracer:@RemoteClientObjectClass+@RemoteClientObjectInterface:Remote:Serializable:AMapReduceTracer:AMapReduceTracer:Runnable:@SlaveClass:AMapReduceTracer:Remote:Serializable:AMapReduceTracer:@PartitionerClass:AMapReduceTracer:AMapReduceTracer:@JoinerClass:AMapReduceTracer:@ControllerClass:AMapReduceTracer:Runnable,a:map:reduce:tracer:model:class:model:class:remote:model:interface:remote:a:map:reduce:tracer:property:change:listener:event:listener:a:map:reduce:tracer:model:class:remote:a:map:reduce:tracer:a:map:reduce:tracer:a:map:reduce:tracer:reducer:class:a:map:reduce:tracer:a:map:reduce:tracer:a:map:reduce:tracer:barrier:class:map:reduce:configuration:a:map:reduce:tracer:a:map:reduce:tracer:remote:client:object:class:remote:client:object:interface:remote:a:map:reduce:tracer:a:map:reduce:tracer:slave:class:a:map:reduce:tracer:remote:a:map:reduce:tracer:partitioner:class:a:map:reduce:tracer:a:map:reduce:tracer:joiner:class:a:map:reduce:tracer:controller:class:a:map:reduce:tracer,java.util.List,list,java.util.List,list,clear,clear
facebook.FacebookSlaveImpl,facebook:slave:impl,FacebookSlaveImpl,facebook:slave:impl,addRemoteClient,add:remote:client,AMapReduceTracer:@ModelClass:@ModelClass+@RemoteModelInterface:Remote:Serializable:AMapReduceTracer:PropertyChangeListener:EventListener:AMapReduceTracer:@ModelClass:Serializable:Remote:AMapReduceTracer:AMapReduceTracer:AMapReduceTracer:@ReducerClass:AMapReduceTracer:AMapReduceTracer:AMapReduceTracer:@BarrierClass:MapReduceConfiguration:AMapReduceTracer:AMapReduceTracer:@RemoteClientObjectClass+@RemoteClientObjectInterface:Remote:Serializable:AMapReduceTracer:AMapReduceTracer:Runnable:@SlaveClass:AMapReduceTracer:Remote:Serializable:AMapReduceTracer:@PartitionerClass:AMapReduceTracer:AMapReduceTracer:@JoinerClass:AMapReduceTracer:@ControllerClass:AMapReduceTracer:Runnable,a:map:reduce:tracer:model:class:model:class:remote:model:interface:remote:a:map:reduce:tracer:property:change:listener:event:listener:a:map:reduce:tracer:model:class:remote:a:map:reduce:tracer:a:map:reduce:tracer:a:map:reduce:tracer:reducer:class:a:map:reduce:tracer:a:map:reduce:tracer:a:map:reduce:tracer:barrier:class:map:reduce:configuration:a:map:reduce:tracer:a:map:reduce:tracer:remote:client:object:class:remote:client:object:interface:remote:a:map:reduce:tracer:a:map:reduce:tracer:slave:class:a:map:reduce:tracer:remote:a:map:reduce:tracer:partitioner:class:a:map:reduce:tracer:a:map:reduce:tracer:joiner:class:a:map:reduce:tracer:controller:class:a:map:reduce:tracer,gradingTools.comp533s19.assignment0.AMapReduceTracer,a:map:reduce:tracer,gradingTools.comp533s19.assignment0.AMapReduceTracer,a:map:reduce:tracer,traceClientAssignment,trace:client:assignment
mapper.factory.MapperFactory,mapper:factory,@MapperFactory,mapper:factory,setMapper,set:mapper,AMapReduceTracer:@ModelClass:@ModelClass+@RemoteModelInterface:Remote:Serializable:AMapReduceTracer:PropertyChangeListener:EventListener:AMapReduceTracer:@ModelClass:Serializable:Remote:AMapReduceTracer:AMapReduceTracer:AMapReduceTracer:@ReducerClass:AMapReduceTracer:AMapReduceTracer:AMapReduceTracer:@BarrierClass:MapReduceConfiguration:AMapReduceTracer:AMapReduceTracer:@RemoteClientObjectClass+@RemoteClientObjectInterface:Remote:Serializable:AMapReduceTracer:AMapReduceTracer:Runnable:@SlaveClass:AMapReduceTracer:Remote:Serializable:AMapReduceTracer:@PartitionerClass:AMapReduceTracer:AMapReduceTracer:@JoinerClass:AMapReduceTracer:@ControllerClass:AMapReduceTracer:Runnable:AMapReduceTracer,a:map:reduce:tracer:model:class:model:class:remote:model:interface:remote:a:map:reduce:tracer:property:change:listener:event:listener:a:map:reduce:tracer:model:class:remote:a:map:reduce:tracer:a:map:reduce:tracer:a:map:reduce:tracer:reducer:class:a:map:reduce:tracer:a:map:reduce:tracer:a:map:reduce:tracer:barrier:class:map:reduce:configuration:a:map:reduce:tracer:a:map:reduce:tracer:remote:client:object:class:remote:client:object:interface:remote:a:map:reduce:tracer:a:map:reduce:tracer:slave:class:a:map:reduce:tracer:remote:a:map:reduce:tracer:partitioner:class:a:map:reduce:tracer:a:map:reduce:tracer:joiner:class:a:map:reduce:tracer:controller:class:a:map:reduce:tracer:a:map:reduce:tracer,comp533.assignment.mapper.AssignmentMapperImpl,assignment:mapper:impl,@TokenCountingMapperClass,token:counting:mapper:class,AssignmentMapperImpl,assignment:mapper:impl
mapper.factory.MapperFactory,mapper:factory,@MapperFactory,mapper:factory,setMapper,set:mapper,AMapReduceTracer:@ModelClass:@ModelClass+@RemoteModelInterface:Remote:Serializable:AMapReduceTracer:PropertyChangeListener:EventListener:AMapReduceTracer:@ModelClass:Serializable:Remote:AMapReduceTracer:AMapReduceTracer:AMapReduceTracer:@ReducerClass:AMapReduceTracer:AMapReduceTracer:AMapReduceTracer:@BarrierClass:MapReduceConfiguration:AMapReduceTracer:AMapReduceTracer:@RemoteClientObjectClass+@RemoteClientObjectInterface:Remote:Serializable:AMapReduceTracer:AMapReduceTracer:Runnable:@SlaveClass:AMapReduceTracer:Remote:Serializable:AMapReduceTracer:@PartitionerClass:AMapReduceTracer:AMapReduceTracer:@JoinerClass:AMapReduceTracer:@ControllerClass:AMapReduceTracer:Runnable:AMapReduceTracer,a:map:reduce:tracer:model:class:model:class:remote:model:interface:remote:a:map:reduce:tracer:property:change:listener:event:listener:a:map:reduce:tracer:model:class:remote:a:map:reduce:tracer:a:map:reduce:tracer:a:map:reduce:tracer:reducer:class:a:map:reduce:tracer:a:map:reduce:tracer:a:map:reduce:tracer:barrier:class:map:reduce:configuration:a:map:reduce:tracer:a:map:reduce:tracer:remote:client:object:class:remote:client:object:interface:remote:a:map:reduce:tracer:a:map:reduce:tracer:slave:class:a:map:reduce:tracer:remote:a:map:reduce:tracer:partitioner:class:a:map:reduce:tracer:a:map:reduce:tracer:joiner:class:a:map:reduce:tracer:controller:class:a:map:reduce:tracer:a:map:reduce:tracer,gradingTools.comp533s19.assignment0.AMapReduceTracer,a:map:reduce:tracer,gradingTools.comp533s19.assignment0.AMapReduceTracer,a:map:reduce:tracer,traceSingletonChange,trace:singleton:change
mapper.factory.MapperFactory,mapper:factory,@MapperFactory,mapper:factory,setMapper,set:mapper,AMapReduceTracer:@ModelClass:@ModelClass+@RemoteModelInterface:Remote:Serializable:AMapReduceTracer:PropertyChangeListener:EventListener:AMapReduceTracer:@ModelClass:Serializable:Remote:AMapReduceTracer:AMapReduceTracer:AMapReduceTracer:@ReducerClass:AMapReduceTracer:AMapReduceTracer:AMapReduceTracer:@BarrierClass:MapReduceConfiguration:AMapReduceTracer:AMapReduceTracer:@RemoteClientObjectClass+@RemoteClientObjectInterface:Remote:Serializable:AMapReduceTracer:AMapReduceTracer:Runnable:@SlaveClass:AMapReduceTracer:Remote:Serializable:AMapReduceTracer:@PartitionerClass:AMapReduceTracer:AMapReduceTracer:@JoinerClass:AMapReduceTracer:@ControllerClass:AMapReduceTracer:Runnable:AMapReduceTracer,a:map:reduce:tracer:model:class:model:class:remote:model:interface:remote:a:map:reduce:tracer:property:change:listener:event:listener:a:map:reduce:tracer:model:class:remote:a:map:reduce:tracer:a:map:reduce:tracer:a:map:reduce:tracer:reducer:class:a:map:reduce:tracer:a:map:reduce:tracer:a:map:reduce:tracer:barrier:class:map:reduce:configuration:a:map:reduce:tracer:a:map:reduce:tracer:remote:client:object:class:remote:client:object:interface:remote:a:map:reduce:tracer:a:map:reduce:tracer:slave:class:a:map:reduce:tracer:remote:a:map:reduce:tracer:partitioner:class:a:map:reduce:tracer:a:map:reduce:tracer:joiner:class:a:map:reduce:tracer:controller:class:a:map:reduce:tracer:a:map:reduce:tracer,gradingTools.comp533s19.assignment0.AMapReduceTracer,a:map:reduce:tracer,gradingTools.comp533s19.assignment0.AMapReduceTracer,a:map:reduce:tracer,traceSingletonChange,trace:singleton:change
mapper.factory.MapperFactory,mapper:factory,@MapperFactory,mapper:factory,getMapper,get:mapper,AMapReduceTracer:@ModelClass:@ModelClass+@RemoteModelInterface:Remote:Serializable:AMapReduceTracer:PropertyChangeListener:EventListener:AMapReduceTracer:@ModelClass:Serializable:Remote:AMapReduceTracer:AMapReduceTracer:AMapReduceTracer:@ReducerClass:AMapReduceTracer:AMapReduceTracer:AMapReduceTracer:@BarrierClass:MapReduceConfiguration:AMapReduceTracer:AMapReduceTracer:@RemoteClientObjectClass+@RemoteClientObjectInterface:Remote:Serializable:AMapReduceTracer:AMapReduceTracer:Runnable:@SlaveClass:AMapReduceTracer:Remote:Serializable:AMapReduceTracer:@PartitionerClass:AMapReduceTracer:AMapReduceTracer:@JoinerClass:AMapReduceTracer:@ControllerClass:AMapReduceTracer:Runnable:AMapReduceTracer,a:map:reduce:tracer:model:class:model:class:remote:model:interface:remote:a:map:reduce:tracer:property:change:listener:event:listener:a:map:reduce:tracer:model:class:remote:a:map:reduce:tracer:a:map:reduce:tracer:a:map:reduce:tracer:reducer:class:a:map:reduce:tracer:a:map:reduce:tracer:a:map:reduce:tracer:barrier:class:map:reduce:configuration:a:map:reduce:tracer:a:map:reduce:tracer:remote:client:object:class:remote:client:object:interface:remote:a:map:reduce:tracer:a:map:reduce:tracer:slave:class:a:map:reduce:tracer:remote:a:map:reduce:tracer:partitioner:class:a:map:reduce:tracer:a:map:reduce:tracer:joiner:class:a:map:reduce:tracer:controller:class:a:map:reduce:tracer:a:map:reduce:tracer,mapper.factory.MapperFactory,mapper:factory,@MapperFactory,mapper:factory,setMapper,set:mapper
comp533.assignment.mapper.SumMapperImpl,sum:mapper:impl,@IntSummingMapperClass,int:summing:mapper:class,map,map,AMapReduceTracer:@ModelClass:@ModelClass+@RemoteModelInterface:Remote:Serializable:AMapReduceTracer:PropertyChangeListener:EventListener:AMapReduceTracer:@ModelClass:Serializable:Remote:AMapReduceTracer:AMapReduceTracer:AMapReduceTracer:@ReducerClass:AMapReduceTracer:AMapReduceTracer:AMapReduceTracer:@BarrierClass:MapReduceConfiguration:AMapReduceTracer:AMapReduceTracer:@RemoteClientObjectClass+@RemoteClientObjectInterface:Remote:Serializable:AMapReduceTracer:AMapReduceTracer:Runnable:@SlaveClass:AMapReduceTracer:Remote:Serializable:AMapReduceTracer:@PartitionerClass:AMapReduceTracer:AMapReduceTracer:@JoinerClass:AMapReduceTracer:@ControllerClass:AMapReduceTracer:Runnable:AMapReduceTracer:AMapReduceTracer:@IntSummingMapperClass+@TokenCountingMapperClass,a:map:reduce:tracer:model:class:model:class:remote:model:interface:remote:a:map:reduce:tracer:property:change:listener:event:listener:a:map:reduce:tracer:model:class:remote:a:map:reduce:tracer:a:map:reduce:tracer:a:map:reduce:tracer:reducer:class:a:map:reduce:tracer:a:map:reduce:tracer:a:map:reduce:tracer:barrier:class:map:reduce:configuration:a:map:reduce:tracer:a:map:reduce:tracer:remote:client:object:class:remote:client:object:interface:remote:a:map:reduce:tracer:a:map:reduce:tracer:slave:class:a:map:reduce:tracer:remote:a:map:reduce:tracer:partitioner:class:a:map:reduce:tracer:a:map:reduce:tracer:joiner:class:a:map:reduce:tracer:controller:class:a:map:reduce:tracer:a:map:reduce:tracer:a:map:reduce:tracer:int:summing:mapper:class:token:counting:mapper:class,java.util.ArrayList,array:list,java.util.ArrayList,array:list,ArrayList,array:list
comp533.assignment.mapper.SumMapperImpl,sum:mapper:impl,@IntSummingMapperClass,int:summing:mapper:class,map,map,AMapReduceTracer:@ModelClass:@ModelClass+@RemoteModelInterface:Remote:Serializable:AMapReduceTracer:PropertyChangeListener:EventListener:AMapReduceTracer:@ModelClass:Serializable:Remote:AMapReduceTracer:AMapReduceTracer:AMapReduceTracer:@ReducerClass:AMapReduceTracer:AMapReduceTracer:AMapReduceTracer:@BarrierClass:MapReduceConfiguration:AMapReduceTracer:AMapReduceTracer:@RemoteClientObjectClass+@RemoteClientObjectInterface:Remote:Serializable:AMapReduceTracer:AMapReduceTracer:Runnable:@SlaveClass:AMapReduceTracer:Remote:Serializable:AMapReduceTracer:@PartitionerClass:AMapReduceTracer:AMapReduceTracer:@JoinerClass:AMapReduceTracer:@ControllerClass:AMapReduceTracer:Runnable:AMapReduceTracer:AMapReduceTracer:@IntSummingMapperClass+@TokenCountingMapperClass,a:map:reduce:tracer:model:class:model:class:remote:model:interface:remote:a:map:reduce:tracer:property:change:listener:event:listener:a:map:reduce:tracer:model:class:remote:a:map:reduce:tracer:a:map:reduce:tracer:a:map:reduce:tracer:reducer:class:a:map:reduce:tracer:a:map:reduce:tracer:a:map:reduce:tracer:barrier:class:map:reduce:configuration:a:map:reduce:tracer:a:map:reduce:tracer:remote:client:object:class:remote:client:object:interface:remote:a:map:reduce:tracer:a:map:reduce:tracer:slave:class:a:map:reduce:tracer:remote:a:map:reduce:tracer:partitioner:class:a:map:reduce:tracer:a:map:reduce:tracer:joiner:class:a:map:reduce:tracer:controller:class:a:map:reduce:tracer:a:map:reduce:tracer:a:map:reduce:tracer:int:summing:mapper:class:token:counting:mapper:class,java.util.List,list,java.util.List,list,size,size
comp533.assignment.mapper.SumMapperImpl,sum:mapper:impl,@IntSummingMapperClass,int:summing:mapper:class,map,map,AMapReduceTracer:@ModelClass:@ModelClass+@RemoteModelInterface:Remote:Serializable:AMapReduceTracer:PropertyChangeListener:EventListener:AMapReduceTracer:@ModelClass:Serializable:Remote:AMapReduceTracer:AMapReduceTracer:AMapReduceTracer:@ReducerClass:AMapReduceTracer:AMapReduceTracer:AMapReduceTracer:@BarrierClass:MapReduceConfiguration:AMapReduceTracer:AMapReduceTracer:@RemoteClientObjectClass+@RemoteClientObjectInterface:Remote:Serializable:AMapReduceTracer:AMapReduceTracer:Runnable:@SlaveClass:AMapReduceTracer:Remote:Serializable:AMapReduceTracer:@PartitionerClass:AMapReduceTracer:AMapReduceTracer:@JoinerClass:AMapReduceTracer:@ControllerClass:AMapReduceTracer:Runnable:AMapReduceTracer:AMapReduceTracer:@IntSummingMapperClass+@TokenCountingMapperClass,a:map:reduce:tracer:model:class:model:class:remote:model:interface:remote:a:map:reduce:tracer:property:change:listener:event:listener:a:map:reduce:tracer:model:class:remote:a:map:reduce:tracer:a:map:reduce:tracer:a:map:reduce:tracer:reducer:class:a:map:reduce:tracer:a:map:reduce:tracer:a:map:reduce:tracer:barrier:class:map:reduce:configuration:a:map:reduce:tracer:a:map:reduce:tracer:remote:client:object:class:remote:client:object:interface:remote:a:map:reduce:tracer:a:map:reduce:tracer:slave:class:a:map:reduce:tracer:remote:a:map:reduce:tracer:partitioner:class:a:map:reduce:tracer:a:map:reduce:tracer:joiner:class:a:map:reduce:tracer:controller:class:a:map:reduce:tracer:a:map:reduce:tracer:a:map:reduce:tracer:int:summing:mapper:class:token:counting:mapper:class,java.util.List,list,java.util.List,list,add,add
comp533.assignment.mapper.SumMapperImpl,sum:mapper:impl,@IntSummingMapperClass,int:summing:mapper:class,map,map,AMapReduceTracer:@ModelClass:@ModelClass+@RemoteModelInterface:Remote:Serializable:AMapReduceTracer:PropertyChangeListener:EventListener:AMapReduceTracer:@ModelClass:Serializable:Remote:AMapReduceTracer:AMapReduceTracer:AMapReduceTracer:@ReducerClass:AMapReduceTracer:AMapReduceTracer:AMapReduceTracer:@BarrierClass:MapReduceConfiguration:AMapReduceTracer:AMapReduceTracer:@RemoteClientObjectClass+@RemoteClientObjectInterface:Remote:Serializable:AMapReduceTracer:AMapReduceTracer:Runnable:@SlaveClass:AMapReduceTracer:Remote:Serializable:AMapReduceTracer:@PartitionerClass:AMapReduceTracer:AMapReduceTracer:@JoinerClass:AMapReduceTracer:@ControllerClass:AMapReduceTracer:Runnable:AMapReduceTracer:AMapReduceTracer:@IntSummingMapperClass+@TokenCountingMapperClass,a:map:reduce:tracer:model:class:model:class:remote:model:interface:remote:a:map:reduce:tracer:property:change:listener:event:listener:a:map:reduce:tracer:model:class:remote:a:map:reduce:tracer:a:map:reduce:tracer:a:map:reduce:tracer:reducer:class:a:map:reduce:tracer:a:map:reduce:tracer:a:map:reduce:tracer:barrier:class:map:reduce:configuration:a:map:reduce:tracer:a:map:reduce:tracer:remote:client:object:class:remote:client:object:interface:remote:a:map:reduce:tracer:a:map:reduce:tracer:slave:class:a:map:reduce:tracer:remote:a:map:reduce:tracer:partitioner:class:a:map:reduce:tracer:a:map:reduce:tracer:joiner:class:a:map:reduce:tracer:controller:class:a:map:reduce:tracer:a:map:reduce:tracer:a:map:reduce:tracer:int:summing:mapper:class:token:counting:mapper:class,key.value.KeyValueImpl,key:value:impl,@KeyValueClass,key:value:class,KeyValueImpl,key:value:impl
comp533.assignment.mapper.SumMapperImpl,sum:mapper:impl,@IntSummingMapperClass,int:summing:mapper:class,map,map,AMapReduceTracer:@ModelClass:@ModelClass+@RemoteModelInterface:Remote:Serializable:AMapReduceTracer:PropertyChangeListener:EventListener:AMapReduceTracer:@ModelClass:Serializable:Remote:AMapReduceTracer:AMapReduceTracer:AMapReduceTracer:@ReducerClass:AMapReduceTracer:AMapReduceTracer:AMapReduceTracer:@BarrierClass:MapReduceConfiguration:AMapReduceTracer:AMapReduceTracer:@RemoteClientObjectClass+@RemoteClientObjectInterface:Remote:Serializable:AMapReduceTracer:AMapReduceTracer:Runnable:@SlaveClass:AMapReduceTracer:Remote:Serializable:AMapReduceTracer:@PartitionerClass:AMapReduceTracer:AMapReduceTracer:@JoinerClass:AMapReduceTracer:@ControllerClass:AMapReduceTracer:Runnable:AMapReduceTracer:AMapReduceTracer:@IntSummingMapperClass+@TokenCountingMapperClass,a:map:reduce:tracer:model:class:model:class:remote:model:interface:remote:a:map:reduce:tracer:property:change:listener:event:listener:a:map:reduce:tracer:model:class:remote:a:map:reduce:tracer:a:map:reduce:tracer:a:map:reduce:tracer:reducer:class:a:map:reduce:tracer:a:map:reduce:tracer:a:map:reduce:tracer:barrier:class:map:reduce:configuration:a:map:reduce:tracer:a:map:reduce:tracer:remote:client:object:class:remote:client:object:interface:remote:a:map:reduce:tracer:a:map:reduce:tracer:slave:class:a:map:reduce:tracer:remote:a:map:reduce:tracer:partitioner:class:a:map:reduce:tracer:a:map:reduce:tracer:joiner:class:a:map:reduce:tracer:controller:class:a:map:reduce:tracer:a:map:reduce:tracer:a:map:reduce:tracer:int:summing:mapper:class:token:counting:mapper:class,Integer,integer,java.lang.Integer,integer,parseInt,parse:int
comp533.assignment.mapper.SumMapperImpl,sum:mapper:impl,@IntSummingMapperClass,int:summing:mapper:class,map,map,AMapReduceTracer:@ModelClass:@ModelClass+@RemoteModelInterface:Remote:Serializable:AMapReduceTracer:PropertyChangeListener:EventListener:AMapReduceTracer:@ModelClass:Serializable:Remote:AMapReduceTracer:AMapReduceTracer:AMapReduceTracer:@ReducerClass:AMapReduceTracer:AMapReduceTracer:AMapReduceTracer:@BarrierClass:MapReduceConfiguration:AMapReduceTracer:AMapReduceTracer:@RemoteClientObjectClass+@RemoteClientObjectInterface:Remote:Serializable:AMapReduceTracer:AMapReduceTracer:Runnable:@SlaveClass:AMapReduceTracer:Remote:Serializable:AMapReduceTracer:@PartitionerClass:AMapReduceTracer:AMapReduceTracer:@JoinerClass:AMapReduceTracer:@ControllerClass:AMapReduceTracer:Runnable:AMapReduceTracer:AMapReduceTracer:@IntSummingMapperClass+@TokenCountingMapperClass,a:map:reduce:tracer:model:class:model:class:remote:model:interface:remote:a:map:reduce:tracer:property:change:listener:event:listener:a:map:reduce:tracer:model:class:remote:a:map:reduce:tracer:a:map:reduce:tracer:a:map:reduce:tracer:reducer:class:a:map:reduce:tracer:a:map:reduce:tracer:a:map:reduce:tracer:barrier:class:map:reduce:configuration:a:map:reduce:tracer:a:map:reduce:tracer:remote:client:object:class:remote:client:object:interface:remote:a:map:reduce:tracer:a:map:reduce:tracer:slave:class:a:map:reduce:tracer:remote:a:map:reduce:tracer:partitioner:class:a:map:reduce:tracer:a:map:reduce:tracer:joiner:class:a:map:reduce:tracer:controller:class:a:map:reduce:tracer:a:map:reduce:tracer:a:map:reduce:tracer:int:summing:mapper:class:token:counting:mapper:class,java.util.List,list,java.util.List,list,get,get
comp533.assignment.mapper.SumMapperImpl,sum:mapper:impl,@IntSummingMapperClass,int:summing:mapper:class,map,map,AMapReduceTracer:@ModelClass:@ModelClass+@RemoteModelInterface:Remote:Serializable:AMapReduceTracer:PropertyChangeListener:EventListener:AMapReduceTracer:@ModelClass:Serializable:Remote:AMapReduceTracer:AMapReduceTracer:AMapReduceTracer:@ReducerClass:AMapReduceTracer:AMapReduceTracer:AMapReduceTracer:@BarrierClass:MapReduceConfiguration:AMapReduceTracer:AMapReduceTracer:@RemoteClientObjectClass+@RemoteClientObjectInterface:Remote:Serializable:AMapReduceTracer:AMapReduceTracer:Runnable:@SlaveClass:AMapReduceTracer:Remote:Serializable:AMapReduceTracer:@PartitionerClass:AMapReduceTracer:AMapReduceTracer:@JoinerClass:AMapReduceTracer:@ControllerClass:AMapReduceTracer:Runnable:AMapReduceTracer:AMapReduceTracer:@IntSummingMapperClass+@TokenCountingMapperClass,a:map:reduce:tracer:model:class:model:class:remote:model:interface:remote:a:map:reduce:tracer:property:change:listener:event:listener:a:map:reduce:tracer:model:class:remote:a:map:reduce:tracer:a:map:reduce:tracer:a:map:reduce:tracer:reducer:class:a:map:reduce:tracer:a:map:reduce:tracer:a:map:reduce:tracer:barrier:class:map:reduce:configuration:a:map:reduce:tracer:a:map:reduce:tracer:remote:client:object:class:remote:client:object:interface:remote:a:map:reduce:tracer:a:map:reduce:tracer:slave:class:a:map:reduce:tracer:remote:a:map:reduce:tracer:partitioner:class:a:map:reduce:tracer:a:map:reduce:tracer:joiner:class:a:map:reduce:tracer:controller:class:a:map:reduce:tracer:a:map:reduce:tracer:a:map:reduce:tracer:int:summing:mapper:class:token:counting:mapper:class,gradingTools.comp533s19.assignment0.AMapReduceTracer,a:map:reduce:tracer,gradingTools.comp533s19.assignment0.AMapReduceTracer,a:map:reduce:tracer,traceMap,trace:map
comp533.assignment.mapper.AssignmentMapperImpl,assignment:mapper:impl,@TokenCountingMapperClass,token:counting:mapper:class,map,map,AMapReduceTracer:@ModelClass:@ModelClass+@RemoteModelInterface:Remote:Serializable:AMapReduceTracer:PropertyChangeListener:EventListener:AMapReduceTracer:@ModelClass:Serializable:Remote:AMapReduceTracer:AMapReduceTracer:AMapReduceTracer:@ReducerClass:AMapReduceTracer:AMapReduceTracer:AMapReduceTracer:@BarrierClass:MapReduceConfiguration:AMapReduceTracer:AMapReduceTracer:@RemoteClientObjectClass+@RemoteClientObjectInterface:Remote:Serializable:AMapReduceTracer:AMapReduceTracer:Runnable:@SlaveClass:AMapReduceTracer:Remote:Serializable:AMapReduceTracer:@PartitionerClass:AMapReduceTracer:AMapReduceTracer:@JoinerClass:AMapReduceTracer:@ControllerClass:AMapReduceTracer:Runnable:AMapReduceTracer:AMapReduceTracer:@IntSummingMapperClass+@TokenCountingMapperClass:AMapReduceTracer:@IntSummingMapperClass+@TokenCountingMapperClass,a:map:reduce:tracer:model:class:model:class:remote:model:interface:remote:a:map:reduce:tracer:property:change:listener:event:listener:a:map:reduce:tracer:model:class:remote:a:map:reduce:tracer:a:map:reduce:tracer:a:map:reduce:tracer:reducer:class:a:map:reduce:tracer:a:map:reduce:tracer:a:map:reduce:tracer:barrier:class:map:reduce:configuration:a:map:reduce:tracer:a:map:reduce:tracer:remote:client:object:class:remote:client:object:interface:remote:a:map:reduce:tracer:a:map:reduce:tracer:slave:class:a:map:reduce:tracer:remote:a:map:reduce:tracer:partitioner:class:a:map:reduce:tracer:a:map:reduce:tracer:joiner:class:a:map:reduce:tracer:controller:class:a:map:reduce:tracer:a:map:reduce:tracer:a:map:reduce:tracer:int:summing:mapper:class:token:counting:mapper:class:a:map:reduce:tracer:int:summing:mapper:class:token:counting:mapper:class,gradingTools.comp533s19.assignment0.AMapReduceTracer,a:map:reduce:tracer,gradingTools.comp533s19.assignment0.AMapReduceTracer,a:map:reduce:tracer,trace,trace
comp533.assignment.mapper.AssignmentMapperImpl,assignment:mapper:impl,@TokenCountingMapperClass,token:counting:mapper:class,map,map,AMapReduceTracer:@ModelClass:@ModelClass+@RemoteModelInterface:Remote:Serializable:AMapReduceTracer:PropertyChangeListener:EventListener:AMapReduceTracer:@ModelClass:Serializable:Remote:AMapReduceTracer:AMapReduceTracer:AMapReduceTracer:@ReducerClass:AMapReduceTracer:AMapReduceTracer:AMapReduceTracer:@BarrierClass:MapReduceConfiguration:AMapReduceTracer:AMapReduceTracer:@RemoteClientObjectClass+@RemoteClientObjectInterface:Remote:Serializable:AMapReduceTracer:AMapReduceTracer:Runnable:@SlaveClass:AMapReduceTracer:Remote:Serializable:AMapReduceTracer:@PartitionerClass:AMapReduceTracer:AMapReduceTracer:@JoinerClass:AMapReduceTracer:@ControllerClass:AMapReduceTracer:Runnable:AMapReduceTracer:AMapReduceTracer:@IntSummingMapperClass+@TokenCountingMapperClass:AMapReduceTracer:@IntSummingMapperClass+@TokenCountingMapperClass,a:map:reduce:tracer:model:class:model:class:remote:model:interface:remote:a:map:reduce:tracer:property:change:listener:event:listener:a:map:reduce:tracer:model:class:remote:a:map:reduce:tracer:a:map:reduce:tracer:a:map:reduce:tracer:reducer:class:a:map:reduce:tracer:a:map:reduce:tracer:a:map:reduce:tracer:barrier:class:map:reduce:configuration:a:map:reduce:tracer:a:map:reduce:tracer:remote:client:object:class:remote:client:object:interface:remote:a:map:reduce:tracer:a:map:reduce:tracer:slave:class:a:map:reduce:tracer:remote:a:map:reduce:tracer:partitioner:class:a:map:reduce:tracer:a:map:reduce:tracer:joiner:class:a:map:reduce:tracer:controller:class:a:map:reduce:tracer:a:map:reduce:tracer:a:map:reduce:tracer:int:summing:mapper:class:token:counting:mapper:class:a:map:reduce:tracer:int:summing:mapper:class:token:counting:mapper:class,java.util.List,list,java.util.List,list,toString,to:string
comp533.assignment.mapper.AssignmentMapperImpl,assignment:mapper:impl,@TokenCountingMapperClass,token:counting:mapper:class,map,map,AMapReduceTracer:@ModelClass:@ModelClass+@RemoteModelInterface:Remote:Serializable:AMapReduceTracer:PropertyChangeListener:EventListener:AMapReduceTracer:@ModelClass:Serializable:Remote:AMapReduceTracer:AMapReduceTracer:AMapReduceTracer:@ReducerClass:AMapReduceTracer:AMapReduceTracer:AMapReduceTracer:@BarrierClass:MapReduceConfiguration:AMapReduceTracer:AMapReduceTracer:@RemoteClientObjectClass+@RemoteClientObjectInterface:Remote:Serializable:AMapReduceTracer:AMapReduceTracer:Runnable:@SlaveClass:AMapReduceTracer:Remote:Serializable:AMapReduceTracer:@PartitionerClass:AMapReduceTracer:AMapReduceTracer:@JoinerClass:AMapReduceTracer:@ControllerClass:AMapReduceTracer:Runnable:AMapReduceTracer:AMapReduceTracer:@IntSummingMapperClass+@TokenCountingMapperClass:AMapReduceTracer:@IntSummingMapperClass+@TokenCountingMapperClass,a:map:reduce:tracer:model:class:model:class:remote:model:interface:remote:a:map:reduce:tracer:property:change:listener:event:listener:a:map:reduce:tracer:model:class:remote:a:map:reduce:tracer:a:map:reduce:tracer:a:map:reduce:tracer:reducer:class:a:map:reduce:tracer:a:map:reduce:tracer:a:map:reduce:tracer:barrier:class:map:reduce:configuration:a:map:reduce:tracer:a:map:reduce:tracer:remote:client:object:class:remote:client:object:interface:remote:a:map:reduce:tracer:a:map:reduce:tracer:slave:class:a:map:reduce:tracer:remote:a:map:reduce:tracer:partitioner:class:a:map:reduce:tracer:a:map:reduce:tracer:joiner:class:a:map:reduce:tracer:controller:class:a:map:reduce:tracer:a:map:reduce:tracer:a:map:reduce:tracer:int:summing:mapper:class:token:counting:mapper:class:a:map:reduce:tracer:int:summing:mapper:class:token:counting:mapper:class,java.util.ArrayList,array:list,java.util.ArrayList,array:list,ArrayList,array:list
comp533.assignment.mapper.AssignmentMapperImpl,assignment:mapper:impl,@TokenCountingMapperClass,token:counting:mapper:class,map,map,AMapReduceTracer:@ModelClass:@ModelClass+@RemoteModelInterface:Remote:Serializable:AMapReduceTracer:PropertyChangeListener:EventListener:AMapReduceTracer:@ModelClass:Serializable:Remote:AMapReduceTracer:AMapReduceTracer:AMapReduceTracer:@ReducerClass:AMapReduceTracer:AMapReduceTracer:AMapReduceTracer:@BarrierClass:MapReduceConfiguration:AMapReduceTracer:AMapReduceTracer:@RemoteClientObjectClass+@RemoteClientObjectInterface:Remote:Serializable:AMapReduceTracer:AMapReduceTracer:Runnable:@SlaveClass:AMapReduceTracer:Remote:Serializable:AMapReduceTracer:@PartitionerClass:AMapReduceTracer:AMapReduceTracer:@JoinerClass:AMapReduceTracer:@ControllerClass:AMapReduceTracer:Runnable:AMapReduceTracer:AMapReduceTracer:@IntSummingMapperClass+@TokenCountingMapperClass:AMapReduceTracer:@IntSummingMapperClass+@TokenCountingMapperClass,a:map:reduce:tracer:model:class:model:class:remote:model:interface:remote:a:map:reduce:tracer:property:change:listener:event:listener:a:map:reduce:tracer:model:class:remote:a:map:reduce:tracer:a:map:reduce:tracer:a:map:reduce:tracer:reducer:class:a:map:reduce:tracer:a:map:reduce:tracer:a:map:reduce:tracer:barrier:class:map:reduce:configuration:a:map:reduce:tracer:a:map:reduce:tracer:remote:client:object:class:remote:client:object:interface:remote:a:map:reduce:tracer:a:map:reduce:tracer:slave:class:a:map:reduce:tracer:remote:a:map:reduce:tracer:partitioner:class:a:map:reduce:tracer:a:map:reduce:tracer:joiner:class:a:map:reduce:tracer:controller:class:a:map:reduce:tracer:a:map:reduce:tracer:a:map:reduce:tracer:int:summing:mapper:class:token:counting:mapper:class:a:map:reduce:tracer:int:summing:mapper:class:token:counting:mapper:class,java.util.List,list,java.util.List,list,size,size
comp533.assignment.mapper.AssignmentMapperImpl,assignment:mapper:impl,@TokenCountingMapperClass,token:counting:mapper:class,map,map,AMapReduceTracer:@ModelClass:@ModelClass+@RemoteModelInterface:Remote:Serializable:AMapReduceTracer:PropertyChangeListener:EventListener:AMapReduceTracer:@ModelClass:Serializable:Remote:AMapReduceTracer:AMapReduceTracer:AMapReduceTracer:@ReducerClass:AMapReduceTracer:AMapReduceTracer:AMapReduceTracer:@BarrierClass:MapReduceConfiguration:AMapReduceTracer:AMapReduceTracer:@RemoteClientObjectClass+@RemoteClientObjectInterface:Remote:Serializable:AMapReduceTracer:AMapReduceTracer:Runnable:@SlaveClass:AMapReduceTracer:Remote:Serializable:AMapReduceTracer:@PartitionerClass:AMapReduceTracer:AMapReduceTracer:@JoinerClass:AMapReduceTracer:@ControllerClass:AMapReduceTracer:Runnable:AMapReduceTracer:AMapReduceTracer:@IntSummingMapperClass+@TokenCountingMapperClass:AMapReduceTracer:@IntSummingMapperClass+@TokenCountingMapperClass,a:map:reduce:tracer:model:class:model:class:remote:model:interface:remote:a:map:reduce:tracer:property:change:listener:event:listener:a:map:reduce:tracer:model:class:remote:a:map:reduce:tracer:a:map:reduce:tracer:a:map:reduce:tracer:reducer:class:a:map:reduce:tracer:a:map:reduce:tracer:a:map:reduce:tracer:barrier:class:map:reduce:configuration:a:map:reduce:tracer:a:map:reduce:tracer:remote:client:object:class:remote:client:object:interface:remote:a:map:reduce:tracer:a:map:reduce:tracer:slave:class:a:map:reduce:tracer:remote:a:map:reduce:tracer:partitioner:class:a:map:reduce:tracer:a:map:reduce:tracer:joiner:class:a:map:reduce:tracer:controller:class:a:map:reduce:tracer:a:map:reduce:tracer:a:map:reduce:tracer:int:summing:mapper:class:token:counting:mapper:class:a:map:reduce:tracer:int:summing:mapper:class:token:counting:mapper:class,java.util.List,list,java.util.List,list,add,add
comp533.assignment.mapper.AssignmentMapperImpl,assignment:mapper:impl,@TokenCountingMapperClass,token:counting:mapper:class,map,map,AMapReduceTracer:@ModelClass:@ModelClass+@RemoteModelInterface:Remote:Serializable:AMapReduceTracer:PropertyChangeListener:EventListener:AMapReduceTracer:@ModelClass:Serializable:Remote:AMapReduceTracer:AMapReduceTracer:AMapReduceTracer:@ReducerClass:AMapReduceTracer:AMapReduceTracer:AMapReduceTracer:@BarrierClass:MapReduceConfiguration:AMapReduceTracer:AMapReduceTracer:@RemoteClientObjectClass+@RemoteClientObjectInterface:Remote:Serializable:AMapReduceTracer:AMapReduceTracer:Runnable:@SlaveClass:AMapReduceTracer:Remote:Serializable:AMapReduceTracer:@PartitionerClass:AMapReduceTracer:AMapReduceTracer:@JoinerClass:AMapReduceTracer:@ControllerClass:AMapReduceTracer:Runnable:AMapReduceTracer:AMapReduceTracer:@IntSummingMapperClass+@TokenCountingMapperClass:AMapReduceTracer:@IntSummingMapperClass+@TokenCountingMapperClass,a:map:reduce:tracer:model:class:model:class:remote:model:interface:remote:a:map:reduce:tracer:property:change:listener:event:listener:a:map:reduce:tracer:model:class:remote:a:map:reduce:tracer:a:map:reduce:tracer:a:map:reduce:tracer:reducer:class:a:map:reduce:tracer:a:map:reduce:tracer:a:map:reduce:tracer:barrier:class:map:reduce:configuration:a:map:reduce:tracer:a:map:reduce:tracer:remote:client:object:class:remote:client:object:interface:remote:a:map:reduce:tracer:a:map:reduce:tracer:slave:class:a:map:reduce:tracer:remote:a:map:reduce:tracer:partitioner:class:a:map:reduce:tracer:a:map:reduce:tracer:joiner:class:a:map:reduce:tracer:controller:class:a:map:reduce:tracer:a:map:reduce:tracer:a:map:reduce:tracer:int:summing:mapper:class:token:counting:mapper:class:a:map:reduce:tracer:int:summing:mapper:class:token:counting:mapper:class,key.value.KeyValueImpl,key:value:impl,@KeyValueClass,key:value:class,KeyValueImpl,key:value:impl
comp533.assignment.mapper.AssignmentMapperImpl,assignment:mapper:impl,@TokenCountingMapperClass,token:counting:mapper:class,map,map,AMapReduceTracer:@ModelClass:@ModelClass+@RemoteModelInterface:Remote:Serializable:AMapReduceTracer:PropertyChangeListener:EventListener:AMapReduceTracer:@ModelClass:Serializable:Remote:AMapReduceTracer:AMapReduceTracer:AMapReduceTracer:@ReducerClass:AMapReduceTracer:AMapReduceTracer:AMapReduceTracer:@BarrierClass:MapReduceConfiguration:AMapReduceTracer:AMapReduceTracer:@RemoteClientObjectClass+@RemoteClientObjectInterface:Remote:Serializable:AMapReduceTracer:AMapReduceTracer:Runnable:@SlaveClass:AMapReduceTracer:Remote:Serializable:AMapReduceTracer:@PartitionerClass:AMapReduceTracer:AMapReduceTracer:@JoinerClass:AMapReduceTracer:@ControllerClass:AMapReduceTracer:Runnable:AMapReduceTracer:AMapReduceTracer:@IntSummingMapperClass+@TokenCountingMapperClass:AMapReduceTracer:@IntSummingMapperClass+@TokenCountingMapperClass,a:map:reduce:tracer:model:class:model:class:remote:model:interface:remote:a:map:reduce:tracer:property:change:listener:event:listener:a:map:reduce:tracer:model:class:remote:a:map:reduce:tracer:a:map:reduce:tracer:a:map:reduce:tracer:reducer:class:a:map:reduce:tracer:a:map:reduce:tracer:a:map:reduce:tracer:barrier:class:map:reduce:configuration:a:map:reduce:tracer:a:map:reduce:tracer:remote:client:object:class:remote:client:object:interface:remote:a:map:reduce:tracer:a:map:reduce:tracer:slave:class:a:map:reduce:tracer:remote:a:map:reduce:tracer:partitioner:class:a:map:reduce:tracer:a:map:reduce:tracer:joiner:class:a:map:reduce:tracer:controller:class:a:map:reduce:tracer:a:map:reduce:tracer:a:map:reduce:tracer:int:summing:mapper:class:token:counting:mapper:class:a:map:reduce:tracer:int:summing:mapper:class:token:counting:mapper:class,java.util.List,list,java.util.List,list,get,get
comp533.assignment.mapper.AssignmentMapperImpl,assignment:mapper:impl,@TokenCountingMapperClass,token:counting:mapper:class,map,map,AMapReduceTracer:@ModelClass:@ModelClass+@RemoteModelInterface:Remote:Serializable:AMapReduceTracer:PropertyChangeListener:EventListener:AMapReduceTracer:@ModelClass:Serializable:Remote:AMapReduceTracer:AMapReduceTracer:AMapReduceTracer:@ReducerClass:AMapReduceTracer:AMapReduceTracer:AMapReduceTracer:@BarrierClass:MapReduceConfiguration:AMapReduceTracer:AMapReduceTracer:@RemoteClientObjectClass+@RemoteClientObjectInterface:Remote:Serializable:AMapReduceTracer:AMapReduceTracer:Runnable:@SlaveClass:AMapReduceTracer:Remote:Serializable:AMapReduceTracer:@PartitionerClass:AMapReduceTracer:AMapReduceTracer:@JoinerClass:AMapReduceTracer:@ControllerClass:AMapReduceTracer:Runnable:AMapReduceTracer:AMapReduceTracer:@IntSummingMapperClass+@TokenCountingMapperClass:AMapReduceTracer:@IntSummingMapperClass+@TokenCountingMapperClass,a:map:reduce:tracer:model:class:model:class:remote:model:interface:remote:a:map:reduce:tracer:property:change:listener:event:listener:a:map:reduce:tracer:model:class:remote:a:map:reduce:tracer:a:map:reduce:tracer:a:map:reduce:tracer:reducer:class:a:map:reduce:tracer:a:map:reduce:tracer:a:map:reduce:tracer:barrier:class:map:reduce:configuration:a:map:reduce:tracer:a:map:reduce:tracer:remote:client:object:class:remote:client:object:interface:remote:a:map:reduce:tracer:a:map:reduce:tracer:slave:class:a:map:reduce:tracer:remote:a:map:reduce:tracer:partitioner:class:a:map:reduce:tracer:a:map:reduce:tracer:joiner:class:a:map:reduce:tracer:controller:class:a:map:reduce:tracer:a:map:reduce:tracer:a:map:reduce:tracer:int:summing:mapper:class:token:counting:mapper:class:a:map:reduce:tracer:int:summing:mapper:class:token:counting:mapper:class,gradingTools.comp533s19.assignment0.AMapReduceTracer,a:map:reduce:tracer,gradingTools.comp533s19.assignment0.AMapReduceTracer,a:map:reduce:tracer,traceMap,trace:map
model.view.controller.RemoteConnect,remote:connect,@ServerTokenCounter,server:token:counter,start,start,AMapReduceTracer:@ModelClass:@ModelClass+@RemoteModelInterface:Remote:Serializable:AMapReduceTracer:PropertyChangeListener:EventListener:AMapReduceTracer:@ModelClass:Serializable:Remote:AMapReduceTracer:AMapReduceTracer:AMapReduceTracer:@ReducerClass:AMapReduceTracer:AMapReduceTracer:AMapReduceTracer:@BarrierClass:MapReduceConfiguration:AMapReduceTracer:AMapReduceTracer:@RemoteClientObjectClass+@RemoteClientObjectInterface:Remote:Serializable:AMapReduceTracer:AMapReduceTracer:Runnable:@SlaveClass:AMapReduceTracer:Remote:Serializable:AMapReduceTracer:@PartitionerClass:AMapReduceTracer:AMapReduceTracer:@JoinerClass:AMapReduceTracer:@ControllerClass:AMapReduceTracer:Runnable:AMapReduceTracer:AMapReduceTracer:@IntSummingMapperClass+@TokenCountingMapperClass:AMapReduceTracer:@IntSummingMapperClass+@TokenCountingMapperClass,a:map:reduce:tracer:model:class:model:class:remote:model:interface:remote:a:map:reduce:tracer:property:change:listener:event:listener:a:map:reduce:tracer:model:class:remote:a:map:reduce:tracer:a:map:reduce:tracer:a:map:reduce:tracer:reducer:class:a:map:reduce:tracer:a:map:reduce:tracer:a:map:reduce:tracer:barrier:class:map:reduce:configuration:a:map:reduce:tracer:a:map:reduce:tracer:remote:client:object:class:remote:client:object:interface:remote:a:map:reduce:tracer:a:map:reduce:tracer:slave:class:a:map:reduce:tracer:remote:a:map:reduce:tracer:partitioner:class:a:map:reduce:tracer:a:map:reduce:tracer:joiner:class:a:map:reduce:tracer:controller:class:a:map:reduce:tracer:a:map:reduce:tracer:a:map:reduce:tracer:int:summing:mapper:class:token:counting:mapper:class:a:map:reduce:tracer:int:summing:mapper:class:token:counting:mapper:class,model.view.controller.Model,model,@ModelClass,model:class,Model,model
model.view.controller.RemoteConnect,remote:connect,@ServerTokenCounter,server:token:counter,start,start,AMapReduceTracer:@ModelClass:@ModelClass+@RemoteModelInterface:Remote:Serializable:AMapReduceTracer:PropertyChangeListener:EventListener:AMapReduceTracer:@ModelClass:Serializable:Remote:AMapReduceTracer:AMapReduceTracer:AMapReduceTracer:@ReducerClass:AMapReduceTracer:AMapReduceTracer:AMapReduceTracer:@BarrierClass:MapReduceConfiguration:AMapReduceTracer:AMapReduceTracer:@RemoteClientObjectClass+@RemoteClientObjectInterface:Remote:Serializable:AMapReduceTracer:AMapReduceTracer:Runnable:@SlaveClass:AMapReduceTracer:Remote:Serializable:AMapReduceTracer:@PartitionerClass:AMapReduceTracer:AMapReduceTracer:@JoinerClass:AMapReduceTracer:@ControllerClass:AMapReduceTracer:Runnable:AMapReduceTracer:AMapReduceTracer:@IntSummingMapperClass+@TokenCountingMapperClass:AMapReduceTracer:@IntSummingMapperClass+@TokenCountingMapperClass,a:map:reduce:tracer:model:class:model:class:remote:model:interface:remote:a:map:reduce:tracer:property:change:listener:event:listener:a:map:reduce:tracer:model:class:remote:a:map:reduce:tracer:a:map:reduce:tracer:a:map:reduce:tracer:reducer:class:a:map:reduce:tracer:a:map:reduce:tracer:a:map:reduce:tracer:barrier:class:map:reduce:configuration:a:map:reduce:tracer:a:map:reduce:tracer:remote:client:object:class:remote:client:object:interface:remote:a:map:reduce:tracer:a:map:reduce:tracer:slave:class:a:map:reduce:tracer:remote:a:map:reduce:tracer:partitioner:class:a:map:reduce:tracer:a:map:reduce:tracer:joiner:class:a:map:reduce:tracer:controller:class:a:map:reduce:tracer:a:map:reduce:tracer:a:map:reduce:tracer:int:summing:mapper:class:token:counting:mapper:class:a:map:reduce:tracer:int:summing:mapper:class:token:counting:mapper:class,java.rmi.registry.LocateRegistry,locate:registry,java.rmi.registry.LocateRegistry,locate:registry,createRegistry,create:registry
model.view.controller.RemoteConnect,remote:connect,@ServerTokenCounter,server:token:counter,start,start,AMapReduceTracer:@ModelClass:@ModelClass+@RemoteModelInterface:Remote:Serializable:AMapReduceTracer:PropertyChangeListener:EventListener:AMapReduceTracer:@ModelClass:Serializable:Remote:AMapReduceTracer:AMapReduceTracer:AMapReduceTracer:@ReducerClass:AMapReduceTracer:AMapReduceTracer:AMapReduceTracer:@BarrierClass:MapReduceConfiguration:AMapReduceTracer:AMapReduceTracer:@RemoteClientObjectClass+@RemoteClientObjectInterface:Remote:Serializable:AMapReduceTracer:AMapReduceTracer:Runnable:@SlaveClass:AMapReduceTracer:Remote:Serializable:AMapReduceTracer:@PartitionerClass:AMapReduceTracer:AMapReduceTracer:@JoinerClass:AMapReduceTracer:@ControllerClass:AMapReduceTracer:Runnable:AMapReduceTracer:AMapReduceTracer:@IntSummingMapperClass+@TokenCountingMapperClass:AMapReduceTracer:@IntSummingMapperClass+@TokenCountingMapperClass,a:map:reduce:tracer:model:class:model:class:remote:model:interface:remote:a:map:reduce:tracer:property:change:listener:event:listener:a:map:reduce:tracer:model:class:remote:a:map:reduce:tracer:a:map:reduce:tracer:a:map:reduce:tracer:reducer:class:a:map:reduce:tracer:a:map:reduce:tracer:a:map:reduce:tracer:barrier:class:map:reduce:configuration:a:map:reduce:tracer:a:map:reduce:tracer:remote:client:object:class:remote:client:object:interface:remote:a:map:reduce:tracer:a:map:reduce:tracer:slave:class:a:map:reduce:tracer:remote:a:map:reduce:tracer:partitioner:class:a:map:reduce:tracer:a:map:reduce:tracer:joiner:class:a:map:reduce:tracer:controller:class:a:map:reduce:tracer:a:map:reduce:tracer:a:map:reduce:tracer:int:summing:mapper:class:token:counting:mapper:class:a:map:reduce:tracer:int:summing:mapper:class:token:counting:mapper:class,java.rmi.server.UnicastRemoteObject,remote:object,java.rmi.server.UnicastRemoteObject,remote:object,exportObject,export:object
model.view.controller.RemoteConnect,remote:connect,@ServerTokenCounter,server:token:counter,start,start,AMapReduceTracer:@ModelClass:@ModelClass+@RemoteModelInterface:Remote:Serializable:AMapReduceTracer:PropertyChangeListener:EventListener:AMapReduceTracer:@ModelClass:Serializable:Remote:AMapReduceTracer:AMapReduceTracer:AMapReduceTracer:@ReducerClass:AMapReduceTracer:AMapReduceTracer:AMapReduceTracer:@BarrierClass:MapReduceConfiguration:AMapReduceTracer:AMapReduceTracer:@RemoteClientObjectClass+@RemoteClientObjectInterface:Remote:Serializable:AMapReduceTracer:AMapReduceTracer:Runnable:@SlaveClass:AMapReduceTracer:Remote:Serializable:AMapReduceTracer:@PartitionerClass:AMapReduceTracer:AMapReduceTracer:@JoinerClass:AMapReduceTracer:@ControllerClass:AMapReduceTracer:Runnable:AMapReduceTracer:AMapReduceTracer:@IntSummingMapperClass+@TokenCountingMapperClass:AMapReduceTracer:@IntSummingMapperClass+@TokenCountingMapperClass,a:map:reduce:tracer:model:class:model:class:remote:model:interface:remote:a:map:reduce:tracer:property:change:listener:event:listener:a:map:reduce:tracer:model:class:remote:a:map:reduce:tracer:a:map:reduce:tracer:a:map:reduce:tracer:reducer:class:a:map:reduce:tracer:a:map:reduce:tracer:a:map:reduce:tracer:barrier:class:map:reduce:configuration:a:map:reduce:tracer:a:map:reduce:tracer:remote:client:object:class:remote:client:object:interface:remote:a:map:reduce:tracer:a:map:reduce:tracer:slave:class:a:map:reduce:tracer:remote:a:map:reduce:tracer:partitioner:class:a:map:reduce:tracer:a:map:reduce:tracer:joiner:class:a:map:reduce:tracer:controller:class:a:map:reduce:tracer:a:map:reduce:tracer:a:map:reduce:tracer:int:summing:mapper:class:token:counting:mapper:class:a:map:reduce:tracer:int:summing:mapper:class:token:counting:mapper:class,java.rmi.registry.Registry,registry,java.rmi.registry.Registry,registry,rebind,rebind
model.view.controller.RemoteConnect,remote:connect,@ServerTokenCounter,server:token:counter,start,start,AMapReduceTracer:@ModelClass:@ModelClass+@RemoteModelInterface:Remote:Serializable:AMapReduceTracer:PropertyChangeListener:EventListener:AMapReduceTracer:@ModelClass:Serializable:Remote:AMapReduceTracer:AMapReduceTracer:AMapReduceTracer:@ReducerClass:AMapReduceTracer:AMapReduceTracer:AMapReduceTracer:@BarrierClass:MapReduceConfiguration:AMapReduceTracer:AMapReduceTracer:@RemoteClientObjectClass+@RemoteClientObjectInterface:Remote:Serializable:AMapReduceTracer:AMapReduceTracer:Runnable:@SlaveClass:AMapReduceTracer:Remote:Serializable:AMapReduceTracer:@PartitionerClass:AMapReduceTracer:AMapReduceTracer:@JoinerClass:AMapReduceTracer:@ControllerClass:AMapReduceTracer:Runnable:AMapReduceTracer:AMapReduceTracer:@IntSummingMapperClass+@TokenCountingMapperClass:AMapReduceTracer:@IntSummingMapperClass+@TokenCountingMapperClass,a:map:reduce:tracer:model:class:model:class:remote:model:interface:remote:a:map:reduce:tracer:property:change:listener:event:listener:a:map:reduce:tracer:model:class:remote:a:map:reduce:tracer:a:map:reduce:tracer:a:map:reduce:tracer:reducer:class:a:map:reduce:tracer:a:map:reduce:tracer:a:map:reduce:tracer:barrier:class:map:reduce:configuration:a:map:reduce:tracer:a:map:reduce:tracer:remote:client:object:class:remote:client:object:interface:remote:a:map:reduce:tracer:a:map:reduce:tracer:slave:class:a:map:reduce:tracer:remote:a:map:reduce:tracer:partitioner:class:a:map:reduce:tracer:a:map:reduce:tracer:joiner:class:a:map:reduce:tracer:controller:class:a:map:reduce:tracer:a:map:reduce:tracer:a:map:reduce:tracer:int:summing:mapper:class:token:counting:mapper:class:a:map:reduce:tracer:int:summing:mapper:class:token:counting:mapper:class,java.rmi.RemoteException,remote:exception,java.rmi.RemoteException,remote:exception,printStackTrace,print:stack:trace
model.view.controller.RemoteConnect,remote:connect,@ServerTokenCounter,server:token:counter,start,start,AMapReduceTracer:@ModelClass:@ModelClass+@RemoteModelInterface:Remote:Serializable:AMapReduceTracer:PropertyChangeListener:EventListener:AMapReduceTracer:@ModelClass:Serializable:Remote:AMapReduceTracer:AMapReduceTracer:AMapReduceTracer:@ReducerClass:AMapReduceTracer:AMapReduceTracer:AMapReduceTracer:@BarrierClass:MapReduceConfiguration:AMapReduceTracer:AMapReduceTracer:@RemoteClientObjectClass+@RemoteClientObjectInterface:Remote:Serializable:AMapReduceTracer:AMapReduceTracer:Runnable:@SlaveClass:AMapReduceTracer:Remote:Serializable:AMapReduceTracer:@PartitionerClass:AMapReduceTracer:AMapReduceTracer:@JoinerClass:AMapReduceTracer:@ControllerClass:AMapReduceTracer:Runnable:AMapReduceTracer:AMapReduceTracer:@IntSummingMapperClass+@TokenCountingMapperClass:AMapReduceTracer:@IntSummingMapperClass+@TokenCountingMapperClass,a:map:reduce:tracer:model:class:model:class:remote:model:interface:remote:a:map:reduce:tracer:property:change:listener:event:listener:a:map:reduce:tracer:model:class:remote:a:map:reduce:tracer:a:map:reduce:tracer:a:map:reduce:tracer:reducer:class:a:map:reduce:tracer:a:map:reduce:tracer:a:map:reduce:tracer:barrier:class:map:reduce:configuration:a:map:reduce:tracer:a:map:reduce:tracer:remote:client:object:class:remote:client:object:interface:remote:a:map:reduce:tracer:a:map:reduce:tracer:slave:class:a:map:reduce:tracer:remote:a:map:reduce:tracer:partitioner:class:a:map:reduce:tracer:a:map:reduce:tracer:joiner:class:a:map:reduce:tracer:controller:class:a:map:reduce:tracer:a:map:reduce:tracer:a:map:reduce:tracer:int:summing:mapper:class:token:counting:mapper:class:a:map:reduce:tracer:int:summing:mapper:class:token:counting:mapper:class,model.view.controller.View,view,@ViewClass,view:class,View,view
model.view.controller.RemoteConnect,remote:connect,@ServerTokenCounter,server:token:counter,start,start,AMapReduceTracer:@ModelClass:@ModelClass+@RemoteModelInterface:Remote:Serializable:AMapReduceTracer:PropertyChangeListener:EventListener:AMapReduceTracer:@ModelClass:Serializable:Remote:AMapReduceTracer:AMapReduceTracer:AMapReduceTracer:@ReducerClass:AMapReduceTracer:AMapReduceTracer:AMapReduceTracer:@BarrierClass:MapReduceConfiguration:AMapReduceTracer:AMapReduceTracer:@RemoteClientObjectClass+@RemoteClientObjectInterface:Remote:Serializable:AMapReduceTracer:AMapReduceTracer:Runnable:@SlaveClass:AMapReduceTracer:Remote:Serializable:AMapReduceTracer:@PartitionerClass:AMapReduceTracer:AMapReduceTracer:@JoinerClass:AMapReduceTracer:@ControllerClass:AMapReduceTracer:Runnable:AMapReduceTracer:AMapReduceTracer:@IntSummingMapperClass+@TokenCountingMapperClass:AMapReduceTracer:@IntSummingMapperClass+@TokenCountingMapperClass,a:map:reduce:tracer:model:class:model:class:remote:model:interface:remote:a:map:reduce:tracer:property:change:listener:event:listener:a:map:reduce:tracer:model:class:remote:a:map:reduce:tracer:a:map:reduce:tracer:a:map:reduce:tracer:reducer:class:a:map:reduce:tracer:a:map:reduce:tracer:a:map:reduce:tracer:barrier:class:map:reduce:configuration:a:map:reduce:tracer:a:map:reduce:tracer:remote:client:object:class:remote:client:object:interface:remote:a:map:reduce:tracer:a:map:reduce:tracer:slave:class:a:map:reduce:tracer:remote:a:map:reduce:tracer:partitioner:class:a:map:reduce:tracer:a:map:reduce:tracer:joiner:class:a:map:reduce:tracer:controller:class:a:map:reduce:tracer:a:map:reduce:tracer:a:map:reduce:tracer:int:summing:mapper:class:token:counting:mapper:class:a:map:reduce:tracer:int:summing:mapper:class:token:counting:mapper:class,model.view.controller.Model,model,@ModelClass,model:class,addPropertyChangeListener,add:property:change:listener
model.view.controller.RemoteConnect,remote:connect,@ServerTokenCounter,server:token:counter,start,start,AMapReduceTracer:@ModelClass:@ModelClass+@RemoteModelInterface:Remote:Serializable:AMapReduceTracer:PropertyChangeListener:EventListener:AMapReduceTracer:@ModelClass:Serializable:Remote:AMapReduceTracer:AMapReduceTracer:AMapReduceTracer:@ReducerClass:AMapReduceTracer:AMapReduceTracer:AMapReduceTracer:@BarrierClass:MapReduceConfiguration:AMapReduceTracer:AMapReduceTracer:@RemoteClientObjectClass+@RemoteClientObjectInterface:Remote:Serializable:AMapReduceTracer:AMapReduceTracer:Runnable:@SlaveClass:AMapReduceTracer:Remote:Serializable:AMapReduceTracer:@PartitionerClass:AMapReduceTracer:AMapReduceTracer:@JoinerClass:AMapReduceTracer:@ControllerClass:AMapReduceTracer:Runnable:AMapReduceTracer:AMapReduceTracer:@IntSummingMapperClass+@TokenCountingMapperClass:AMapReduceTracer:@IntSummingMapperClass+@TokenCountingMapperClass,a:map:reduce:tracer:model:class:model:class:remote:model:interface:remote:a:map:reduce:tracer:property:change:listener:event:listener:a:map:reduce:tracer:model:class:remote:a:map:reduce:tracer:a:map:reduce:tracer:a:map:reduce:tracer:reducer:class:a:map:reduce:tracer:a:map:reduce:tracer:a:map:reduce:tracer:barrier:class:map:reduce:configuration:a:map:reduce:tracer:a:map:reduce:tracer:remote:client:object:class:remote:client:object:interface:remote:a:map:reduce:tracer:a:map:reduce:tracer:slave:class:a:map:reduce:tracer:remote:a:map:reduce:tracer:partitioner:class:a:map:reduce:tracer:a:map:reduce:tracer:joiner:class:a:map:reduce:tracer:controller:class:a:map:reduce:tracer:a:map:reduce:tracer:a:map:reduce:tracer:int:summing:mapper:class:token:counting:mapper:class:a:map:reduce:tracer:int:summing:mapper:class:token:counting:mapper:class,model.view.controller.Controller,controller,@ControllerClass,controller:class,Controller,controller
model.view.controller.RemoteConnect,remote:connect,@ServerTokenCounter,server:token:counter,start,start,AMapReduceTracer:@ModelClass:@ModelClass+@RemoteModelInterface:Remote:Serializable:AMapReduceTracer:PropertyChangeListener:EventListener:AMapReduceTracer:@ModelClass:Serializable:Remote:AMapReduceTracer:AMapReduceTracer:AMapReduceTracer:@ReducerClass:AMapReduceTracer:AMapReduceTracer:AMapReduceTracer:@BarrierClass:MapReduceConfiguration:AMapReduceTracer:AMapReduceTracer:@RemoteClientObjectClass+@RemoteClientObjectInterface:Remote:Serializable:AMapReduceTracer:AMapReduceTracer:Runnable:@SlaveClass:AMapReduceTracer:Remote:Serializable:AMapReduceTracer:@PartitionerClass:AMapReduceTracer:AMapReduceTracer:@JoinerClass:AMapReduceTracer:@ControllerClass:AMapReduceTracer:Runnable:AMapReduceTracer:AMapReduceTracer:@IntSummingMapperClass+@TokenCountingMapperClass:AMapReduceTracer:@IntSummingMapperClass+@TokenCountingMapperClass,a:map:reduce:tracer:model:class:model:class:remote:model:interface:remote:a:map:reduce:tracer:property:change:listener:event:listener:a:map:reduce:tracer:model:class:remote:a:map:reduce:tracer:a:map:reduce:tracer:a:map:reduce:tracer:reducer:class:a:map:reduce:tracer:a:map:reduce:tracer:a:map:reduce:tracer:barrier:class:map:reduce:configuration:a:map:reduce:tracer:a:map:reduce:tracer:remote:client:object:class:remote:client:object:interface:remote:a:map:reduce:tracer:a:map:reduce:tracer:slave:class:a:map:reduce:tracer:remote:a:map:reduce:tracer:partitioner:class:a:map:reduce:tracer:a:map:reduce:tracer:joiner:class:a:map:reduce:tracer:controller:class:a:map:reduce:tracer:a:map:reduce:tracer:a:map:reduce:tracer:int:summing:mapper:class:token:counting:mapper:class:a:map:reduce:tracer:int:summing:mapper:class:token:counting:mapper:class,java.util.Scanner,scanner,java.util.Scanner,scanner,Scanner,scanner
model.view.controller.RemoteConnect,remote:connect,@ServerTokenCounter,server:token:counter,start,start,AMapReduceTracer:@ModelClass:@ModelClass+@RemoteModelInterface:Remote:Serializable:AMapReduceTracer:PropertyChangeListener:EventListener:AMapReduceTracer:@ModelClass:Serializable:Remote:AMapReduceTracer:AMapReduceTracer:AMapReduceTracer:@ReducerClass:AMapReduceTracer:AMapReduceTracer:AMapReduceTracer:@BarrierClass:MapReduceConfiguration:AMapReduceTracer:AMapReduceTracer:@RemoteClientObjectClass+@RemoteClientObjectInterface:Remote:Serializable:AMapReduceTracer:AMapReduceTracer:Runnable:@SlaveClass:AMapReduceTracer:Remote:Serializable:AMapReduceTracer:@PartitionerClass:AMapReduceTracer:AMapReduceTracer:@JoinerClass:AMapReduceTracer:@ControllerClass:AMapReduceTracer:Runnable:AMapReduceTracer:AMapReduceTracer:@IntSummingMapperClass+@TokenCountingMapperClass:AMapReduceTracer:@IntSummingMapperClass+@TokenCountingMapperClass,a:map:reduce:tracer:model:class:model:class:remote:model:interface:remote:a:map:reduce:tracer:property:change:listener:event:listener:a:map:reduce:tracer:model:class:remote:a:map:reduce:tracer:a:map:reduce:tracer:a:map:reduce:tracer:reducer:class:a:map:reduce:tracer:a:map:reduce:tracer:a:map:reduce:tracer:barrier:class:map:reduce:configuration:a:map:reduce:tracer:a:map:reduce:tracer:remote:client:object:class:remote:client:object:interface:remote:a:map:reduce:tracer:a:map:reduce:tracer:slave:class:a:map:reduce:tracer:remote:a:map:reduce:tracer:partitioner:class:a:map:reduce:tracer:a:map:reduce:tracer:joiner:class:a:map:reduce:tracer:controller:class:a:map:reduce:tracer:a:map:reduce:tracer:a:map:reduce:tracer:int:summing:mapper:class:token:counting:mapper:class:a:map:reduce:tracer:int:summing:mapper:class:token:counting:mapper:class,model.view.controller.Controller,controller,@ControllerClass,controller:class,gatherInputFromScanner,gather:input:from:scanner
model.view.controller.RemoteConnect,remote:connect,@ServerTokenCounter,server:token:counter,main,main,AMapReduceTracer:@ModelClass:@ModelClass+@RemoteModelInterface:Remote:Serializable:AMapReduceTracer:PropertyChangeListener:EventListener:AMapReduceTracer:@ModelClass:Serializable:Remote:AMapReduceTracer:AMapReduceTracer:AMapReduceTracer:@ReducerClass:AMapReduceTracer:AMapReduceTracer:AMapReduceTracer:@BarrierClass:MapReduceConfiguration:AMapReduceTracer:AMapReduceTracer:@RemoteClientObjectClass+@RemoteClientObjectInterface:Remote:Serializable:AMapReduceTracer:AMapReduceTracer:Runnable:@SlaveClass:AMapReduceTracer:Remote:Serializable:AMapReduceTracer:@PartitionerClass:AMapReduceTracer:AMapReduceTracer:@JoinerClass:AMapReduceTracer:@ControllerClass:AMapReduceTracer:Runnable:AMapReduceTracer:AMapReduceTracer:@IntSummingMapperClass+@TokenCountingMapperClass:AMapReduceTracer:@IntSummingMapperClass+@TokenCountingMapperClass,a:map:reduce:tracer:model:class:model:class:remote:model:interface:remote:a:map:reduce:tracer:property:change:listener:event:listener:a:map:reduce:tracer:model:class:remote:a:map:reduce:tracer:a:map:reduce:tracer:a:map:reduce:tracer:reducer:class:a:map:reduce:tracer:a:map:reduce:tracer:a:map:reduce:tracer:barrier:class:map:reduce:configuration:a:map:reduce:tracer:a:map:reduce:tracer:remote:client:object:class:remote:client:object:interface:remote:a:map:reduce:tracer:a:map:reduce:tracer:slave:class:a:map:reduce:tracer:remote:a:map:reduce:tracer:partitioner:class:a:map:reduce:tracer:a:map:reduce:tracer:joiner:class:a:map:reduce:tracer:controller:class:a:map:reduce:tracer:a:map:reduce:tracer:a:map:reduce:tracer:int:summing:mapper:class:token:counting:mapper:class:a:map:reduce:tracer:int:summing:mapper:class:token:counting:mapper:class,model.view.controller.RemoteConnect,remote:connect,@ServerTokenCounter,server:token:counter,start,start
facebook.RemoteFacebookEntry,remote:facebook:entry,@ServerFacebookMapReduce,server:facebook:map:reduce,start,start,AMapReduceTracer:@ModelClass:@ModelClass+@RemoteModelInterface:Remote:Serializable:AMapReduceTracer:PropertyChangeListener:EventListener:AMapReduceTracer:@ModelClass:Serializable:Remote:AMapReduceTracer:AMapReduceTracer:AMapReduceTracer:@ReducerClass:AMapReduceTracer:AMapReduceTracer:AMapReduceTracer:@BarrierClass:MapReduceConfiguration:AMapReduceTracer:AMapReduceTracer:@RemoteClientObjectClass+@RemoteClientObjectInterface:Remote:Serializable:AMapReduceTracer:AMapReduceTracer:Runnable:@SlaveClass:AMapReduceTracer:Remote:Serializable:AMapReduceTracer:@PartitionerClass:AMapReduceTracer:AMapReduceTracer:@JoinerClass:AMapReduceTracer:@ControllerClass:AMapReduceTracer:Runnable:AMapReduceTracer:AMapReduceTracer:@IntSummingMapperClass+@TokenCountingMapperClass:AMapReduceTracer:@IntSummingMapperClass+@TokenCountingMapperClass,a:map:reduce:tracer:model:class:model:class:remote:model:interface:remote:a:map:reduce:tracer:property:change:listener:event:listener:a:map:reduce:tracer:model:class:remote:a:map:reduce:tracer:a:map:reduce:tracer:a:map:reduce:tracer:reducer:class:a:map:reduce:tracer:a:map:reduce:tracer:a:map:reduce:tracer:barrier:class:map:reduce:configuration:a:map:reduce:tracer:a:map:reduce:tracer:remote:client:object:class:remote:client:object:interface:remote:a:map:reduce:tracer:a:map:reduce:tracer:slave:class:a:map:reduce:tracer:remote:a:map:reduce:tracer:partitioner:class:a:map:reduce:tracer:a:map:reduce:tracer:joiner:class:a:map:reduce:tracer:controller:class:a:map:reduce:tracer:a:map:reduce:tracer:a:map:reduce:tracer:int:summing:mapper:class:token:counting:mapper:class:a:map:reduce:tracer:int:summing:mapper:class:token:counting:mapper:class,java.rmi.registry.LocateRegistry,locate:registry,java.rmi.registry.LocateRegistry,locate:registry,createRegistry,create:registry
facebook.RemoteFacebookEntry,remote:facebook:entry,@ServerFacebookMapReduce,server:facebook:map:reduce,start,start,AMapReduceTracer:@ModelClass:@ModelClass+@RemoteModelInterface:Remote:Serializable:AMapReduceTracer:PropertyChangeListener:EventListener:AMapReduceTracer:@ModelClass:Serializable:Remote:AMapReduceTracer:AMapReduceTracer:AMapReduceTracer:@ReducerClass:AMapReduceTracer:AMapReduceTracer:AMapReduceTracer:@BarrierClass:MapReduceConfiguration:AMapReduceTracer:AMapReduceTracer:@RemoteClientObjectClass+@RemoteClientObjectInterface:Remote:Serializable:AMapReduceTracer:AMapReduceTracer:Runnable:@SlaveClass:AMapReduceTracer:Remote:Serializable:AMapReduceTracer:@PartitionerClass:AMapReduceTracer:AMapReduceTracer:@JoinerClass:AMapReduceTracer:@ControllerClass:AMapReduceTracer:Runnable:AMapReduceTracer:AMapReduceTracer:@IntSummingMapperClass+@TokenCountingMapperClass:AMapReduceTracer:@IntSummingMapperClass+@TokenCountingMapperClass,a:map:reduce:tracer:model:class:model:class:remote:model:interface:remote:a:map:reduce:tracer:property:change:listener:event:listener:a:map:reduce:tracer:model:class:remote:a:map:reduce:tracer:a:map:reduce:tracer:a:map:reduce:tracer:reducer:class:a:map:reduce:tracer:a:map:reduce:tracer:a:map:reduce:tracer:barrier:class:map:reduce:configuration:a:map:reduce:tracer:a:map:reduce:tracer:remote:client:object:class:remote:client:object:interface:remote:a:map:reduce:tracer:a:map:reduce:tracer:slave:class:a:map:reduce:tracer:remote:a:map:reduce:tracer:partitioner:class:a:map:reduce:tracer:a:map:reduce:tracer:joiner:class:a:map:reduce:tracer:controller:class:a:map:reduce:tracer:a:map:reduce:tracer:a:map:reduce:tracer:int:summing:mapper:class:token:counting:mapper:class:a:map:reduce:tracer:int:summing:mapper:class:token:counting:mapper:class,java.rmi.server.UnicastRemoteObject,remote:object,java.rmi.server.UnicastRemoteObject,remote:object,exportObject,export:object
facebook.RemoteFacebookEntry,remote:facebook:entry,@ServerFacebookMapReduce,server:facebook:map:reduce,start,start,AMapReduceTracer:@ModelClass:@ModelClass+@RemoteModelInterface:Remote:Serializable:AMapReduceTracer:PropertyChangeListener:EventListener:AMapReduceTracer:@ModelClass:Serializable:Remote:AMapReduceTracer:AMapReduceTracer:AMapReduceTracer:@ReducerClass:AMapReduceTracer:AMapReduceTracer:AMapReduceTracer:@BarrierClass:MapReduceConfiguration:AMapReduceTracer:AMapReduceTracer:@RemoteClientObjectClass+@RemoteClientObjectInterface:Remote:Serializable:AMapReduceTracer:AMapReduceTracer:Runnable:@SlaveClass:AMapReduceTracer:Remote:Serializable:AMapReduceTracer:@PartitionerClass:AMapReduceTracer:AMapReduceTracer:@JoinerClass:AMapReduceTracer:@ControllerClass:AMapReduceTracer:Runnable:AMapReduceTracer:AMapReduceTracer:@IntSummingMapperClass+@TokenCountingMapperClass:AMapReduceTracer:@IntSummingMapperClass+@TokenCountingMapperClass,a:map:reduce:tracer:model:class:model:class:remote:model:interface:remote:a:map:reduce:tracer:property:change:listener:event:listener:a:map:reduce:tracer:model:class:remote:a:map:reduce:tracer:a:map:reduce:tracer:a:map:reduce:tracer:reducer:class:a:map:reduce:tracer:a:map:reduce:tracer:a:map:reduce:tracer:barrier:class:map:reduce:configuration:a:map:reduce:tracer:a:map:reduce:tracer:remote:client:object:class:remote:client:object:interface:remote:a:map:reduce:tracer:a:map:reduce:tracer:slave:class:a:map:reduce:tracer:remote:a:map:reduce:tracer:partitioner:class:a:map:reduce:tracer:a:map:reduce:tracer:joiner:class:a:map:reduce:tracer:controller:class:a:map:reduce:tracer:a:map:reduce:tracer:a:map:reduce:tracer:int:summing:mapper:class:token:counting:mapper:class:a:map:reduce:tracer:int:summing:mapper:class:token:counting:mapper:class,java.rmi.registry.Registry,registry,java.rmi.registry.Registry,registry,rebind,rebind
facebook.RemoteFacebookEntry,remote:facebook:entry,@ServerFacebookMapReduce,server:facebook:map:reduce,start,start,AMapReduceTracer:@ModelClass:@ModelClass+@RemoteModelInterface:Remote:Serializable:AMapReduceTracer:PropertyChangeListener:EventListener:AMapReduceTracer:@ModelClass:Serializable:Remote:AMapReduceTracer:AMapReduceTracer:AMapReduceTracer:@ReducerClass:AMapReduceTracer:AMapReduceTracer:AMapReduceTracer:@BarrierClass:MapReduceConfiguration:AMapReduceTracer:AMapReduceTracer:@RemoteClientObjectClass+@RemoteClientObjectInterface:Remote:Serializable:AMapReduceTracer:AMapReduceTracer:Runnable:@SlaveClass:AMapReduceTracer:Remote:Serializable:AMapReduceTracer:@PartitionerClass:AMapReduceTracer:AMapReduceTracer:@JoinerClass:AMapReduceTracer:@ControllerClass:AMapReduceTracer:Runnable:AMapReduceTracer:AMapReduceTracer:@IntSummingMapperClass+@TokenCountingMapperClass:AMapReduceTracer:@IntSummingMapperClass+@TokenCountingMapperClass,a:map:reduce:tracer:model:class:model:class:remote:model:interface:remote:a:map:reduce:tracer:property:change:listener:event:listener:a:map:reduce:tracer:model:class:remote:a:map:reduce:tracer:a:map:reduce:tracer:a:map:reduce:tracer:reducer:class:a:map:reduce:tracer:a:map:reduce:tracer:a:map:reduce:tracer:barrier:class:map:reduce:configuration:a:map:reduce:tracer:a:map:reduce:tracer:remote:client:object:class:remote:client:object:interface:remote:a:map:reduce:tracer:a:map:reduce:tracer:slave:class:a:map:reduce:tracer:remote:a:map:reduce:tracer:partitioner:class:a:map:reduce:tracer:a:map:reduce:tracer:joiner:class:a:map:reduce:tracer:controller:class:a:map:reduce:tracer:a:map:reduce:tracer:a:map:reduce:tracer:int:summing:mapper:class:token:counting:mapper:class:a:map:reduce:tracer:int:summing:mapper:class:token:counting:mapper:class,java.rmi.RemoteException,remote:exception,java.rmi.RemoteException,remote:exception,printStackTrace,print:stack:trace
facebook.RemoteFacebookEntry,remote:facebook:entry,@ServerFacebookMapReduce,server:facebook:map:reduce,start,start,AMapReduceTracer:@ModelClass:@ModelClass+@RemoteModelInterface:Remote:Serializable:AMapReduceTracer:PropertyChangeListener:EventListener:AMapReduceTracer:@ModelClass:Serializable:Remote:AMapReduceTracer:AMapReduceTracer:AMapReduceTracer:@ReducerClass:AMapReduceTracer:AMapReduceTracer:AMapReduceTracer:@BarrierClass:MapReduceConfiguration:AMapReduceTracer:AMapReduceTracer:@RemoteClientObjectClass+@RemoteClientObjectInterface:Remote:Serializable:AMapReduceTracer:AMapReduceTracer:Runnable:@SlaveClass:AMapReduceTracer:Remote:Serializable:AMapReduceTracer:@PartitionerClass:AMapReduceTracer:AMapReduceTracer:@JoinerClass:AMapReduceTracer:@ControllerClass:AMapReduceTracer:Runnable:AMapReduceTracer:AMapReduceTracer:@IntSummingMapperClass+@TokenCountingMapperClass:AMapReduceTracer:@IntSummingMapperClass+@TokenCountingMapperClass,a:map:reduce:tracer:model:class:model:class:remote:model:interface:remote:a:map:reduce:tracer:property:change:listener:event:listener:a:map:reduce:tracer:model:class:remote:a:map:reduce:tracer:a:map:reduce:tracer:a:map:reduce:tracer:reducer:class:a:map:reduce:tracer:a:map:reduce:tracer:a:map:reduce:tracer:barrier:class:map:reduce:configuration:a:map:reduce:tracer:a:map:reduce:tracer:remote:client:object:class:remote:client:object:interface:remote:a:map:reduce:tracer:a:map:reduce:tracer:slave:class:a:map:reduce:tracer:remote:a:map:reduce:tracer:partitioner:class:a:map:reduce:tracer:a:map:reduce:tracer:joiner:class:a:map:reduce:tracer:controller:class:a:map:reduce:tracer:a:map:reduce:tracer:a:map:reduce:tracer:int:summing:mapper:class:token:counting:mapper:class:a:map:reduce:tracer:int:summing:mapper:class:token:counting:mapper:class,model.view.controller.View,view,@ViewClass,view:class,View,view
facebook.RemoteFacebookEntry,remote:facebook:entry,@ServerFacebookMapReduce,server:facebook:map:reduce,start,start,AMapReduceTracer:@ModelClass:@ModelClass+@RemoteModelInterface:Remote:Serializable:AMapReduceTracer:PropertyChangeListener:EventListener:AMapReduceTracer:@ModelClass:Serializable:Remote:AMapReduceTracer:AMapReduceTracer:AMapReduceTracer:@ReducerClass:AMapReduceTracer:AMapReduceTracer:AMapReduceTracer:@BarrierClass:MapReduceConfiguration:AMapReduceTracer:AMapReduceTracer:@RemoteClientObjectClass+@RemoteClientObjectInterface:Remote:Serializable:AMapReduceTracer:AMapReduceTracer:Runnable:@SlaveClass:AMapReduceTracer:Remote:Serializable:AMapReduceTracer:@PartitionerClass:AMapReduceTracer:AMapReduceTracer:@JoinerClass:AMapReduceTracer:@ControllerClass:AMapReduceTracer:Runnable:AMapReduceTracer:AMapReduceTracer:@IntSummingMapperClass+@TokenCountingMapperClass:AMapReduceTracer:@IntSummingMapperClass+@TokenCountingMapperClass,a:map:reduce:tracer:model:class:model:class:remote:model:interface:remote:a:map:reduce:tracer:property:change:listener:event:listener:a:map:reduce:tracer:model:class:remote:a:map:reduce:tracer:a:map:reduce:tracer:a:map:reduce:tracer:reducer:class:a:map:reduce:tracer:a:map:reduce:tracer:a:map:reduce:tracer:barrier:class:map:reduce:configuration:a:map:reduce:tracer:a:map:reduce:tracer:remote:client:object:class:remote:client:object:interface:remote:a:map:reduce:tracer:a:map:reduce:tracer:slave:class:a:map:reduce:tracer:remote:a:map:reduce:tracer:partitioner:class:a:map:reduce:tracer:a:map:reduce:tracer:joiner:class:a:map:reduce:tracer:controller:class:a:map:reduce:tracer:a:map:reduce:tracer:a:map:reduce:tracer:int:summing:mapper:class:token:counting:mapper:class:a:map:reduce:tracer:int:summing:mapper:class:token:counting:mapper:class,java.util.Scanner,scanner,java.util.Scanner,scanner,Scanner,scanner
facebook.RemoteFacebookEntry,remote:facebook:entry,@ServerFacebookMapReduce,server:facebook:map:reduce,main,main,AMapReduceTracer:@ModelClass:@ModelClass+@RemoteModelInterface:Remote:Serializable:AMapReduceTracer:PropertyChangeListener:EventListener:AMapReduceTracer:@ModelClass:Serializable:Remote:AMapReduceTracer:AMapReduceTracer:AMapReduceTracer:@ReducerClass:AMapReduceTracer:AMapReduceTracer:AMapReduceTracer:@BarrierClass:MapReduceConfiguration:AMapReduceTracer:AMapReduceTracer:@RemoteClientObjectClass+@RemoteClientObjectInterface:Remote:Serializable:AMapReduceTracer:AMapReduceTracer:Runnable:@SlaveClass:AMapReduceTracer:Remote:Serializable:AMapReduceTracer:@PartitionerClass:AMapReduceTracer:AMapReduceTracer:@JoinerClass:AMapReduceTracer:@ControllerClass:AMapReduceTracer:Runnable:AMapReduceTracer:AMapReduceTracer:@IntSummingMapperClass+@TokenCountingMapperClass:AMapReduceTracer:@IntSummingMapperClass+@TokenCountingMapperClass,a:map:reduce:tracer:model:class:model:class:remote:model:interface:remote:a:map:reduce:tracer:property:change:listener:event:listener:a:map:reduce:tracer:model:class:remote:a:map:reduce:tracer:a:map:reduce:tracer:a:map:reduce:tracer:reducer:class:a:map:reduce:tracer:a:map:reduce:tracer:a:map:reduce:tracer:barrier:class:map:reduce:configuration:a:map:reduce:tracer:a:map:reduce:tracer:remote:client:object:class:remote:client:object:interface:remote:a:map:reduce:tracer:a:map:reduce:tracer:slave:class:a:map:reduce:tracer:remote:a:map:reduce:tracer:partitioner:class:a:map:reduce:tracer:a:map:reduce:tracer:joiner:class:a:map:reduce:tracer:controller:class:a:map:reduce:tracer:a:map:reduce:tracer:a:map:reduce:tracer:int:summing:mapper:class:token:counting:mapper:class:a:map:reduce:tracer:int:summing:mapper:class:token:counting:mapper:class,facebook.RemoteFacebookEntry,remote:facebook:entry,@ServerFacebookMapReduce,server:facebook:map:reduce,start,start
